solid Spur gear (15 teeth). STL generated by ONSHAPE BY PTC INC, 1.213. Units = meters
   facet normal 0.92388 0.382683 0
      outer loop
         vertex 0.00861418 -0.000574025 0
         vertex 0.0085 1.47084e-16 0
         vertex 0.0085 1.47451e-16 0.003
      endloop
   endfacet
   facet normal 0.707107 0.707107 0
      outer loop
         vertex 0.00893934 -0.00106066 0
         vertex 0.00861418 -0.000574025 0
         vertex 0.00861418 -0.000574025 0.003
      endloop
   endfacet
   facet normal 0.382683 0.92388 0
      outer loop
         vertex 0.00942597 -0.00138582 0
         vertex 0.00893934 -0.00106066 0
         vertex 0.00893934 -0.00106066 0.003
      endloop
   endfacet
   facet normal -1.83697e-16 1 0
      outer loop
         vertex 0.01 -0.0015 0
         vertex 0.00942597 -0.00138582 0
         vertex 0.00942597 -0.00138582 0.003
      endloop
   endfacet
   facet normal -0.382683 0.92388 0
      outer loop
         vertex 0.010574 -0.00138582 0
         vertex 0.01 -0.0015 0
         vertex 0.01 -0.0015 0.003
      endloop
   endfacet
   facet normal -0.707107 0.707107 0
      outer loop
         vertex 0.0110607 -0.00106066 0
         vertex 0.010574 -0.00138582 0
         vertex 0.010574 -0.00138582 0.003
      endloop
   endfacet
   facet normal -0.92388 0.382683 0
      outer loop
         vertex 0.0113858 -0.000574025 0
         vertex 0.0110607 -0.00106066 0
         vertex 0.0110607 -0.00106066 0.003
      endloop
   endfacet
   facet normal -1 -1.22465e-16 0
      outer loop
         vertex 0.0115 1.48003e-16 0
         vertex 0.0113858 -0.000574025 0
         vertex 0.0113858 -0.000574025 0.003
      endloop
   endfacet
   facet normal -0.92388 -0.382683 0
      outer loop
         vertex 0.0113858 0.000574025 0
         vertex 0.0115 1.48003e-16 0
         vertex 0.0115 1.47635e-16 0.003
      endloop
   endfacet
   facet normal -0.707107 -0.707107 0
      outer loop
         vertex 0.0110607 0.00106066 0
         vertex 0.0113858 0.000574025 0
         vertex 0.0113858 0.000574025 0.003
      endloop
   endfacet
   facet normal -0.382683 -0.92388 0
      outer loop
         vertex 0.010574 0.00138582 0
         vertex 0.0110607 0.00106066 0
         vertex 0.0110607 0.00106066 0.003
      endloop
   endfacet
   facet normal 6.12323e-17 -1 0
      outer loop
         vertex 0.01 0.0015 0
         vertex 0.010574 0.00138582 0
         vertex 0.010574 0.00138582 0.003
      endloop
   endfacet
   facet normal 0.382683 -0.92388 0
      outer loop
         vertex 0.00942597 0.00138582 0
         vertex 0.01 0.0015 0
         vertex 0.01 0.0015 0.003
      endloop
   endfacet
   facet normal 0.707107 -0.707107 0
      outer loop
         vertex 0.00893934 0.00106066 0
         vertex 0.00942597 0.00138582 0
         vertex 0.00942597 0.00138582 0.003
      endloop
   endfacet
   facet normal 0.92388 -0.382683 0
      outer loop
         vertex 0.00861418 0.000574025 0
         vertex 0.00893934 0.00106066 0
         vertex 0.00893934 0.00106066 0.003
      endloop
   endfacet
   facet normal 1 2.44929e-16 0
      outer loop
         vertex 0.0085 1.47084e-16 0
         vertex 0.00861418 0.000574025 0
         vertex 0.00861418 0.000574025 0.003
      endloop
   endfacet
   facet normal 0.92388 -0.382683 0
      outer loop
         vertex 0.00861418 0.000574025 0.003
         vertex 0.0085 1.47451e-16 0.003
         vertex 0.0085 1.47084e-16 0
      endloop
   endfacet
   facet normal 0.707107 -0.707107 0
      outer loop
         vertex 0.00893934 0.00106066 0.003
         vertex 0.00861418 0.000574025 0.003
         vertex 0.00861418 0.000574025 0
      endloop
   endfacet
   facet normal 0.382683 -0.92388 0
      outer loop
         vertex 0.00942597 0.00138582 0.003
         vertex 0.00893934 0.00106066 0.003
         vertex 0.00893934 0.00106066 0
      endloop
   endfacet
   facet normal 6.12323e-17 -1 0
      outer loop
         vertex 0.01 0.0015 0.003
         vertex 0.00942597 0.00138582 0.003
         vertex 0.00942597 0.00138582 0
      endloop
   endfacet
   facet normal -0.382683 -0.92388 0
      outer loop
         vertex 0.010574 0.00138582 0.003
         vertex 0.01 0.0015 0.003
         vertex 0.01 0.0015 0
      endloop
   endfacet
   facet normal -0.707107 -0.707107 0
      outer loop
         vertex 0.0110607 0.00106066 0.003
         vertex 0.010574 0.00138582 0.003
         vertex 0.010574 0.00138582 0
      endloop
   endfacet
   facet normal -0.92388 -0.382683 0
      outer loop
         vertex 0.0113858 0.000574025 0.003
         vertex 0.0110607 0.00106066 0.003
         vertex 0.0110607 0.00106066 0
      endloop
   endfacet
   facet normal -1 -1.22465e-16 0
      outer loop
         vertex 0.0115 1.47635e-16 0.003
         vertex 0.0113858 0.000574025 0.003
         vertex 0.0113858 0.000574025 0
      endloop
   endfacet
   facet normal -0.92388 0.382683 0
      outer loop
         vertex 0.0113858 -0.000574025 0.003
         vertex 0.0115 1.47635e-16 0.003
         vertex 0.0115 1.48003e-16 0
      endloop
   endfacet
   facet normal -0.707107 0.707107 0
      outer loop
         vertex 0.0110607 -0.00106066 0.003
         vertex 0.0113858 -0.000574025 0.003
         vertex 0.0113858 -0.000574025 0
      endloop
   endfacet
   facet normal -0.382683 0.92388 0
      outer loop
         vertex 0.010574 -0.00138582 0.003
         vertex 0.0110607 -0.00106066 0.003
         vertex 0.0110607 -0.00106066 0
      endloop
   endfacet
   facet normal -1.83697e-16 1 0
      outer loop
         vertex 0.01 -0.0015 0.003
         vertex 0.010574 -0.00138582 0.003
         vertex 0.010574 -0.00138582 0
      endloop
   endfacet
   facet normal 0.382683 0.92388 0
      outer loop
         vertex 0.00942597 -0.00138582 0.003
         vertex 0.01 -0.0015 0.003
         vertex 0.01 -0.0015 0
      endloop
   endfacet
   facet normal 0.707107 0.707107 0
      outer loop
         vertex 0.00893934 -0.00106066 0.003
         vertex 0.00942597 -0.00138582 0.003
         vertex 0.00942597 -0.00138582 0
      endloop
   endfacet
   facet normal 0.92388 0.382683 0
      outer loop
         vertex 0.00861418 -0.000574025 0.003
         vertex 0.00893934 -0.00106066 0.003
         vertex 0.00893934 -0.00106066 0
      endloop
   endfacet
   facet normal 1 2.44929e-16 0
      outer loop
         vertex 0.0085 1.47451e-16 0.003
         vertex 0.00861418 -0.000574025 0.003
         vertex 0.00861418 -0.000574025 0
      endloop
   endfacet
   facet normal 0 0 1
      outer loop
         vertex 0.00563198 0.00709682 0.003
         vertex 0.00893934 0.00106066 0.003
         vertex 0.00942597 0.00138582 0.003
      endloop
   endfacet
   facet normal 0 0 1
      outer loop
         vertex 0.0185295 -0.00485342 0.003
         vertex 0.0177416 -0.00431677 0.003
         vertex 0.0164978 -0.00602876 0.003
      endloop
   endfacet
   facet normal 0 0 1
      outer loop
         vertex 0.0184571 -0.00696079 0.003
         vertex 0.018905 -0.00701042 0.003
         vertex 0.0194191 -0.00630279 0.003
      endloop
   endfacet
   facet normal 0 0 1
      outer loop
         vertex 0.00942597 0.00138582 0.003
         vertex 0.00603798 0.00733122 0.003
         vertex 0.00563198 0.00709682 0.003
      endloop
   endfacet
   facet normal 0 0 1
      outer loop
         vertex 0.00861418 0.000574025 0.003
         vertex 0.00190073 0.00196119 0.003
         vertex 0.00180326 0.00150263 0.003
      endloop
   endfacet
   facet normal 0 0 1
      outer loop
         vertex 0.00312308 -0.00470664 0.003
         vertex 0.00339864 -0.00508591 0.003
         vertex 0.00893934 -0.00106066 0.003
      endloop
   endfacet
   facet normal 0 0 1
      outer loop
         vertex 0.0172516 -0.0066122 0.003
         vertex 0.0192335 -0.00589214 0.003
         vertex 0.0185295 -0.00485342 0.003
      endloop
   endfacet
   facet normal 0 0 1
      outer loop
         vertex 0.0192335 -0.00589214 0.003
         vertex 0.0172516 -0.0066122 0.003
         vertex 0.0184571 -0.00696079 0.003
      endloop
   endfacet
   facet normal 0 0 1
      outer loop
         vertex 0.0205571 -0.0029192 0.003
         vertex 0.0209865 -0.00278236 0.003
         vertex 0.0211683 -0.00192679 0.003
      endloop
   endfacet
   facet normal 0 0 1
      outer loop
         vertex 0.0193141 -0.00309105 0.003
         vertex 0.0197661 -0.000964579 0.003
         vertex 0.0188281 -0.000794766 0.003
      endloop
   endfacet
   facet normal 0 0 1
      outer loop
         vertex 0.00942597 0.00138582 0.003
         vertex 0.00619705 0.00746095 0.003
         vertex 0.00603798 0.00733122 0.003
      endloop
   endfacet
   facet normal 0 0 1
      outer loop
         vertex 0.00312308 0.00470664 0.003
         vertex 0.00861418 0.000574025 0.003
         vertex 0.00893934 0.00106066 0.003
      endloop
   endfacet
   facet normal 0 0 1
      outer loop
         vertex 0.00180326 0.00150263 0.003
         vertex 0.0085 1.47451e-16 0.003
         vertex 0.00861418 0.000574025 0.003
      endloop
   endfacet
   facet normal 0 0 1
      outer loop
         vertex -0.00132489 0.000437344 0.003
         vertex -0.000933356 -0.000660462 0.003
         vertex 0.000246762 -0.00108699 0.003
      endloop
   endfacet
   facet normal 0 0 1
      outer loop
         vertex 0.00893934 -0.00106066 0.003
         vertex 0.00861418 -0.000574025 0.003
         vertex 0.00312308 -0.00470664 0.003
      endloop
   endfacet
   facet normal 0 0 1
      outer loop
         vertex 0.00889616 -0.0082599 0.003
         vertex 0.00936239 -0.0083089 0.003
         vertex 0.01 -0.0015 0.003
      endloop
   endfacet
   facet normal 0 0 1
      outer loop
         vertex 0.0148947 -0.00979879 0.003
         vertex 0.0152837 -0.0100263 0.003
         vertex 0.0160412 -0.00958897 0.003
      endloop
   endfacet
   facet normal 0 0 1
      outer loop
         vertex 0.015818 -0.00790306 0.003
         vertex 0.0153165 -0.00709237 0.003
         vertex 0.0134839 -0.00815044 0.003
      endloop
   endfacet
   facet normal 0 0 1
      outer loop
         vertex 0.0194191 -0.00630279 0.003
         vertex 0.0192335 -0.00589214 0.003
         vertex 0.0184571 -0.00696079 0.003
      endloop
   endfacet
   facet normal 0 0 1
      outer loop
         vertex 0.0175842 -0.00418501 0.003
         vertex 0.0163238 -0.00591979 0.003
         vertex 0.0164978 -0.00602876 0.003
      endloop
   endfacet
   facet normal 0 0 1
      outer loop
         vertex 0.0211683 -0.00192679 0.003
         vertex 0.0208318 -0.00162714 0.003
         vertex 0.0205571 -0.0029192 0.003
      endloop
   endfacet
   facet normal 0 0 1
      outer loop
         vertex 0.0188281 -0.000794766 0.003
         vertex 0.0183881 -0.00286466 0.003
         vertex 0.0193141 -0.00309105 0.003
      endloop
   endfacet
   facet normal 0 0 1
      outer loop
         vertex 0.0208318 0.00162714 0.003
         vertex 0.0211683 0.00192679 0.003
         vertex 0.0209865 0.00278236 0.003
      endloop
   endfacet
   facet normal 0 0 1
      outer loop
         vertex 0.0193141 0.00309105 0.003
         vertex 0.0183881 0.00286466 0.003
         vertex 0.0188281 0.000794766 0.003
      endloop
   endfacet
   facet normal 0 0 1
      outer loop
         vertex 0.00317498 0.008567 0.003
         vertex 0.00274718 0.00870867 0.003
         vertex 0.00209716 0.00812339 0.003
      endloop
   endfacet
   facet normal 0 0 1
      outer loop
         vertex 0.00219334 0.00768313 0.003
         vertex 0.00489766 0.00724799 0.003
         vertex 0.0042816 0.0079754 0.003
      endloop
   endfacet
   facet normal 0 0 1
      outer loop
         vertex 0.00942597 0.00138582 0.003
         vertex 0.00629712 0.00764017 0.003
         vertex 0.00619705 0.00746095 0.003
      endloop
   endfacet
   facet normal 0 0 1
      outer loop
         vertex 0.00893934 0.00106066 0.003
         vertex 0.00339864 0.00508591 0.003
         vertex 0.00312308 0.00470664 0.003
      endloop
   endfacet
   facet normal 0 0 1
      outer loop
         vertex 0.00893934 0.00106066 0.003
         vertex 0.00219334 0.00768313 0.003
         vertex 0.00332506 0.00583201 0.003
      endloop
   endfacet
   facet normal 0 0 1
      outer loop
         vertex 0.00861418 0.000574025 0.003
         vertex 0.00191076 0.00216621 0.003
         vertex 0.00190073 0.00196119 0.003
      endloop
   endfacet
   facet normal 0 0 1
      outer loop
         vertex 0.00861418 0.000574025 0.003
         vertex -0.000523687 0.00420671 0.003
         vertex 0.00153004 0.00261287 0.003
      endloop
   endfacet
   facet normal 0 0 1
      outer loop
         vertex 0.00153004 0.00261287 0.003
         vertex -0.000523687 0.00420671 0.003
         vertex -0.000256751 0.00384363 0.003
      endloop
   endfacet
   facet normal 0 0 1
      outer loop
         vertex 0.00861418 -0.000574025 0.003
         vertex 0.0085 1.47451e-16 0.003
         vertex 0.00180326 -0.00150263 0.003
      endloop
   endfacet
   facet normal 0 0 1
      outer loop
         vertex -0.00132489 0.000437344 0.003
         vertex 0.00119956 -0.00105807 0.003
         vertex 0.00140434 -0.00107216 0.003
      endloop
   endfacet
   facet normal 0 0 1
      outer loop
         vertex -0.00132489 0.000437344 0.003
         vertex -0.00132489 -0.000437344 0.003
         vertex -0.000933356 -0.000660462 0.003
      endloop
   endfacet
   facet normal 0 0 1
      outer loop
         vertex 0.00861418 -0.000574025 0.003
         vertex 0.00297744 -0.004562 0.003
         vertex 0.00312308 -0.00470664 0.003
      endloop
   endfacet
   facet normal 0 0 1
      outer loop
         vertex -0.000523687 -0.00420671 0.003
         vertex 0.000280517 -0.00505036 0.003
         vertex 0.00153209 -0.00496001 0.003
      endloop
   endfacet
   facet normal 0 0 1
      outer loop
         vertex 0.01 -0.0015 0.003
         vertex 0.00942597 -0.00138582 0.003
         vertex 0.00889616 -0.0082599 0.003
      endloop
   endfacet
   facet normal 0 0 1
      outer loop
         vertex 0.0123512 -0.00799477 0.003
         vertex 0.0127971 -0.0078499 0.003
         vertex 0.010574 -0.00138582 0.003
      endloop
   endfacet
   facet normal 0 0 1
      outer loop
         vertex 0.010486 -0.0109425 0.003
         vertex 0.0107488 -0.0113086 0.003
         vertex 0.0116187 -0.0112171 0.003
      endloop
   endfacet
   facet normal 0 0 1
      outer loop
         vertex 0.0160412 -0.00958897 0.003
         vertex 0.0160387 -0.00913833 0.003
         vertex 0.0148947 -0.00979879 0.003
      endloop
   endfacet
   facet normal 0 0 1
      outer loop
         vertex 0.0134839 -0.00815044 0.003
         vertex 0.0139353 -0.00899005 0.003
         vertex 0.015818 -0.00790306 0.003
      endloop
   endfacet
   facet normal 0 0 1
      outer loop
         vertex 0.0164978 -0.00602876 0.003
         vertex 0.0177416 -0.00431677 0.003
         vertex 0.0175842 -0.00418501 0.003
      endloop
   endfacet
   facet normal 0 0 1
      outer loop
         vertex 0.0193141 -0.00309105 0.003
         vertex 0.0205571 -0.0029192 0.003
         vertex 0.0197661 -0.000964579 0.003
      endloop
   endfacet
   facet normal 0 0 1
      outer loop
         vertex 0.0186307 -0.000738412 0.003
         vertex 0.0181849 -0.00283586 0.003
         vertex 0.0183881 -0.00286466 0.003
      endloop
   endfacet
   facet normal 0 0 1
      outer loop
         vertex 0.0209865 0.00278236 0.003
         vertex 0.0205571 0.0029192 0.003
         vertex 0.0208318 0.00162714 0.003
      endloop
   endfacet
   facet normal 0 0 1
      outer loop
         vertex 0.0188281 0.000794766 0.003
         vertex 0.0197661 0.000964579 0.003
         vertex 0.0193141 0.00309105 0.003
      endloop
   endfacet
   facet normal 0 0 1
      outer loop
         vertex 0.00942597 0.00138582 0.003
         vertex 0.01 0.0015 0.003
         vertex 0.00750021 0.0103385 0.003
      endloop
   endfacet
   facet normal 0 0 1
      outer loop
         vertex 0.0042816 0.0079754 0.003
         vertex 0.00317498 0.008567 0.003
         vertex 0.00219334 0.00768313 0.003
      endloop
   endfacet
   facet normal 0 0 1
      outer loop
         vertex 0.00219334 0.00768313 0.003
         vertex 0.00893934 0.00106066 0.003
         vertex 0.00504515 0.00710523 0.003
      endloop
   endfacet
   facet normal 0 0 1
      outer loop
         vertex 0.00942597 0.00138582 0.003
         vertex 0.00632411 0.00784365 0.003
         vertex 0.00629712 0.00764017 0.003
      endloop
   endfacet
   facet normal 0 0 1
      outer loop
         vertex 0.00942597 0.00138582 0.003
         vertex 0.00599327 0.0101941 0.003
         vertex 0.00627423 0.00804275 0.003
      endloop
   endfacet
   facet normal 0 0 1
      outer loop
         vertex -0.000523687 0.00420671 0.003
         vertex 0.00239075 0.00454606 0.003
         vertex 0.00153209 0.00496001 0.003
      endloop
   endfacet
   facet normal 0 0 1
      outer loop
         vertex 0.00893934 0.00106066 0.003
         vertex 0.00349119 0.00526912 0.003
         vertex 0.00339864 0.00508591 0.003
      endloop
   endfacet
   facet normal 0 0 1
      outer loop
         vertex 0.00219334 0.00768313 0.003
         vertex 0.00266602 0.00652073 0.003
         vertex 0.00332506 0.00583201 0.003
      endloop
   endfacet
   facet normal 0 0 1
      outer loop
         vertex 0.00861418 0.000574025 0.003
         vertex 0.00184454 0.00236049 0.003
         vertex 0.00191076 0.00216621 0.003
      endloop
   endfacet
   facet normal 0 0 1
      outer loop
         vertex -0.000256751 0.00384363 0.003
         vertex 0.000647856 0.00297399 0.003
         vertex 0.00153004 0.00261287 0.003
      endloop
   endfacet
   facet normal 0 0 1
      outer loop
         vertex 0.0085 1.47451e-16 0.003
         vertex 0.00172904 -0.00131126 0.003
         vertex 0.00180326 -0.00150263 0.003
      endloop
   endfacet
   facet normal 0 0 1
      outer loop
         vertex 0.000246762 -0.00108699 0.003
         vertex 0.00119956 -0.00105807 0.003
         vertex -0.00132489 0.000437344 0.003
      endloop
   endfacet
   facet normal 0 0 1
      outer loop
         vertex 0.00861418 -0.000574025 0.003
         vertex 0.00278874 -0.00448121 0.003
         vertex 0.00297744 -0.004562 0.003
      endloop
   endfacet
   facet normal 0 0 1
      outer loop
         vertex -0.000523687 -0.00420671 0.003
         vertex 0.00239075 -0.00454606 0.003
         vertex 0.00258356 -0.00447563 0.003
      endloop
   endfacet
   facet normal 0 0 1
      outer loop
         vertex -0.000523687 -0.00420671 0.003
         vertex -0.00016792 -0.00500578 0.003
         vertex 0.000280517 -0.00505036 0.003
      endloop
   endfacet
   facet normal 0 0 1
      outer loop
         vertex 0.00563198 -0.00709682 0.003
         vertex 0.00603798 -0.00733122 0.003
         vertex 0.00942597 -0.00138582 0.003
      endloop
   endfacet
   facet normal 0 0 1
      outer loop
         vertex 0.00219334 -0.00768313 0.003
         vertex 0.00317498 -0.008567 0.003
         vertex 0.0042816 -0.0079754 0.003
      endloop
   endfacet
   facet normal 0 0 1
      outer loop
         vertex 0.00219334 -0.00768313 0.003
         vertex 0.00209716 -0.00812339 0.003
         vertex 0.00274718 -0.00870867 0.003
      endloop
   endfacet
   facet normal 0 0 1
      outer loop
         vertex 0.00942597 -0.00138582 0.003
         vertex 0.00869122 -0.00827136 0.003
         vertex 0.00889616 -0.0082599 0.003
      endloop
   endfacet
   facet normal 0 0 1
      outer loop
         vertex 0.010574 -0.00138582 0.003
         vertex 0.01 -0.0015 0.003
         vertex 0.0123512 -0.00799477 0.003
      endloop
   endfacet
   facet normal 0 0 1
      outer loop
         vertex 0.0116187 -0.0112171 0.003
         vertex 0.0117997 -0.0108044 0.003
         vertex 0.010486 -0.0109425 0.003
      endloop
   endfacet
   facet normal 0 0 1
      outer loop
         vertex 0.00993846 -0.00981343 0.003
         vertex 0.010486 -0.0109425 0.003
         vertex 0.0121005 -0.00958619 0.003
      endloop
   endfacet
   facet normal 0 0 1
      outer loop
         vertex 0.0133693 -0.00798014 0.003
         vertex 0.0134839 -0.00815044 0.003
         vertex 0.0153165 -0.00709237 0.003
      endloop
   endfacet
   facet normal 0 0 1
      outer loop
         vertex 0.0139353 -0.00899005 0.003
         vertex 0.0148947 -0.00979879 0.003
         vertex 0.015818 -0.00790306 0.003
      endloop
   endfacet
   facet normal 0 0 1
      outer loop
         vertex 0.0175842 -0.00418501 0.003
         vertex 0.016122 -0.00588259 0.003
         vertex 0.0163238 -0.00591979 0.003
      endloop
   endfacet
   facet normal 0 0 1
      outer loop
         vertex 0.0183881 -0.00286466 0.003
         vertex 0.0188281 -0.000794766 0.003
         vertex 0.0186307 -0.000738412 0.003
      endloop
   endfacet
   facet normal 0 0 1
      outer loop
         vertex 0.00750021 0.0103385 0.003
         vertex 0.00893975 0.0189395 0.003
         vertex 0.00861459 0.0194262 0.003
      endloop
   endfacet
   facet normal 0 0 1
      outer loop
         vertex 0.0139353 0.00899005 0.003
         vertex 0.0134839 0.00815044 0.003
         vertex 0.0153165 0.00709237 0.003
      endloop
   endfacet
   facet normal 0 0 1
      outer loop
         vertex 0.0160387 0.00913833 0.003
         vertex 0.0160412 0.00958897 0.003
         vertex 0.0152837 0.0100263 0.003
      endloop
   endfacet
   facet normal 0 0 1
      outer loop
         vertex 0.0132 0.00786405 0.003
         vertex 0.0175842 0.00418501 0.003
         vertex 0.0157481 0.00603358 0.003
      endloop
   endfacet
   facet normal 0 0 1
      outer loop
         vertex 0.0192335 0.00589214 0.003
         vertex 0.0194191 0.00630279 0.003
         vertex 0.018905 0.00701042 0.003
      endloop
   endfacet
   facet normal 0 0 1
      outer loop
         vertex 0.0172516 0.0066122 0.003
         vertex 0.0164978 0.00602876 0.003
         vertex 0.0177416 0.00431677 0.003
      endloop
   endfacet
   facet normal 0 0 1
      outer loop
         vertex 0.0197661 0.000964579 0.003
         vertex 0.0208318 0.00162714 0.003
         vertex 0.0193141 0.00309105 0.003
      endloop
   endfacet
   facet normal 0 0 1
      outer loop
         vertex 0.0181849 0.00283586 0.003
         vertex 0.0186307 0.000738412 0.003
         vertex 0.0188281 0.000794766 0.003
      endloop
   endfacet
   facet normal 0 0 1
      outer loop
         vertex 0.00599327 0.0101941 0.003
         vertex 0.00722725 0.0106241 0.003
         vertex 0.00691635 0.0109058 0.003
      endloop
   endfacet
   facet normal 0 0 1
      outer loop
         vertex 0.00750021 0.0103385 0.003
         vertex 0.00599327 0.0101941 0.003
         vertex 0.00942597 0.00138582 0.003
      endloop
   endfacet
   facet normal 0 0 1
      outer loop
         vertex 0.00504515 0.00710523 0.003
         vertex 0.00489766 0.00724799 0.003
         vertex 0.00219334 0.00768313 0.003
      endloop
   endfacet
   facet normal 0 0 1
      outer loop
         vertex 0.00563198 0.00709682 0.003
         vertex 0.0054401 0.00702393 0.003
         vertex 0.00893934 0.00106066 0.003
      endloop
   endfacet
   facet normal 0 0 1
      outer loop
         vertex 0.00599327 0.0101941 0.003
         vertex 0.0059523 0.00893998 0.003
         vertex 0.00627423 0.00804275 0.003
      endloop
   endfacet
   facet normal 0 0 1
      outer loop
         vertex 0.00153209 0.00496001 0.003
         vertex 0.000280517 0.00505036 0.003
         vertex -0.000523687 0.00420671 0.003
      endloop
   endfacet
   facet normal 0 0 1
      outer loop
         vertex -0.000523687 0.00420671 0.003
         vertex 0.00861418 0.000574025 0.003
         vertex 0.00258356 0.00447563 0.003
      endloop
   endfacet
   facet normal 0 0 1
      outer loop
         vertex 0.00893934 0.00106066 0.003
         vertex 0.00350972 0.00547354 0.003
         vertex 0.00349119 0.00526912 0.003
      endloop
   endfacet
   facet normal 0 0 1
      outer loop
         vertex 0.00332506 0.00583201 0.003
         vertex 0.00345161 0.00567041 0.003
         vertex 0.00893934 0.00106066 0.003
      endloop
   endfacet
   facet normal 0 0 1
      outer loop
         vertex 0.00180326 0.00150263 0.003
         vertex 0.00172904 0.00131126 0.003
         vertex 0.0085 1.47451e-16 0.003
      endloop
   endfacet
   facet normal 0 0 1
      outer loop
         vertex 0.00153004 0.00261287 0.003
         vertex 0.00171139 0.00251671 0.003
         vertex 0.00861418 0.000574025 0.003
      endloop
   endfacet
   facet normal 0 0 1
      outer loop
         vertex 0.00180326 -0.00150263 0.003
         vertex 0.00190073 -0.00196119 0.003
         vertex 0.00861418 -0.000574025 0.003
      endloop
   endfacet
   facet normal 0 0 1
      outer loop
         vertex 0.00140434 -0.00107216 0.003
         vertex 0.0085 1.47451e-16 0.003
         vertex -0.00132489 0.000437344 0.003
      endloop
   endfacet
   facet normal 0 0 1
      outer loop
         vertex 0.00861418 -0.000574025 0.003
         vertex 0.00258356 -0.00447563 0.003
         vertex 0.00278874 -0.00448121 0.003
      endloop
   endfacet
   facet normal 0 0 1
      outer loop
         vertex 0.00153209 -0.00496001 0.003
         vertex 0.00239075 -0.00454606 0.003
         vertex -0.000523687 -0.00420671 0.003
      endloop
   endfacet
   facet normal 0 0 1
      outer loop
         vertex 0.00942597 -0.00138582 0.003
         vertex 0.00893934 -0.00106066 0.003
         vertex 0.00563198 -0.00709682 0.003
      endloop
   endfacet
   facet normal 0 0 1
      outer loop
         vertex 0.00219334 -0.00768313 0.003
         vertex 0.00489766 -0.00724799 0.003
         vertex 0.00504515 -0.00710523 0.003
      endloop
   endfacet
   facet normal 0 0 1
      outer loop
         vertex 0.00274718 -0.00870867 0.003
         vertex 0.00317498 -0.008567 0.003
         vertex 0.00219334 -0.00768313 0.003
      endloop
   endfacet
   facet normal 0 0 1
      outer loop
         vertex 0.00942597 -0.00138582 0.003
         vertex 0.00850492 -0.00835752 0.003
         vertex 0.00869122 -0.00827136 0.003
      endloop
   endfacet
   facet normal 0 0 1
      outer loop
         vertex 0.00599327 -0.0101941 0.003
         vertex 0.00724954 -0.0106023 0.003
         vertex 0.00801987 -0.00961178 0.003
      endloop
   endfacet
   facet normal 0 0 1
      outer loop
         vertex 0.00599327 -0.0101941 0.003
         vertex 0.00608448 -0.0106355 0.003
         vertex 0.00691635 -0.0109058 0.003
      endloop
   endfacet
   facet normal 0 0 1
      outer loop
         vertex 0.01 -0.0015 0.003
         vertex 0.0121686 -0.00808859 0.003
         vertex 0.0123512 -0.00799477 0.003
      endloop
   endfacet
   facet normal 0 0 1
      outer loop
         vertex 0.0121005 -0.00958619 0.003
         vertex 0.0119722 -0.00864163 0.003
         vertex 0.00993846 -0.00981343 0.003
      endloop
   endfacet
   facet normal 0 0 1
      outer loop
         vertex 0.0133693 -0.00798014 0.003
         vertex 0.0152711 -0.00650723 0.003
         vertex 0.0153997 -0.00634727 0.003
      endloop
   endfacet
   facet normal 0 0 1
      outer loop
         vertex 0.0160387 -0.00913833 0.003
         vertex 0.015818 -0.00790306 0.003
         vertex 0.0148947 -0.00979879 0.003
      endloop
   endfacet
   facet normal 0 0 1
      outer loop
         vertex 0.0157481 -0.00603358 0.003
         vertex 0.0110607 -0.00106066 0.003
         vertex 0.010574 -0.00138582 0.003
      endloop
   endfacet
   facet normal 0 0 1
      outer loop
         vertex 0.0164978 -0.00602876 0.003
         vertex 0.0172516 -0.0066122 0.003
         vertex 0.0185295 -0.00485342 0.003
      endloop
   endfacet
   facet normal 0 0 1
      outer loop
         vertex 0.01833 -0.000234401 0.003
         vertex 0.01833 0.000234401 0.003
         vertex 0.0115 1.47635e-16 0.003
      endloop
   endfacet
   facet normal 0 0 1
      outer loop
         vertex 0.0186307 -0.000738412 0.003
         vertex 0.0179854 -0.00288398 0.003
         vertex 0.0181849 -0.00283586 0.003
      endloop
   endfacet
   facet normal 0 0 1
      outer loop
         vertex 0.00823268 0.021768 0.003
         vertex 0.00893975 0.0210609 0.003
         vertex 0.00942638 0.021386 0.003
      endloop
   endfacet
   facet normal 0 0 1
      outer loop
         vertex 0.00769073 0.0209569 0.003
         vertex 0.00861459 0.0205742 0.003
         vertex 0.00893975 0.0210609 0.003
      endloop
   endfacet
   facet normal 0 0 1
      outer loop
         vertex 0.00750021 0.0103385 0.003
         vertex 0.00942638 0.0186144 0.003
         vertex 0.00893975 0.0189395 0.003
      endloop
   endfacet
   facet normal 0 0 1
      outer loop
         vertex 0.015818 0.00790306 0.003
         vertex 0.0148947 0.00979879 0.003
         vertex 0.0139353 0.00899005 0.003
      endloop
   endfacet
   facet normal 0 0 1
      outer loop
         vertex 0.0148947 0.00979879 0.003
         vertex 0.015818 0.00790306 0.003
         vertex 0.0160387 0.00913833 0.003
      endloop
   endfacet
   facet normal 0 0 1
      outer loop
         vertex 0.0157481 0.00603358 0.003
         vertex 0.0153997 0.00634727 0.003
         vertex 0.0132 0.00786405 0.003
      endloop
   endfacet
   facet normal 0 0 1
      outer loop
         vertex 0.018905 0.00701042 0.003
         vertex 0.0184571 0.00696079 0.003
         vertex 0.0192335 0.00589214 0.003
      endloop
   endfacet
   facet normal 0 0 1
      outer loop
         vertex 0.0177416 0.00431677 0.003
         vertex 0.0185295 0.00485342 0.003
         vertex 0.0172516 0.0066122 0.003
      endloop
   endfacet
   facet normal 0 0 1
      outer loop
         vertex 0.0188281 0.000794766 0.003
         vertex 0.0183881 0.00286466 0.003
         vertex 0.0181849 0.00283586 0.003
      endloop
   endfacet
   facet normal 0 0 1
      outer loop
         vertex 0.00750021 0.0103385 0.003
         vertex 0.00722725 0.0106241 0.003
         vertex 0.00599327 0.0101941 0.003
      endloop
   endfacet
   facet normal 0 0 1
      outer loop
         vertex 0.00893934 0.00106066 0.003
         vertex 0.00523486 0.00702687 0.003
         vertex 0.00504515 0.00710523 0.003
      endloop
   endfacet
   facet normal 0 0 1
      outer loop
         vertex 0.00627423 0.00804275 0.003
         vertex 0.00632411 0.00784365 0.003
         vertex 0.00942597 0.00138582 0.003
      endloop
   endfacet
   facet normal 0 0 1
      outer loop
         vertex 0.00258356 0.00447563 0.003
         vertex 0.00239075 0.00454606 0.003
         vertex -0.000523687 0.00420671 0.003
      endloop
   endfacet
   facet normal 0 0 1
      outer loop
         vertex 0.00345161 0.00567041 0.003
         vertex 0.00350972 0.00547354 0.003
         vertex 0.00893934 0.00106066 0.003
      endloop
   endfacet
   facet normal 0 0 1
      outer loop
         vertex 0.00119956 0.00105807 0.003
         vertex 0.000246762 0.00108699 0.003
         vertex -0.000933356 0.000660462 0.003
      endloop
   endfacet
   facet normal 0 0 1
      outer loop
         vertex 0.0085 1.47451e-16 0.003
         vertex 0.00140434 0.00107216 0.003
         vertex 0.00119956 0.00105807 0.003
      endloop
   endfacet
   facet normal 0 0 1
      outer loop
         vertex 0.00171139 0.00251671 0.003
         vertex 0.00184454 0.00236049 0.003
         vertex 0.00861418 0.000574025 0.003
      endloop
   endfacet
   facet normal 0 0 1
      outer loop
         vertex 0.00190073 -0.00196119 0.003
         vertex 0.00191076 -0.00216621 0.003
         vertex 0.00861418 -0.000574025 0.003
      endloop
   endfacet
   facet normal 0 0 1
      outer loop
         vertex 0.00140434 -0.00107216 0.003
         vertex 0.00158952 -0.00116071 0.003
         vertex 0.0085 1.47451e-16 0.003
      endloop
   endfacet
   facet normal 0 0 1
      outer loop
         vertex 0.00258356 -0.00447563 0.003
         vertex 0.00861418 -0.000574025 0.003
         vertex -0.000523687 -0.00420671 0.003
      endloop
   endfacet
   facet normal 0 0 1
      outer loop
         vertex 0.00942597 -0.00138582 0.003
         vertex 0.00632411 -0.00784365 0.003
         vertex 0.00627423 -0.00804275 0.003
      endloop
   endfacet
   facet normal 0 0 1
      outer loop
         vertex 0.00893934 -0.00106066 0.003
         vertex 0.0054401 -0.00702393 0.003
         vertex 0.00563198 -0.00709682 0.003
      endloop
   endfacet
   facet normal 0 0 1
      outer loop
         vertex 0.0042816 -0.0079754 0.003
         vertex 0.00489766 -0.00724799 0.003
         vertex 0.00219334 -0.00768313 0.003
      endloop
   endfacet
   facet normal 0 0 1
      outer loop
         vertex 0.00936239 -0.0083089 0.003
         vertex 0.00956047 -0.00836272 0.003
         vertex 0.01 -0.0015 0.003
      endloop
   endfacet
   facet normal 0 0 1
      outer loop
         vertex 0.00599327 -0.0101941 0.003
         vertex 0.0082868 -0.00869668 0.003
         vertex 0.00836347 -0.00850627 0.003
      endloop
   endfacet
   facet normal 0 0 1
      outer loop
         vertex 0.00691635 -0.0109058 0.003
         vertex 0.00724954 -0.0106023 0.003
         vertex 0.00599327 -0.0101941 0.003
      endloop
   endfacet
   facet normal 0 0 1
      outer loop
         vertex 0.01 -0.0015 0.003
         vertex 0.0120335 -0.00824308 0.003
         vertex 0.0121686 -0.00808859 0.003
      endloop
   endfacet
   facet normal 0 0 1
      outer loop
         vertex 0.01 -0.0015 0.003
         vertex 0.00993846 -0.00981343 0.003
         vertex 0.0119648 -0.0084365 0.003
      endloop
   endfacet
   facet normal 0 0 1
      outer loop
         vertex 0.0117997 -0.0108044 0.003
         vertex 0.0121005 -0.00958619 0.003
         vertex 0.010486 -0.0109425 0.003
      endloop
   endfacet
   facet normal 0 0 1
      outer loop
         vertex 0.0133693 -0.00798014 0.003
         vertex 0.0152104 -0.00670334 0.003
         vertex 0.0152711 -0.00650723 0.003
      endloop
   endfacet
   facet normal 0 0 1
      outer loop
         vertex 0.0153165 -0.00709237 0.003
         vertex 0.0152263 -0.00690798 0.003
         vertex 0.0133693 -0.00798014 0.003
      endloop
   endfacet
   facet normal 0 0 1
      outer loop
         vertex 0.010574 -0.00138582 0.003
         vertex 0.0132 -0.00786405 0.003
         vertex 0.0157481 -0.00603358 0.003
      endloop
   endfacet
   facet normal 0 0 1
      outer loop
         vertex 0.0175145 -0.00360227 0.003
         vertex 0.0177052 -0.00317399 0.003
         vertex 0.0113858 -0.000574025 0.003
      endloop
   endfacet
   facet normal 0 0 1
      outer loop
         vertex 0.0175842 -0.00418501 0.003
         vertex 0.0174865 -0.00400453 0.003
         vertex 0.016122 -0.00588259 0.003
      endloop
   endfacet
   facet normal 0 0 1
      outer loop
         vertex 0.0110607 -0.00106066 0.003
         vertex 0.0159206 -0.00592238 0.003
         vertex 0.016122 -0.00588259 0.003
      endloop
   endfacet
   facet normal 0 0 1
      outer loop
         vertex 0.0113858 -0.000574025 0.003
         vertex 0.0183629 -0.000437023 0.003
         vertex 0.01833 -0.000234401 0.003
      endloop
   endfacet
   facet normal 0 0 1
      outer loop
         vertex 0.0113858 -0.000574025 0.003
         vertex 0.0177052 -0.00317399 0.003
         vertex 0.018468 -0.000613295 0.003
      endloop
   endfacet
   facet normal 0 0 1
      outer loop
         vertex 0.0208318 -0.00162714 0.003
         vertex 0.0197661 -0.000964579 0.003
         vertex 0.0205571 -0.0029192 0.003
      endloop
   endfacet
   facet normal 0 0 1
      outer loop
         vertex 0.018468 -0.000613295 0.003
         vertex 0.0177052 -0.00317399 0.003
         vertex 0.0178176 -0.00300224 0.003
      endloop
   endfacet
   facet normal 0 0 1
      outer loop
         vertex 0.0117682 0.0217679 0.003
         vertex 0.0110611 0.0210609 0.003
         vertex 0.0113862 0.0205742 0.003
      endloop
   endfacet
   facet normal 0 0 1
      outer loop
         vertex 0.0109572 0.0223099 0.003
         vertex 0.0105744 0.021386 0.003
         vertex 0.0110611 0.0210609 0.003
      endloop
   endfacet
   facet normal 0 0 1
      outer loop
         vertex 0.00893975 0.0210609 0.003
         vertex 0.00823268 0.021768 0.003
         vertex 0.00769073 0.0209569 0.003
      endloop
   endfacet
   facet normal 0 0 1
      outer loop
         vertex 0.00750041 0.0200002 0.003
         vertex 0.00850041 0.0200002 0.003
         vertex 0.00861459 0.0205742 0.003
      endloop
   endfacet
   facet normal 0 0 1
      outer loop
         vertex 0.00861459 0.0194262 0.003
         vertex 0.00750041 0.0200002 0.003
         vertex 0.00750021 0.0103385 0.003
      endloop
   endfacet
   facet normal 0 0 1
      outer loop
         vertex 0.0100004 0.0185002 0.003
         vertex 0.00942638 0.0186144 0.003
         vertex 0.00750021 0.0103385 0.003
      endloop
   endfacet
   facet normal 0 0 1
      outer loop
         vertex 0.0152263 0.00690798 0.003
         vertex 0.0153165 0.00709237 0.003
         vertex 0.0134839 0.00815044 0.003
      endloop
   endfacet
   facet normal 0 0 1
      outer loop
         vertex 0.0152837 0.0100263 0.003
         vertex 0.0148947 0.00979879 0.003
         vertex 0.0160387 0.00913833 0.003
      endloop
   endfacet
   facet normal 0 0 1
      outer loop
         vertex 0.0175842 0.00418501 0.003
         vertex 0.0159206 0.00592238 0.003
         vertex 0.0157481 0.00603358 0.003
      endloop
   endfacet
   facet normal 0 0 1
      outer loop
         vertex 0.0175842 0.00418501 0.003
         vertex 0.0177416 0.00431677 0.003
         vertex 0.0164978 0.00602876 0.003
      endloop
   endfacet
   facet normal 0 0 1
      outer loop
         vertex 0.0185295 0.00485342 0.003
         vertex 0.0192335 0.00589214 0.003
         vertex 0.0172516 0.0066122 0.003
      endloop
   endfacet
   facet normal 0 0 1
      outer loop
         vertex 0.0174865 0.00400453 0.003
         vertex 0.0129999 0.0078185 0.003
         vertex 0.0127971 0.0078499 0.003
      endloop
   endfacet
   facet normal 0 0 1
      outer loop
         vertex 0.0174865 0.00400453 0.003
         vertex 0.0175842 0.00418501 0.003
         vertex 0.0132 0.00786405 0.003
      endloop
   endfacet
   facet normal 0 0 1
      outer loop
         vertex 0.0177052 0.00317399 0.003
         vertex 0.0175145 0.00360227 0.003
         vertex 0.0113858 0.000574025 0.003
      endloop
   endfacet
   facet normal 0 0 1
      outer loop
         vertex 0.0205571 0.0029192 0.003
         vertex 0.0193141 0.00309105 0.003
         vertex 0.0208318 0.00162714 0.003
      endloop
   endfacet
   facet normal 0 0 1
      outer loop
         vertex 0.00691635 0.0109058 0.003
         vertex 0.00608448 0.0106355 0.003
         vertex 0.00599327 0.0101941 0.003
      endloop
   endfacet
   facet normal 0 0 1
      outer loop
         vertex 0.0054401 0.00702393 0.003
         vertex 0.00523486 0.00702687 0.003
         vertex 0.00893934 0.00106066 0.003
      endloop
   endfacet
   facet normal 0 0 1
      outer loop
         vertex 0.00861418 0.000574025 0.003
         vertex 0.00278874 0.00448121 0.003
         vertex 0.00258356 0.00447563 0.003
      endloop
   endfacet
   facet normal 0 0 1
      outer loop
         vertex 0.00312308 0.00470664 0.003
         vertex 0.00297744 0.004562 0.003
         vertex 0.00861418 0.000574025 0.003
      endloop
   endfacet
   facet normal 0 0 1
      outer loop
         vertex 0.00119956 0.00105807 0.003
         vertex -0.00132489 0.000437344 0.003
         vertex 0.0085 1.47451e-16 0.003
      endloop
   endfacet
   facet normal 0 0 1
      outer loop
         vertex 0.00172904 0.00131126 0.003
         vertex 0.00158952 0.00116071 0.003
         vertex 0.0085 1.47451e-16 0.003
      endloop
   endfacet
   facet normal 0 0 1
      outer loop
         vertex 0.00153004 -0.00261287 0.003
         vertex 0.000647856 -0.00297399 0.003
         vertex -0.000256751 -0.00384363 0.003
      endloop
   endfacet
   facet normal 0 0 1
      outer loop
         vertex 0.00861418 -0.000574025 0.003
         vertex 0.00171139 -0.00251671 0.003
         vertex 0.00153004 -0.00261287 0.003
      endloop
   endfacet
   facet normal 0 0 1
      outer loop
         vertex 0.00158952 -0.00116071 0.003
         vertex 0.00172904 -0.00131126 0.003
         vertex 0.0085 1.47451e-16 0.003
      endloop
   endfacet
   facet normal 0 0 1
      outer loop
         vertex 0.00893934 -0.00106066 0.003
         vertex 0.00345161 -0.00567041 0.003
         vertex 0.00332506 -0.00583201 0.003
      endloop
   endfacet
   facet normal 0 0 1
      outer loop
         vertex 0.00339864 -0.00508591 0.003
         vertex 0.00349119 -0.00526912 0.003
         vertex 0.00893934 -0.00106066 0.003
      endloop
   endfacet
   facet normal 0 0 1
      outer loop
         vertex 0.00627423 -0.00804275 0.003
         vertex 0.00599327 -0.0101941 0.003
         vertex 0.00942597 -0.00138582 0.003
      endloop
   endfacet
   facet normal 0 0 1
      outer loop
         vertex 0.00942597 -0.00138582 0.003
         vertex 0.00619705 -0.00746095 0.003
         vertex 0.00629712 -0.00764017 0.003
      endloop
   endfacet
   facet normal 0 0 1
      outer loop
         vertex 0.00893934 -0.00106066 0.003
         vertex 0.00523486 -0.00702687 0.003
         vertex 0.0054401 -0.00702393 0.003
      endloop
   endfacet
   facet normal 0 0 1
      outer loop
         vertex 0.00504515 -0.00710523 0.003
         vertex 0.00893934 -0.00106066 0.003
         vertex 0.00219334 -0.00768313 0.003
      endloop
   endfacet
   facet normal 0 0 1
      outer loop
         vertex 0.01 -0.0015 0.003
         vertex 0.00983221 -0.00866064 0.003
         vertex 0.00986762 -0.00886283 0.003
      endloop
   endfacet
   facet normal 0 0 1
      outer loop
         vertex 0.00956047 -0.00836272 0.003
         vertex 0.00972479 -0.00848574 0.003
         vertex 0.01 -0.0015 0.003
      endloop
   endfacet
   facet normal 0 0 1
      outer loop
         vertex 0.00801987 -0.00961178 0.003
         vertex 0.0082868 -0.00869668 0.003
         vertex 0.00599327 -0.0101941 0.003
      endloop
   endfacet
   facet normal 0 0 1
      outer loop
         vertex 0.0127971 -0.0078499 0.003
         vertex 0.0129999 -0.0078185 0.003
         vertex 0.010574 -0.00138582 0.003
      endloop
   endfacet
   facet normal 0 0 1
      outer loop
         vertex 0.0119722 -0.00864163 0.003
         vertex 0.0119648 -0.0084365 0.003
         vertex 0.00993846 -0.00981343 0.003
      endloop
   endfacet
   facet normal 0 0 1
      outer loop
         vertex 0.0152263 -0.00690798 0.003
         vertex 0.0152104 -0.00670334 0.003
         vertex 0.0133693 -0.00798014 0.003
      endloop
   endfacet
   facet normal 0 0 1
      outer loop
         vertex 0.0132 -0.00786405 0.003
         vertex 0.0133693 -0.00798014 0.003
         vertex 0.0157481 -0.00603358 0.003
      endloop
   endfacet
   facet normal 0 0 1
      outer loop
         vertex 0.0110607 -0.00106066 0.003
         vertex 0.0174621 -0.00380072 0.003
         vertex 0.0175145 -0.00360227 0.003
      endloop
   endfacet
   facet normal 0 0 1
      outer loop
         vertex 0.016122 -0.00588259 0.003
         vertex 0.0174621 -0.00380072 0.003
         vertex 0.0110607 -0.00106066 0.003
      endloop
   endfacet
   facet normal 0 0 1
      outer loop
         vertex 0.018468 -0.000613295 0.003
         vertex 0.0183629 -0.000437023 0.003
         vertex 0.0113858 -0.000574025 0.003
      endloop
   endfacet
   facet normal 0 0 1
      outer loop
         vertex 0.0178176 -0.00300224 0.003
         vertex 0.0179854 -0.00288398 0.003
         vertex 0.018468 -0.000613295 0.003
      endloop
   endfacet
   facet normal 0 0 1
      outer loop
         vertex 0.0123101 0.0209569 0.003
         vertex 0.0113862 0.0205742 0.003
         vertex 0.0115004 0.0200002 0.003
      endloop
   endfacet
   facet normal 0 0 1
      outer loop
         vertex 0.0110611 0.0210609 0.003
         vertex 0.0117682 0.0217679 0.003
         vertex 0.0109572 0.0223099 0.003
      endloop
   endfacet
   facet normal 0 0 1
      outer loop
         vertex 0.0100005 0.0225002 0.003
         vertex 0.0100004 0.0215002 0.003
         vertex 0.0105744 0.021386 0.003
      endloop
   endfacet
   facet normal 0 0 1
      outer loop
         vertex 0.00904375 0.0223099 0.003
         vertex 0.00942638 0.021386 0.003
         vertex 0.0100004 0.0215002 0.003
      endloop
   endfacet
   facet normal 0 0 1
      outer loop
         vertex 0.00861459 0.0205742 0.003
         vertex 0.00769073 0.0209569 0.003
         vertex 0.00750041 0.0200002 0.003
      endloop
   endfacet
   facet normal 0 0 1
      outer loop
         vertex 0.00750021 0.0103385 0.003
         vertex 0.0113858 0.000574025 0.003
         vertex 0.0100004 0.0185002 0.003
      endloop
   endfacet
   facet normal 0 0 1
      outer loop
         vertex 0.0153165 0.00709237 0.003
         vertex 0.015818 0.00790306 0.003
         vertex 0.0139353 0.00899005 0.003
      endloop
   endfacet
   facet normal 0 0 1
      outer loop
         vertex 0.0175842 0.00418501 0.003
         vertex 0.016122 0.00588259 0.003
         vertex 0.0159206 0.00592238 0.003
      endloop
   endfacet
   facet normal 0 0 1
      outer loop
         vertex 0.0184571 0.00696079 0.003
         vertex 0.0172516 0.0066122 0.003
         vertex 0.0192335 0.00589214 0.003
      endloop
   endfacet
   facet normal 0 0 1
      outer loop
         vertex 0.0132 0.00786405 0.003
         vertex 0.0129999 0.0078185 0.003
         vertex 0.0174865 0.00400453 0.003
      endloop
   endfacet
   facet normal 0 0 1
      outer loop
         vertex 0.0125002 0.00794944 0.003
         vertex 0.0113858 0.000574025 0.003
         vertex 0.0174621 0.00380072 0.003
      endloop
   endfacet
   facet normal 0 0 1
      outer loop
         vertex 0.0115 1.47635e-16 0.003
         vertex 0.0178176 0.00300224 0.003
         vertex 0.0177052 0.00317399 0.003
      endloop
   endfacet
   facet normal 0 0 1
      outer loop
         vertex 0.0179854 0.00288398 0.003
         vertex 0.018468 0.000613295 0.003
         vertex 0.0186307 0.000738412 0.003
      endloop
   endfacet
   facet normal 0 0 1
      outer loop
         vertex 0.0179854 0.00288398 0.003
         vertex 0.01833 0.000234401 0.003
         vertex 0.0183629 0.000437023 0.003
      endloop
   endfacet
   facet normal 0 0 1
      outer loop
         vertex 0.00750021 0.0103385 0.003
         vertex 0.010574 0.00138582 0.003
         vertex 0.0110607 0.00106066 0.003
      endloop
   endfacet
   facet normal 0 0 1
      outer loop
         vertex 0.00209716 0.00812339 0.003
         vertex 0.00219334 0.00768313 0.003
         vertex 0.00317498 0.008567 0.003
      endloop
   endfacet
   facet normal 0 0 1
      outer loop
         vertex 0.00297744 0.004562 0.003
         vertex 0.00278874 0.00448121 0.003
         vertex 0.00861418 0.000574025 0.003
      endloop
   endfacet
   facet normal 0 0 1
      outer loop
         vertex 0.00158952 0.00116071 0.003
         vertex 0.00140434 0.00107216 0.003
         vertex 0.0085 1.47451e-16 0.003
      endloop
   endfacet
   facet normal 0 0 1
      outer loop
         vertex 0.00153004 -0.00261287 0.003
         vertex -0.000523687 -0.00420671 0.003
         vertex 0.00861418 -0.000574025 0.003
      endloop
   endfacet
   facet normal 0 0 1
      outer loop
         vertex 0.00191076 -0.00216621 0.003
         vertex 0.00184454 -0.00236049 0.003
         vertex 0.00861418 -0.000574025 0.003
      endloop
   endfacet
   facet normal 0 0 1
      outer loop
         vertex 0.00332506 -0.00583201 0.003
         vertex 0.00219334 -0.00768313 0.003
         vertex 0.00893934 -0.00106066 0.003
      endloop
   endfacet
   facet normal 0 0 1
      outer loop
         vertex 0.00349119 -0.00526912 0.003
         vertex 0.00350972 -0.00547354 0.003
         vertex 0.00893934 -0.00106066 0.003
      endloop
   endfacet
   facet normal 0 0 1
      outer loop
         vertex 0.00629712 -0.00764017 0.003
         vertex 0.00632411 -0.00784365 0.003
         vertex 0.00942597 -0.00138582 0.003
      endloop
   endfacet
   facet normal 0 0 1
      outer loop
         vertex 0.00504515 -0.00710523 0.003
         vertex 0.00523486 -0.00702687 0.003
         vertex 0.00893934 -0.00106066 0.003
      endloop
   endfacet
   facet normal 0 0 1
      outer loop
         vertex 0.00972479 -0.00848574 0.003
         vertex 0.00983221 -0.00866064 0.003
         vertex 0.01 -0.0015 0.003
      endloop
   endfacet
   facet normal 0 0 1
      outer loop
         vertex 0.00836347 -0.00850627 0.003
         vertex 0.00942597 -0.00138582 0.003
         vertex 0.00599327 -0.0101941 0.003
      endloop
   endfacet
   facet normal 0 0 1
      outer loop
         vertex 0.0119648 -0.0084365 0.003
         vertex 0.0120335 -0.00824308 0.003
         vertex 0.01 -0.0015 0.003
      endloop
   endfacet
   facet normal 0 0 1
      outer loop
         vertex 0.0157481 -0.00603358 0.003
         vertex 0.0159206 -0.00592238 0.003
         vertex 0.0110607 -0.00106066 0.003
      endloop
   endfacet
   facet normal 0 0 1
      outer loop
         vertex 0.0174865 -0.00400453 0.003
         vertex 0.0174621 -0.00380072 0.003
         vertex 0.016122 -0.00588259 0.003
      endloop
   endfacet
   facet normal 0 0 1
      outer loop
         vertex 0.0186307 -0.000738412 0.003
         vertex 0.018468 -0.000613295 0.003
         vertex 0.0179854 -0.00288398 0.003
      endloop
   endfacet
   facet normal 0 0 1
      outer loop
         vertex 0.0113862 0.0205742 0.003
         vertex 0.0123101 0.0209569 0.003
         vertex 0.0117682 0.0217679 0.003
      endloop
   endfacet
   facet normal 0 0 1
      outer loop
         vertex 0.0100004 0.0215002 0.003
         vertex 0.0100005 0.0225002 0.003
         vertex 0.00904375 0.0223099 0.003
      endloop
   endfacet
   facet normal 0 0 1
      outer loop
         vertex 0.00861459 0.0194262 0.003
         vertex 0.00850041 0.0200002 0.003
         vertex 0.00750041 0.0200002 0.003
      endloop
   endfacet
   facet normal 0 0 1
      outer loop
         vertex 0.0100004 0.0185002 0.003
         vertex 0.0113858 0.000574025 0.003
         vertex 0.0125002 0.00794944 0.003
      endloop
   endfacet
   facet normal 0 0 1
      outer loop
         vertex 0.0125002 0.00794944 0.003
         vertex 0.0125004 0.0200001 0.003
         vertex 0.0113862 0.0194262 0.003
      endloop
   endfacet
   facet normal 0 0 1
      outer loop
         vertex 0.0133693 0.00798014 0.003
         vertex 0.0152104 0.00670334 0.003
         vertex 0.0152263 0.00690798 0.003
      endloop
   endfacet
   facet normal 0 0 1
      outer loop
         vertex 0.0153997 0.00634727 0.003
         vertex 0.0152711 0.00650723 0.003
         vertex 0.0132 0.00786405 0.003
      endloop
   endfacet
   facet normal 0 0 1
      outer loop
         vertex 0.0164978 0.00602876 0.003
         vertex 0.0163238 0.00591979 0.003
         vertex 0.0175842 0.00418501 0.003
      endloop
   endfacet
   facet normal 0 0 1
      outer loop
         vertex 0.0174621 0.00380072 0.003
         vertex 0.0174865 0.00400453 0.003
         vertex 0.0125002 0.00794944 0.003
      endloop
   endfacet
   facet normal 0 0 1
      outer loop
         vertex 0.0113858 0.000574025 0.003
         vertex 0.0115 1.47635e-16 0.003
         vertex 0.0177052 0.00317399 0.003
      endloop
   endfacet
   facet normal 0 0 1
      outer loop
         vertex 0.0115 1.47635e-16 0.003
         vertex 0.01833 0.000234401 0.003
         vertex 0.0179854 0.00288398 0.003
      endloop
   endfacet
   facet normal 0 0 1
      outer loop
         vertex 0.0183629 0.000437023 0.003
         vertex 0.018468 0.000613295 0.003
         vertex 0.0179854 0.00288398 0.003
      endloop
   endfacet
   facet normal 0 0 1
      outer loop
         vertex 0.01 0.0015 0.003
         vertex 0.010574 0.00138582 0.003
         vertex 0.00750021 0.0103385 0.003
      endloop
   endfacet
   facet normal 0 0 1
      outer loop
         vertex -0.000933356 0.000660462 0.003
         vertex -0.00132489 0.000437344 0.003
         vertex 0.00119956 0.00105807 0.003
      endloop
   endfacet
   facet normal 0 0 1
      outer loop
         vertex 0.00184454 -0.00236049 0.003
         vertex 0.00171139 -0.00251671 0.003
         vertex 0.00861418 -0.000574025 0.003
      endloop
   endfacet
   facet normal 0 0 1
      outer loop
         vertex 0.00350972 -0.00547354 0.003
         vertex 0.00345161 -0.00567041 0.003
         vertex 0.00893934 -0.00106066 0.003
      endloop
   endfacet
   facet normal 0 0 1
      outer loop
         vertex 0.00603798 -0.00733122 0.003
         vertex 0.00619705 -0.00746095 0.003
         vertex 0.00942597 -0.00138582 0.003
      endloop
   endfacet
   facet normal 0 0 1
      outer loop
         vertex 0.00836347 -0.00850627 0.003
         vertex 0.00850492 -0.00835752 0.003
         vertex 0.00942597 -0.00138582 0.003
      endloop
   endfacet
   facet normal 0 0 1
      outer loop
         vertex 0.0153997 -0.00634727 0.003
         vertex 0.0157481 -0.00603358 0.003
         vertex 0.0133693 -0.00798014 0.003
      endloop
   endfacet
   facet normal 0 0 1
      outer loop
         vertex 0.0115 1.47635e-16 0.003
         vertex 0.0113858 -0.000574025 0.003
         vertex 0.01833 -0.000234401 0.003
      endloop
   endfacet
   facet normal 0 0 1
      outer loop
         vertex 0.0105744 0.021386 0.003
         vertex 0.0109572 0.0223099 0.003
         vertex 0.0100005 0.0225002 0.003
      endloop
   endfacet
   facet normal 0 0 1
      outer loop
         vertex 0.0125002 0.00794944 0.003
         vertex 0.0105744 0.0186144 0.003
         vertex 0.0100004 0.0185002 0.003
      endloop
   endfacet
   facet normal 0 0 1
      outer loop
         vertex 0.0113862 0.0194262 0.003
         vertex 0.0110611 0.0189395 0.003
         vertex 0.0125002 0.00794944 0.003
      endloop
   endfacet
   facet normal 0 0 1
      outer loop
         vertex 0.0134839 0.00815044 0.003
         vertex 0.0133693 0.00798014 0.003
         vertex 0.0152263 0.00690798 0.003
      endloop
   endfacet
   facet normal 0 0 1
      outer loop
         vertex 0.0163238 0.00591979 0.003
         vertex 0.016122 0.00588259 0.003
         vertex 0.0175842 0.00418501 0.003
      endloop
   endfacet
   facet normal 0 0 1
      outer loop
         vertex 0.0175145 0.00360227 0.003
         vertex 0.0174621 0.00380072 0.003
         vertex 0.0113858 0.000574025 0.003
      endloop
   endfacet
   facet normal 0 0 1
      outer loop
         vertex 0.0181849 0.00283586 0.003
         vertex 0.0179854 0.00288398 0.003
         vertex 0.0186307 0.000738412 0.003
      endloop
   endfacet
   facet normal 0 0 1
      outer loop
         vertex 0.000280517 0.00505036 0.003
         vertex -0.00016792 0.00500578 0.003
         vertex -0.000523687 0.00420671 0.003
      endloop
   endfacet
   facet normal 0 0 1
      outer loop
         vertex 0.00332506 -0.00583201 0.003
         vertex 0.00266602 -0.00652073 0.003
         vertex 0.00219334 -0.00768313 0.003
      endloop
   endfacet
   facet normal 0 0 1
      outer loop
         vertex 0.00986762 -0.00886283 0.003
         vertex 0.00993846 -0.00981343 0.003
         vertex 0.01 -0.0015 0.003
      endloop
   endfacet
   facet normal 0 0 1
      outer loop
         vertex 0.0113858 -0.000574025 0.003
         vertex 0.0110607 -0.00106066 0.003
         vertex 0.0175145 -0.00360227 0.003
      endloop
   endfacet
   facet normal 0 0 1
      outer loop
         vertex 0.00942638 0.021386 0.003
         vertex 0.00904375 0.0223099 0.003
         vertex 0.00823268 0.021768 0.003
      endloop
   endfacet
   facet normal 0 0 1
      outer loop
         vertex 0.0125004 0.0200001 0.003
         vertex 0.0115004 0.0200002 0.003
         vertex 0.0113862 0.0194262 0.003
      endloop
   endfacet
   facet normal 0 0 1
      outer loop
         vertex 0.0152711 0.00650723 0.003
         vertex 0.0152104 0.00670334 0.003
         vertex 0.0132 0.00786405 0.003
      endloop
   endfacet
   facet normal 0 0 1
      outer loop
         vertex 0.0179854 0.00288398 0.003
         vertex 0.0178176 0.00300224 0.003
         vertex 0.0115 1.47635e-16 0.003
      endloop
   endfacet
   facet normal 0 0 1
      outer loop
         vertex -0.000256751 -0.00384363 0.003
         vertex -0.000523687 -0.00420671 0.003
         vertex 0.00153004 -0.00261287 0.003
      endloop
   endfacet
   facet normal 0 0 1
      outer loop
         vertex 0.0129999 -0.0078185 0.003
         vertex 0.0132 -0.00786405 0.003
         vertex 0.010574 -0.00138582 0.003
      endloop
   endfacet
   facet normal 0 0 1
      outer loop
         vertex 0.0110611 0.0189395 0.003
         vertex 0.0105744 0.0186144 0.003
         vertex 0.0125002 0.00794944 0.003
      endloop
   endfacet
   facet normal 0 0 1
      outer loop
         vertex 0.0127971 0.0078499 0.003
         vertex 0.0125002 0.00794944 0.003
         vertex 0.0174865 0.00400453 0.003
      endloop
   endfacet
   facet normal 0 0 1
      outer loop
         vertex 0.00627423 -0.00804275 0.003
         vertex 0.0059523 -0.00893998 0.003
         vertex 0.00599327 -0.0101941 0.003
      endloop
   endfacet
   facet normal 0 0 1
      outer loop
         vertex 0.0133693 0.00798014 0.003
         vertex 0.0132 0.00786405 0.003
         vertex 0.0152104 0.00670334 0.003
      endloop
   endfacet
   facet normal 0 0 1
      outer loop
         vertex 0.0115004 0.0200002 0.003
         vertex 0.0125004 0.0200001 0.003
         vertex 0.0123101 0.0209569 0.003
      endloop
   endfacet
   facet normal 0 0 1
      outer loop
         vertex 0.0110607 0.00106066 0.003
         vertex 0.0113858 0.000574025 0.003
         vertex 0.00750021 0.0103385 0.003
      endloop
   endfacet
   facet normal 0 0 -1
      outer loop
         vertex 0.0205571 0.0029192 8.67362e-19
         vertex 0.0209865 0.00278236 0
         vertex 0.0211683 0.00192679 0
      endloop
   endfacet
   facet normal 0 0 -1
      outer loop
         vertex 0.0197661 0.000964579 -8.67362e-19
         vertex 0.0188281 0.000794766 0
         vertex 0.0183881 0.00286466 0
      endloop
   endfacet
   facet normal 0 0 -1
      outer loop
         vertex 0.0208318 -0.00162714 2.1684e-18
         vertex 0.0211683 -0.00192679 0
         vertex 0.0209865 -0.00278236 0
      endloop
   endfacet
   facet normal 0 0 -1
      outer loop
         vertex 0.0193141 -0.00309105 0
         vertex 0.0183881 -0.00286466 0
         vertex 0.0188281 -0.000794766 0
      endloop
   endfacet
   facet normal 0 0 -1
      outer loop
         vertex 0.0160387 -0.00913833 -8.67362e-19
         vertex 0.0160412 -0.00958897 0
         vertex 0.0152837 -0.0100263 0
      endloop
   endfacet
   facet normal 0 0 -1
      outer loop
         vertex 0.015818 -0.00790306 -1.30104e-18
         vertex 0.0139353 -0.00899005 4.33681e-19
         vertex 0.0134839 -0.00815044 0
      endloop
   endfacet
   facet normal 0 0 -1
      outer loop
         vertex 0.0211683 0.00192679 0
         vertex 0.0208318 0.00162714 -4.33681e-19
         vertex 0.0205571 0.0029192 8.67362e-19
      endloop
   endfacet
   facet normal 0 0 -1
      outer loop
         vertex 0.0183881 0.00286466 0
         vertex 0.0193141 0.00309105 8.67362e-19
         vertex 0.0197661 0.000964579 -8.67362e-19
      endloop
   endfacet
   facet normal 0 0 -1
      outer loop
         vertex 0.0209865 -0.00278236 0
         vertex 0.0205571 -0.0029192 0
         vertex 0.0208318 -0.00162714 2.1684e-18
      endloop
   endfacet
   facet normal 0 0 -1
      outer loop
         vertex 0.0188281 -0.000794766 0
         vertex 0.0197661 -0.000964579 1.73472e-18
         vertex 0.0193141 -0.00309105 0
      endloop
   endfacet
   facet normal 0 0 -1
      outer loop
         vertex 0.0192335 -0.00589214 0
         vertex 0.0194191 -0.00630279 0
         vertex 0.018905 -0.00701042 0
      endloop
   endfacet
   facet normal 0 0 -1
      outer loop
         vertex 0.0185295 -0.00485342 0
         vertex 0.0172516 -0.0066122 0
         vertex 0.0164978 -0.00602876 0
      endloop
   endfacet
   facet normal 0 0 -1
      outer loop
         vertex 0.0152837 -0.0100263 0
         vertex 0.0148947 -0.00979879 0
         vertex 0.0160387 -0.00913833 -8.67362e-19
      endloop
   endfacet
   facet normal 0 0 -1
      outer loop
         vertex 0.0134839 -0.00815044 0
         vertex 0.0153165 -0.00709237 0
         vertex 0.015818 -0.00790306 -1.30104e-18
      endloop
   endfacet
   facet normal 0 0 -1
      outer loop
         vertex 0.0123512 -0.00799477 0
         vertex 0.01 -0.0015 0
         vertex 0.010574 -0.00138582 0
      endloop
   endfacet
   facet normal 0 0 -1
      outer loop
         vertex 0.0193141 0.00309105 8.67362e-19
         vertex 0.0205571 0.0029192 8.67362e-19
         vertex 0.0197661 0.000964579 -8.67362e-19
      endloop
   endfacet
   facet normal 0 0 -1
      outer loop
         vertex 0.0186307 0.000738412 0
         vertex 0.0181849 0.00283586 0
         vertex 0.0183881 0.00286466 0
      endloop
   endfacet
   facet normal 0 0 -1
      outer loop
         vertex 0.018468 0.000613295 0
         vertex 0.0163238 0.00591979 0
         vertex 0.0175145 0.00360227 0
      endloop
   endfacet
   facet normal 0 0 -1
      outer loop
         vertex 0.0148947 0.00979879 -3.46945e-18
         vertex 0.0152837 0.0100263 0
         vertex 0.0160412 0.00958897 0
      endloop
   endfacet
   facet normal 0 0 -1
      outer loop
         vertex 0.0139353 0.00899005 -3.46945e-18
         vertex 0.015818 0.00790306 0
         vertex 0.0153165 0.00709237 0
      endloop
   endfacet
   facet normal 0 0 -1
      outer loop
         vertex 0.0197661 -0.000964579 1.73472e-18
         vertex 0.0208318 -0.00162714 2.1684e-18
         vertex 0.0193141 -0.00309105 0
      endloop
   endfacet
   facet normal 0 0 -1
      outer loop
         vertex 0.0181849 -0.00283586 0
         vertex 0.0186307 -0.000738412 0
         vertex 0.0188281 -0.000794766 0
      endloop
   endfacet
   facet normal 0 0 -1
      outer loop
         vertex 0.018905 -0.00701042 0
         vertex 0.0184571 -0.00696079 0
         vertex 0.0192335 -0.00589214 0
      endloop
   endfacet
   facet normal 0 0 -1
      outer loop
         vertex 0.0164978 -0.00602876 0
         vertex 0.0177416 -0.00431677 0
         vertex 0.0185295 -0.00485342 0
      endloop
   endfacet
   facet normal 0 0 -1
      outer loop
         vertex 0.0133693 -0.00798014 0
         vertex 0.0152263 -0.00690798 0
         vertex 0.0153165 -0.00709237 0
      endloop
   endfacet
   facet normal 0 0 -1
      outer loop
         vertex 0.015818 -0.00790306 -1.30104e-18
         vertex 0.0160387 -0.00913833 -8.67362e-19
         vertex 0.0139353 -0.00899005 4.33681e-19
      endloop
   endfacet
   facet normal 0 0 -1
      outer loop
         vertex 0.010574 -0.00138582 0
         vertex 0.0127971 -0.0078499 0
         vertex 0.0123512 -0.00799477 0
      endloop
   endfacet
   facet normal 0 0 -1
      outer loop
         vertex 0.00889616 -0.0082599 0
         vertex 0.00942597 -0.00138582 0
         vertex 0.01 -0.0015 0
      endloop
   endfacet
   facet normal 0 0 -1
      outer loop
         vertex 0.00563198 -0.00709682 0
         vertex 0.00893934 -0.00106066 0
         vertex 0.00942597 -0.00138582 0
      endloop
   endfacet
   facet normal 0 0 -1
      outer loop
         vertex 0.0183881 0.00286466 0
         vertex 0.0188281 0.000794766 0
         vertex 0.0186307 0.000738412 0
      endloop
   endfacet
   facet normal 0 0 -1
      outer loop
         vertex 0.0163238 0.00591979 0
         vertex 0.0174621 0.00380072 0
         vertex 0.0175145 0.00360227 0
      endloop
   endfacet
   facet normal 0 0 -1
      outer loop
         vertex 0.0160412 0.00958897 0
         vertex 0.0160387 0.00913833 0
         vertex 0.0148947 0.00979879 -3.46945e-18
      endloop
   endfacet
   facet normal 0 0 -1
      outer loop
         vertex 0.0153165 0.00709237 0
         vertex 0.0134839 0.00815044 0
         vertex 0.0139353 0.00899005 -3.46945e-18
      endloop
   endfacet
   facet normal 0 0 -1
      outer loop
         vertex 0.0132 0.00786405 0
         vertex 0.0133693 0.00798014 0
         vertex 0.0157481 0.00603358 0
      endloop
   endfacet
   facet normal 0 0 -1
      outer loop
         vertex 0.0113858 0.000574025 0
         vertex 0.00750021 0.0103385 0
         vertex 0.0125002 0.00794944 0
      endloop
   endfacet
   facet normal 0 0 -1
      outer loop
         vertex 0.0188281 -0.000794766 0
         vertex 0.0183881 -0.00286466 0
         vertex 0.0181849 -0.00283586 0
      endloop
   endfacet
   facet normal 0 0 -1
      outer loop
         vertex 0.0175842 -0.00418501 0
         vertex 0.0177416 -0.00431677 0
         vertex 0.0164978 -0.00602876 0
      endloop
   endfacet
   facet normal 0 0 -1
      outer loop
         vertex 0.0185295 -0.00485342 0
         vertex 0.0192335 -0.00589214 0
         vertex 0.0172516 -0.0066122 0
      endloop
   endfacet
   facet normal 0 0 -1
      outer loop
         vertex 0.0148947 -0.00979879 0
         vertex 0.0139353 -0.00899005 4.33681e-19
         vertex 0.0160387 -0.00913833 -8.67362e-19
      endloop
   endfacet
   facet normal 0 0 -1
      outer loop
         vertex 0.0117997 -0.0108044 8.67362e-19
         vertex 0.0116187 -0.0112171 0
         vertex 0.0107488 -0.0113086 0
      endloop
   endfacet
   facet normal 0 0 -1
      outer loop
         vertex 0.010574 -0.00138582 0
         vertex 0.0129999 -0.0078185 0
         vertex 0.0127971 -0.0078499 0
      endloop
   endfacet
   facet normal 0 0 -1
      outer loop
         vertex 0.01 -0.0015 0
         vertex 0.00936239 -0.0083089 0
         vertex 0.00889616 -0.0082599 0
      endloop
   endfacet
   facet normal 0 0 -1
      outer loop
         vertex 0.00942597 -0.00138582 0
         vertex 0.00603798 -0.00733122 0
         vertex 0.00563198 -0.00709682 0
      endloop
   endfacet
   facet normal 0 0 -1
      outer loop
         vertex 0.00312308 -0.00470664 0
         vertex 0.00861418 -0.000574025 0
         vertex 0.00893934 -0.00106066 0
      endloop
   endfacet
   facet normal 0 0 -1
      outer loop
         vertex 0.0186307 0.000738412 0
         vertex 0.0179854 0.00288398 0
         vertex 0.0181849 0.00283586 0
      endloop
   endfacet
   facet normal 0 0 -1
      outer loop
         vertex 0.0175145 0.00360227 0
         vertex 0.0177052 0.00317399 0
         vertex 0.018468 0.000613295 0
      endloop
   endfacet
   facet normal 0 0 -1
      outer loop
         vertex 0.0172516 0.0066122 8.67362e-19
         vertex 0.0185295 0.00485342 -8.67362e-19
         vertex 0.0177416 0.00431677 0
      endloop
   endfacet
   facet normal 0 0 -1
      outer loop
         vertex 0.0184571 0.00696079 8.67362e-19
         vertex 0.018905 0.00701042 0
         vertex 0.0194191 0.00630279 0
      endloop
   endfacet
   facet normal 0 0 -1
      outer loop
         vertex 0.0139353 0.00899005 -3.46945e-18
         vertex 0.0148947 0.00979879 -3.46945e-18
         vertex 0.015818 0.00790306 0
      endloop
   endfacet
   facet normal 0 0 -1
      outer loop
         vertex 0.0152263 0.00690798 0
         vertex 0.0133693 0.00798014 0
         vertex 0.0134839 0.00815044 0
      endloop
   endfacet
   facet normal 0 0 -1
      outer loop
         vertex 0.016122 0.00588259 0
         vertex 0.0163238 0.00591979 0
         vertex 0.018468 0.000613295 0
      endloop
   endfacet
   facet normal 0 0 -1
      outer loop
         vertex 0.0157481 0.00603358 0
         vertex 0.01833 0.000234401 0
         vertex 0.0132 0.00786405 0
      endloop
   endfacet
   facet normal 0 0 -1
      outer loop
         vertex 0.0125002 0.00794944 0
         vertex 0.0127971 0.0078499 0
         vertex 0.0113858 0.000574025 0
      endloop
   endfacet
   facet normal 0 0 -1
      outer loop
         vertex 0.018468 -0.000613295 0
         vertex 0.0181849 -0.00283586 0
         vertex 0.0179854 -0.00288398 0
      endloop
   endfacet
   facet normal 0 0 -1
      outer loop
         vertex 0.0181849 -0.00283586 0
         vertex 0.018468 -0.000613295 0
         vertex 0.0186307 -0.000738412 0
      endloop
   endfacet
   facet normal 0 0 -1
      outer loop
         vertex 0.0115 1.48003e-16 0
         vertex 0.0183629 -0.000437023 0
         vertex 0.018468 -0.000613295 0
      endloop
   endfacet
   facet normal 0 0 -1
      outer loop
         vertex 0.0115 1.48003e-16 0
         vertex 0.01833 0.000234401 0
         vertex 0.01833 -0.000234401 0
      endloop
   endfacet
   facet normal 0 0 -1
      outer loop
         vertex 0.0184571 -0.00696079 0
         vertex 0.0172516 -0.0066122 0
         vertex 0.0192335 -0.00589214 0
      endloop
   endfacet
   facet normal 0 0 -1
      outer loop
         vertex 0.0110607 -0.00106066 0
         vertex 0.0174621 -0.00380072 0
         vertex 0.0174865 -0.00400453 0
      endloop
   endfacet
   facet normal 0 0 -1
      outer loop
         vertex 0.0175145 -0.00360227 0
         vertex 0.0110607 -0.00106066 0
         vertex 0.0113858 -0.000574025 0
      endloop
   endfacet
   facet normal 0 0 -1
      outer loop
         vertex 0.0133693 -0.00798014 0
         vertex 0.0152104 -0.00670334 0
         vertex 0.0152263 -0.00690798 0
      endloop
   endfacet
   facet normal 0 0 -1
      outer loop
         vertex 0.0153997 -0.00634727 0
         vertex 0.010574 -0.00138582 0
         vertex 0.0110607 -0.00106066 0
      endloop
   endfacet
   facet normal 0 0 -1
      outer loop
         vertex 0.0107488 -0.0113086 0
         vertex 0.010486 -0.0109425 0
         vertex 0.0117997 -0.0108044 8.67362e-19
      endloop
   endfacet
   facet normal 0 0 -1
      outer loop
         vertex 0.00993846 -0.00981343 0
         vertex 0.0119722 -0.00864163 0
         vertex 0.0121005 -0.00958619 8.67362e-19
      endloop
   endfacet
   facet normal 0 0 -1
      outer loop
         vertex 0.010574 -0.00138582 0
         vertex 0.0132 -0.00786405 0
         vertex 0.0129999 -0.0078185 0
      endloop
   endfacet
   facet normal 0 0 -1
      outer loop
         vertex 0.00724954 -0.0106023 -2.1684e-18
         vertex 0.00691635 -0.0109058 0
         vertex 0.00608448 -0.0106355 0
      endloop
   endfacet
   facet normal 0 0 -1
      outer loop
         vertex 0.00599327 -0.0101941 0
         vertex 0.0082868 -0.00869668 0
         vertex 0.00801987 -0.00961178 -1.73472e-18
      endloop
   endfacet
   facet normal 0 0 -1
      outer loop
         vertex 0.01 -0.0015 0
         vertex 0.00956047 -0.00836272 0
         vertex 0.00936239 -0.0083089 0
      endloop
   endfacet
   facet normal 0 0 -1
      outer loop
         vertex 0.00317498 -0.008567 0
         vertex 0.00274718 -0.00870867 0
         vertex 0.00209716 -0.00812339 0
      endloop
   endfacet
   facet normal 0 0 -1
      outer loop
         vertex 0.00219334 -0.00768313 1.73472e-18
         vertex 0.00489766 -0.00724799 0
         vertex 0.0042816 -0.0079754 0
      endloop
   endfacet
   facet normal 0 0 -1
      outer loop
         vertex 0.00942597 -0.00138582 0
         vertex 0.00619705 -0.00746095 0
         vertex 0.00603798 -0.00733122 0
      endloop
   endfacet
   facet normal 0 0 -1
      outer loop
         vertex -0.000523687 -0.00420671 0
         vertex 0.00239075 -0.00454606 0
         vertex 0.00153209 -0.00496001 4.33681e-19
      endloop
   endfacet
   facet normal 0 0 -1
      outer loop
         vertex 0.00893934 -0.00106066 0
         vertex 0.00339864 -0.00508591 0
         vertex 0.00312308 -0.00470664 0
      endloop
   endfacet
   facet normal 0 0 -1
      outer loop
         vertex -0.00132489 0.000437344 0
         vertex 0.00119956 -0.00105807 0
         vertex 0.000246762 -0.00108699 0
      endloop
   endfacet
   facet normal 0 0 -1
      outer loop
         vertex 0.00861418 -0.000574025 0
         vertex 0.00190073 -0.00196119 0
         vertex 0.00180326 -0.00150263 0
      endloop
   endfacet
   facet normal 0 0 -1
      outer loop
         vertex 0.00861418 0.000574025 0
         vertex 0.0085 1.47084e-16 0
         vertex 0.00180326 0.00150263 0
      endloop
   endfacet
   facet normal 0 0 -1
      outer loop
         vertex 0.00893934 0.00106066 0
         vertex 0.00345161 0.00567041 0
         vertex 0.00332506 0.00583201 0
      endloop
   endfacet
   facet normal 0 0 -1
      outer loop
         vertex 0.00312308 0.00470664 0
         vertex 0.00339864 0.00508591 0
         vertex 0.00893934 0.00106066 0
      endloop
   endfacet
   facet normal 0 0 -1
      outer loop
         vertex 0.00563198 0.00709682 0
         vertex 0.00603798 0.00733122 0
         vertex 0.00942597 0.00138582 0
      endloop
   endfacet
   facet normal 0 0 -1
      outer loop
         vertex 0.0208318 0.00162714 -4.33681e-19
         vertex 0.0197661 0.000964579 -8.67362e-19
         vertex 0.0205571 0.0029192 8.67362e-19
      endloop
   endfacet
   facet normal 0 0 -1
      outer loop
         vertex 0.0177052 0.00317399 0
         vertex 0.0178176 0.00300224 0
         vertex 0.018468 0.000613295 0
      endloop
   endfacet
   facet normal 0 0 -1
      outer loop
         vertex 0.0172516 0.0066122 8.67362e-19
         vertex 0.0192335 0.00589214 -8.67362e-19
         vertex 0.0185295 0.00485342 -8.67362e-19
      endloop
   endfacet
   facet normal 0 0 -1
      outer loop
         vertex 0.0192335 0.00589214 -8.67362e-19
         vertex 0.0172516 0.0066122 8.67362e-19
         vertex 0.0184571 0.00696079 8.67362e-19
      endloop
   endfacet
   facet normal 0 0 -1
      outer loop
         vertex 0.0133693 0.00798014 0
         vertex 0.0152711 0.00650723 0
         vertex 0.0153997 0.00634727 0
      endloop
   endfacet
   facet normal 0 0 -1
      outer loop
         vertex 0.0134839 0.00815044 0
         vertex 0.0153165 0.00709237 0
         vertex 0.0152263 0.00690798 0
      endloop
   endfacet
   facet normal 0 0 -1
      outer loop
         vertex 0.018468 0.000613295 0
         vertex 0.0183629 0.000437023 0
         vertex 0.016122 0.00588259 0
      endloop
   endfacet
   facet normal 0 0 -1
      outer loop
         vertex 0.0157481 0.00603358 0
         vertex 0.0159206 0.00592238 0
         vertex 0.01833 0.000234401 0
      endloop
   endfacet
   facet normal 0 0 -1
      outer loop
         vertex 0.01833 0.000234401 0
         vertex 0.0115 1.48003e-16 0
         vertex 0.0129999 0.0078185 0
      endloop
   endfacet
   facet normal 0 0 -1
      outer loop
         vertex 0.0129999 0.0078185 0
         vertex 0.0115 1.48003e-16 0
         vertex 0.0113858 0.000574025 0
      endloop
   endfacet
   facet normal 0 0 -1
      outer loop
         vertex 0.0205571 -0.0029192 0
         vertex 0.0193141 -0.00309105 0
         vertex 0.0208318 -0.00162714 2.1684e-18
      endloop
   endfacet
   facet normal 0 0 -1
      outer loop
         vertex 0.01833 -0.000234401 0
         vertex 0.0183629 -0.000437023 0
         vertex 0.0115 1.48003e-16 0
      endloop
   endfacet
   facet normal 0 0 -1
      outer loop
         vertex 0.0164978 -0.00602876 0
         vertex 0.0163238 -0.00591979 0
         vertex 0.0175842 -0.00418501 0
      endloop
   endfacet
   facet normal 0 0 -1
      outer loop
         vertex 0.0174865 -0.00400453 0
         vertex 0.0159206 -0.00592238 0
         vertex 0.0110607 -0.00106066 0
      endloop
   endfacet
   facet normal 0 0 -1
      outer loop
         vertex 0.0113858 -0.000574025 0
         vertex 0.0177052 -0.00317399 0
         vertex 0.0175145 -0.00360227 0
      endloop
   endfacet
   facet normal 0 0 -1
      outer loop
         vertex 0.0152711 -0.00650723 0
         vertex 0.0133693 -0.00798014 0
         vertex 0.0132 -0.00786405 0
      endloop
   endfacet
   facet normal 0 0 -1
      outer loop
         vertex 0.0133693 -0.00798014 0
         vertex 0.0152711 -0.00650723 0
         vertex 0.0152104 -0.00670334 0
      endloop
   endfacet
   facet normal 0 0 -1
      outer loop
         vertex 0.0110607 -0.00106066 0
         vertex 0.0157481 -0.00603358 0
         vertex 0.0153997 -0.00634727 0
      endloop
   endfacet
   facet normal 0 0 -1
      outer loop
         vertex 0.0121005 -0.00958619 8.67362e-19
         vertex 0.0117997 -0.0108044 8.67362e-19
         vertex 0.00993846 -0.00981343 0
      endloop
   endfacet
   facet normal 0 0 -1
      outer loop
         vertex 0.01 -0.0015 0
         vertex 0.0120335 -0.00824308 0
         vertex 0.0119648 -0.0084365 0
      endloop
   endfacet
   facet normal 0 0 -1
      outer loop
         vertex 0.0123512 -0.00799477 0
         vertex 0.0121686 -0.00808859 0
         vertex 0.01 -0.0015 0
      endloop
   endfacet
   facet normal 0 0 -1
      outer loop
         vertex 0.00801987 -0.00961178 -1.73472e-18
         vertex 0.00724954 -0.0106023 -2.1684e-18
         vertex 0.00599327 -0.0101941 0
      endloop
   endfacet
   facet normal 0 0 -1
      outer loop
         vertex 0.00599327 -0.0101941 0
         vertex 0.00942597 -0.00138582 0
         vertex 0.00836347 -0.00850627 0
      endloop
   endfacet
   facet normal 0 0 -1
      outer loop
         vertex 0.01 -0.0015 0
         vertex 0.00972479 -0.00848574 0
         vertex 0.00956047 -0.00836272 0
      endloop
   endfacet
   facet normal 0 0 -1
      outer loop
         vertex 0.0042816 -0.0079754 0
         vertex 0.00317498 -0.008567 0
         vertex 0.00219334 -0.00768313 1.73472e-18
      endloop
   endfacet
   facet normal 0 0 -1
      outer loop
         vertex 0.00219334 -0.00768313 1.73472e-18
         vertex 0.00893934 -0.00106066 0
         vertex 0.00504515 -0.00710523 0
      endloop
   endfacet
   facet normal 0 0 -1
      outer loop
         vertex 0.00942597 -0.00138582 0
         vertex 0.00629712 -0.00764017 0
         vertex 0.00619705 -0.00746095 0
      endloop
   endfacet
   facet normal 0 0 -1
      outer loop
         vertex 0.00153209 -0.00496001 4.33681e-19
         vertex 0.000280517 -0.00505036 0
         vertex -0.000523687 -0.00420671 0
      endloop
   endfacet
   facet normal 0 0 -1
      outer loop
         vertex -0.000523687 -0.00420671 0
         vertex 0.00861418 -0.000574025 0
         vertex 0.00258356 -0.00447563 0
      endloop
   endfacet
   facet normal 0 0 -1
      outer loop
         vertex 0.00893934 -0.00106066 0
         vertex 0.00349119 -0.00526912 0
         vertex 0.00339864 -0.00508591 0
      endloop
   endfacet
   facet normal 0 0 -1
      outer loop
         vertex 0.000246762 -0.00108699 0
         vertex -0.000933356 -0.000660462 0
         vertex -0.00132489 0.000437344 0
      endloop
   endfacet
   facet normal 0 0 -1
      outer loop
         vertex -0.00132489 0.000437344 0
         vertex 0.0085 1.47084e-16 0
         vertex 0.00140434 -0.00107216 0
      endloop
   endfacet
   facet normal 0 0 -1
      outer loop
         vertex 0.00861418 -0.000574025 0
         vertex 0.00191076 -0.00216621 0
         vertex 0.00190073 -0.00196119 0
      endloop
   endfacet
   facet normal 0 0 -1
      outer loop
         vertex 0.00180326 0.00150263 0
         vertex 0.00190073 0.00196119 0
         vertex 0.00861418 0.000574025 0
      endloop
   endfacet
   facet normal 0 0 -1
      outer loop
         vertex 0.00332506 0.00583201 0
         vertex 0.00219334 0.00768313 8.67362e-19
         vertex 0.00893934 0.00106066 0
      endloop
   endfacet
   facet normal 0 0 -1
      outer loop
         vertex 0.00893934 0.00106066 0
         vertex 0.00861418 0.000574025 0
         vertex 0.00312308 0.00470664 0
      endloop
   endfacet
   facet normal 0 0 -1
      outer loop
         vertex 0.00942597 0.00138582 0
         vertex 0.00893934 0.00106066 0
         vertex 0.00563198 0.00709682 0
      endloop
   endfacet
   facet normal 0 0 -1
      outer loop
         vertex 0.00219334 0.00768313 8.67362e-19
         vertex 0.00317498 0.008567 -8.67362e-19
         vertex 0.0042816 0.0079754 -8.67362e-19
      endloop
   endfacet
   facet normal 0 0 -1
      outer loop
         vertex 0.00219334 0.00768313 8.67362e-19
         vertex 0.00209716 0.00812339 0
         vertex 0.00274718 0.00870867 0
      endloop
   endfacet
   facet normal 0 0 -1
      outer loop
         vertex 0.0178176 0.00300224 0
         vertex 0.0179854 0.00288398 0
         vertex 0.018468 0.000613295 0
      endloop
   endfacet
   facet normal 0 0 -1
      outer loop
         vertex 0.0163238 0.00591979 0
         vertex 0.0175842 0.00418501 0
         vertex 0.0174865 0.00400453 0
      endloop
   endfacet
   facet normal 0 0 -1
      outer loop
         vertex 0.0175842 0.00418501 0
         vertex 0.0163238 0.00591979 0
         vertex 0.0164978 0.00602876 0
      endloop
   endfacet
   facet normal 0 0 -1
      outer loop
         vertex 0.0194191 0.00630279 0
         vertex 0.0192335 0.00589214 -8.67362e-19
         vertex 0.0184571 0.00696079 8.67362e-19
      endloop
   endfacet
   facet normal 0 0 -1
      outer loop
         vertex 0.0133693 0.00798014 0
         vertex 0.0152104 0.00670334 0
         vertex 0.0152711 0.00650723 0
      endloop
   endfacet
   facet normal 0 0 -1
      outer loop
         vertex 0.0160387 0.00913833 0
         vertex 0.015818 0.00790306 0
         vertex 0.0148947 0.00979879 -3.46945e-18
      endloop
   endfacet
   facet normal 0 0 -1
      outer loop
         vertex 0.0159206 0.00592238 0
         vertex 0.016122 0.00588259 0
         vertex 0.01833 0.000234401 0
      endloop
   endfacet
   facet normal 0 0 -1
      outer loop
         vertex 0.0127971 0.0078499 0
         vertex 0.0129999 0.0078185 0
         vertex 0.0113858 0.000574025 0
      endloop
   endfacet
   facet normal 0 0 -1
      outer loop
         vertex 0.0178176 -0.00300224 0
         vertex 0.0177052 -0.00317399 0
         vertex 0.0113858 -0.000574025 0
      endloop
   endfacet
   facet normal 0 0 -1
      outer loop
         vertex 0.018468 -0.000613295 0
         vertex 0.0178176 -0.00300224 0
         vertex 0.0115 1.48003e-16 0
      endloop
   endfacet
   facet normal 0 0 -1
      outer loop
         vertex 0.0163238 -0.00591979 0
         vertex 0.016122 -0.00588259 0
         vertex 0.0175842 -0.00418501 0
      endloop
   endfacet
   facet normal 0 0 -1
      outer loop
         vertex 0.0175145 -0.00360227 0
         vertex 0.0174621 -0.00380072 0
         vertex 0.0110607 -0.00106066 0
      endloop
   endfacet
   facet normal 0 0 -1
      outer loop
         vertex 0.0153165 -0.00709237 0
         vertex 0.0134839 -0.00815044 0
         vertex 0.0133693 -0.00798014 0
      endloop
   endfacet
   facet normal 0 0 -1
      outer loop
         vertex 0.0110607 -0.00106066 0
         vertex 0.0159206 -0.00592238 0
         vertex 0.0157481 -0.00603358 0
      endloop
   endfacet
   facet normal 0 0 -1
      outer loop
         vertex 0.00993846 -0.00981343 0
         vertex 0.0119648 -0.0084365 0
         vertex 0.0119722 -0.00864163 0
      endloop
   endfacet
   facet normal 0 0 -1
      outer loop
         vertex 0.0121686 -0.00808859 0
         vertex 0.0120335 -0.00824308 0
         vertex 0.01 -0.0015 0
      endloop
   endfacet
   facet normal 0 0 -1
      outer loop
         vertex 0.00836347 -0.00850627 0
         vertex 0.0082868 -0.00869668 0
         vertex 0.00599327 -0.0101941 0
      endloop
   endfacet
   facet normal 0 0 -1
      outer loop
         vertex 0.01 -0.0015 0
         vertex 0.00983221 -0.00866064 0
         vertex 0.00972479 -0.00848574 0
      endloop
   endfacet
   facet normal 0 0 -1
      outer loop
         vertex 0.00504515 -0.00710523 0
         vertex 0.00489766 -0.00724799 0
         vertex 0.00219334 -0.00768313 1.73472e-18
      endloop
   endfacet
   facet normal 0 0 -1
      outer loop
         vertex 0.00942597 -0.00138582 0
         vertex 0.00632411 -0.00784365 0
         vertex 0.00629712 -0.00764017 0
      endloop
   endfacet
   facet normal 0 0 -1
      outer loop
         vertex 0.00258356 -0.00447563 0
         vertex 0.00239075 -0.00454606 0
         vertex -0.000523687 -0.00420671 0
      endloop
   endfacet
   facet normal 0 0 -1
      outer loop
         vertex 0.00893934 -0.00106066 0
         vertex 0.00350972 -0.00547354 0
         vertex 0.00349119 -0.00526912 0
      endloop
   endfacet
   facet normal 0 0 -1
      outer loop
         vertex 0.00140434 -0.00107216 0
         vertex 0.00119956 -0.00105807 0
         vertex -0.00132489 0.000437344 0
      endloop
   endfacet
   facet normal 0 0 -1
      outer loop
         vertex 0.00180326 -0.00150263 0
         vertex 0.0085 1.47084e-16 0
         vertex 0.00861418 -0.000574025 0
      endloop
   endfacet
   facet normal 0 0 -1
      outer loop
         vertex 0.00153004 0.00261287 0
         vertex 0.000647856 0.00297399 8.67362e-19
         vertex -0.000256751 0.00384363 8.67362e-19
      endloop
   endfacet
   facet normal 0 0 -1
      outer loop
         vertex 0.00861418 0.000574025 0
         vertex 0.00171139 0.00251671 0
         vertex 0.00153004 0.00261287 0
      endloop
   endfacet
   facet normal 0 0 -1
      outer loop
         vertex 0.0085 1.47084e-16 0
         vertex 0.00172904 0.00131126 0
         vertex 0.00180326 0.00150263 0
      endloop
   endfacet
   facet normal 0 0 -1
      outer loop
         vertex 0.00893934 0.00106066 0
         vertex 0.00350972 0.00547354 0
         vertex 0.00345161 0.00567041 0
      endloop
   endfacet
   facet normal 0 0 -1
      outer loop
         vertex 0.00861418 0.000574025 0
         vertex 0.00297744 0.004562 0
         vertex 0.00312308 0.00470664 0
      endloop
   endfacet
   facet normal 0 0 -1
      outer loop
         vertex 0.00893934 0.00106066 0
         vertex 0.0054401 0.00702393 0
         vertex 0.00563198 0.00709682 0
      endloop
   endfacet
   facet normal 0 0 -1
      outer loop
         vertex 0.00219334 0.00768313 8.67362e-19
         vertex 0.00489766 0.00724799 0
         vertex 0.00504515 0.00710523 0
      endloop
   endfacet
   facet normal 0 0 -1
      outer loop
         vertex 0.00274718 0.00870867 0
         vertex 0.00317498 0.008567 -8.67362e-19
         vertex 0.00219334 0.00768313 8.67362e-19
      endloop
   endfacet
   facet normal 0 0 -1
      outer loop
         vertex 0.0174865 0.00400453 0
         vertex 0.0174621 0.00380072 0
         vertex 0.0163238 0.00591979 0
      endloop
   endfacet
   facet normal 0 0 -1
      outer loop
         vertex 0.0177416 0.00431677 0
         vertex 0.0164978 0.00602876 0
         vertex 0.0172516 0.0066122 8.67362e-19
      endloop
   endfacet
   facet normal 0 0 -1
      outer loop
         vertex 0.0152263 0.00690798 0
         vertex 0.0152104 0.00670334 0
         vertex 0.0133693 0.00798014 0
      endloop
   endfacet
   facet normal 0 0 -1
      outer loop
         vertex 0.0129999 0.0078185 0
         vertex 0.0132 0.00786405 0
         vertex 0.01833 0.000234401 0
      endloop
   endfacet
   facet normal 0 0 -1
      outer loop
         vertex 0.0179854 -0.00288398 0
         vertex 0.0178176 -0.00300224 0
         vertex 0.018468 -0.000613295 0
      endloop
   endfacet
   facet normal 0 0 -1
      outer loop
         vertex 0.0174865 -0.00400453 0
         vertex 0.0175842 -0.00418501 0
         vertex 0.0159206 -0.00592238 0
      endloop
   endfacet
   facet normal 0 0 -1
      outer loop
         vertex 0.0153997 -0.00634727 0
         vertex 0.0152711 -0.00650723 0
         vertex 0.010574 -0.00138582 0
      endloop
   endfacet
   facet normal 0 0 -1
      outer loop
         vertex 0.0119648 -0.0084365 0
         vertex 0.00993846 -0.00981343 0
         vertex 0.01 -0.0015 0
      endloop
   endfacet
   facet normal 0 0 -1
      outer loop
         vertex 0.00942597 -0.00138582 0
         vertex 0.00850492 -0.00835752 0
         vertex 0.00836347 -0.00850627 0
      endloop
   endfacet
   facet normal 0 0 -1
      outer loop
         vertex 0.00889616 -0.0082599 0
         vertex 0.00869122 -0.00827136 0
         vertex 0.00942597 -0.00138582 0
      endloop
   endfacet
   facet normal 0 0 -1
      outer loop
         vertex 0.00893934 -0.00106066 0
         vertex 0.00523486 -0.00702687 0
         vertex 0.00504515 -0.00710523 0
      endloop
   endfacet
   facet normal 0 0 -1
      outer loop
         vertex 0.00563198 -0.00709682 0
         vertex 0.0054401 -0.00702393 0
         vertex 0.00893934 -0.00106066 0
      endloop
   endfacet
   facet normal 0 0 -1
      outer loop
         vertex 0.00942597 -0.00138582 0
         vertex 0.00599327 -0.0101941 0
         vertex 0.00627423 -0.00804275 0
      endloop
   endfacet
   facet normal 0 0 -1
      outer loop
         vertex 0.00861418 -0.000574025 0
         vertex 0.00278874 -0.00448121 0
         vertex 0.00258356 -0.00447563 0
      endloop
   endfacet
   facet normal 0 0 -1
      outer loop
         vertex 0.00312308 -0.00470664 0
         vertex 0.00297744 -0.004562 0
         vertex 0.00861418 -0.000574025 0
      endloop
   endfacet
   facet normal 0 0 -1
      outer loop
         vertex 0.0085 1.47084e-16 0
         vertex 0.00158952 -0.00116071 0
         vertex 0.00140434 -0.00107216 0
      endloop
   endfacet
   facet normal 0 0 -1
      outer loop
         vertex 0.00180326 -0.00150263 0
         vertex 0.00172904 -0.00131126 0
         vertex 0.0085 1.47084e-16 0
      endloop
   endfacet
   facet normal 0 0 -1
      outer loop
         vertex 0.00861418 -0.000574025 0
         vertex -0.000523687 -0.00420671 0
         vertex 0.00153004 -0.00261287 0
      endloop
   endfacet
   facet normal 0 0 -1
      outer loop
         vertex 0.00153004 -0.00261287 0
         vertex -0.000523687 -0.00420671 0
         vertex -0.000256751 -0.00384363 0
      endloop
   endfacet
   facet normal 0 0 -1
      outer loop
         vertex 0.00769073 0.0209569 0
         vertex 0.00823268 0.021768 0
         vertex 0.00893975 0.0210609 0
      endloop
   endfacet
   facet normal 0 0 -1
      outer loop
         vertex 0.00823268 0.021768 0
         vertex 0.00904375 0.0223099 0
         vertex 0.00942638 0.021386 0
      endloop
   endfacet
   facet normal 0 0 -1
      outer loop
         vertex 0.0109572 0.0223099 0
         vertex 0.0117682 0.0217679 0
         vertex 0.0110611 0.0210609 0
      endloop
   endfacet
   facet normal 0 0 -1
      outer loop
         vertex 0.0117682 0.0217679 0
         vertex 0.0123101 0.0209569 0
         vertex 0.0113862 0.0205742 0
      endloop
   endfacet
   facet normal 0 0 -1
      outer loop
         vertex 0.0125002 0.00794944 0
         vertex 0.0110611 0.0189395 0
         vertex 0.0113862 0.0194262 0
      endloop
   endfacet
   facet normal 0 0 -1
      outer loop
         vertex 0.00750021 0.0103385 0
         vertex 0.00750041 0.0200002 0
         vertex 0.00861459 0.0194262 0
      endloop
   endfacet
   facet normal 0 0 -1
      outer loop
         vertex 0.00153004 0.00261287 0
         vertex -0.000523687 0.00420671 0
         vertex 0.00861418 0.000574025 0
      endloop
   endfacet
   facet normal 0 0 -1
      outer loop
         vertex 0.0085 1.47084e-16 0
         vertex 0.00158952 0.00116071 0
         vertex 0.00172904 0.00131126 0
      endloop
   endfacet
   facet normal 0 0 -1
      outer loop
         vertex 0.0085 1.47084e-16 0
         vertex -0.00132489 0.000437344 0
         vertex 0.00119956 0.00105807 0
      endloop
   endfacet
   facet normal 0 0 -1
      outer loop
         vertex 0.00119956 0.00105807 0
         vertex -0.00132489 0.000437344 0
         vertex -0.000933356 0.000660462 1.73472e-18
      endloop
   endfacet
   facet normal 0 0 -1
      outer loop
         vertex 0.00893934 0.00106066 0
         vertex 0.00349119 0.00526912 0
         vertex 0.00350972 0.00547354 0
      endloop
   endfacet
   facet normal 0 0 -1
      outer loop
         vertex 0.00861418 0.000574025 0
         vertex 0.00278874 0.00448121 0
         vertex 0.00297744 0.004562 0
      endloop
   endfacet
   facet normal 0 0 -1
      outer loop
         vertex -0.000523687 0.00420671 0
         vertex 0.000280517 0.00505036 0
         vertex 0.00153209 0.00496001 -4.33681e-19
      endloop
   endfacet
   facet normal 0 0 -1
      outer loop
         vertex 0.00942597 0.00138582 0
         vertex 0.00619705 0.00746095 0
         vertex 0.00629712 0.00764017 0
      endloop
   endfacet
   facet normal 0 0 -1
      outer loop
         vertex 0.00893934 0.00106066 0
         vertex 0.00523486 0.00702687 0
         vertex 0.0054401 0.00702393 0
      endloop
   endfacet
   facet normal 0 0 -1
      outer loop
         vertex 0.0042816 0.0079754 -8.67362e-19
         vertex 0.00489766 0.00724799 0
         vertex 0.00219334 0.00768313 8.67362e-19
      endloop
   endfacet
   facet normal 0 0 -1
      outer loop
         vertex 0.00942597 0.00138582 0
         vertex 0.00599327 0.0101941 0
         vertex 0.00750021 0.0103385 0
      endloop
   endfacet
   facet normal 0 0 -1
      outer loop
         vertex 0.0164978 0.00602876 0
         vertex 0.0177416 0.00431677 0
         vertex 0.0175842 0.00418501 0
      endloop
   endfacet
   facet normal 0 0 -1
      outer loop
         vertex 0.0183629 0.000437023 0
         vertex 0.01833 0.000234401 0
         vertex 0.016122 0.00588259 0
      endloop
   endfacet
   facet normal 0 0 -1
      outer loop
         vertex 0.016122 -0.00588259 0
         vertex 0.0159206 -0.00592238 0
         vertex 0.0175842 -0.00418501 0
      endloop
   endfacet
   facet normal 0 0 -1
      outer loop
         vertex 0.010486 -0.0109425 0
         vertex 0.00993846 -0.00981343 0
         vertex 0.0117997 -0.0108044 8.67362e-19
      endloop
   endfacet
   facet normal 0 0 -1
      outer loop
         vertex 0.00869122 -0.00827136 0
         vertex 0.00850492 -0.00835752 0
         vertex 0.00942597 -0.00138582 0
      endloop
   endfacet
   facet normal 0 0 -1
      outer loop
         vertex 0.01 -0.0015 0
         vertex 0.00993846 -0.00981343 0
         vertex 0.00986762 -0.00886283 0
      endloop
   endfacet
   facet normal 0 0 -1
      outer loop
         vertex 0.0054401 -0.00702393 0
         vertex 0.00523486 -0.00702687 0
         vertex 0.00893934 -0.00106066 0
      endloop
   endfacet
   facet normal 0 0 -1
      outer loop
         vertex 0.00599327 -0.0101941 0
         vertex 0.0059523 -0.00893998 0
         vertex 0.00627423 -0.00804275 0
      endloop
   endfacet
   facet normal 0 0 -1
      outer loop
         vertex 0.00297744 -0.004562 0
         vertex 0.00278874 -0.00448121 0
         vertex 0.00861418 -0.000574025 0
      endloop
   endfacet
   facet normal 0 0 -1
      outer loop
         vertex 0.00893934 -0.00106066 0
         vertex 0.00219334 -0.00768313 1.73472e-18
         vertex 0.00332506 -0.00583201 0
      endloop
   endfacet
   facet normal 0 0 -1
      outer loop
         vertex 0.00172904 -0.00131126 0
         vertex 0.00158952 -0.00116071 0
         vertex 0.0085 1.47084e-16 0
      endloop
   endfacet
   facet normal 0 0 -1
      outer loop
         vertex -0.000256751 -0.00384363 0
         vertex 0.000647856 -0.00297399 4.33681e-19
         vertex 0.00153004 -0.00261287 0
      endloop
   endfacet
   facet normal 0 0 -1
      outer loop
         vertex 0.00750041 0.0200002 0
         vertex 0.00769073 0.0209569 0
         vertex 0.00861459 0.0205742 0
      endloop
   endfacet
   facet normal 0 0 -1
      outer loop
         vertex 0.00942638 0.021386 0
         vertex 0.00893975 0.0210609 0
         vertex 0.00823268 0.021768 0
      endloop
   endfacet
   facet normal 0 0 -1
      outer loop
         vertex 0.00904375 0.0223099 0
         vertex 0.0100005 0.0225002 0
         vertex 0.0100004 0.0215002 0
      endloop
   endfacet
   facet normal 0 0 -1
      outer loop
         vertex 0.0100005 0.0225002 0
         vertex 0.0109572 0.0223099 0
         vertex 0.0105744 0.021386 0
      endloop
   endfacet
   facet normal 0 0 -1
      outer loop
         vertex 0.0113862 0.0205742 0
         vertex 0.0110611 0.0210609 0
         vertex 0.0117682 0.0217679 0
      endloop
   endfacet
   facet normal 0 0 -1
      outer loop
         vertex 0.0123101 0.0209569 0
         vertex 0.0125004 0.0200001 0
         vertex 0.0115004 0.0200002 0
      endloop
   endfacet
   facet normal 0 0 -1
      outer loop
         vertex 0.0125002 0.00794944 0
         vertex 0.0105744 0.0186144 0
         vertex 0.0110611 0.0189395 0
      endloop
   endfacet
   facet normal 0 0 -1
      outer loop
         vertex 0.00861459 0.0194262 0
         vertex 0.00893975 0.0189395 0
         vertex 0.00750021 0.0103385 0
      endloop
   endfacet
   facet normal 0 0 -1
      outer loop
         vertex 0.00861418 0.000574025 0
         vertex 0.00184454 0.00236049 0
         vertex 0.00171139 0.00251671 0
      endloop
   endfacet
   facet normal 0 0 -1
      outer loop
         vertex 0.00190073 0.00196119 0
         vertex 0.00191076 0.00216621 0
         vertex 0.00861418 0.000574025 0
      endloop
   endfacet
   facet normal 0 0 -1
      outer loop
         vertex -0.000933356 0.000660462 1.73472e-18
         vertex 0.000246762 0.00108699 2.1684e-18
         vertex 0.00119956 0.00105807 0
      endloop
   endfacet
   facet normal 0 0 -1
      outer loop
         vertex 0.00339864 0.00508591 0
         vertex 0.00349119 0.00526912 0
         vertex 0.00893934 0.00106066 0
      endloop
   endfacet
   facet normal 0 0 -1
      outer loop
         vertex -0.000523687 0.00420671 0
         vertex 0.00239075 0.00454606 0
         vertex 0.00258356 0.00447563 0
      endloop
   endfacet
   facet normal 0 0 -1
      outer loop
         vertex -0.000523687 0.00420671 0
         vertex -0.00016792 0.00500578 0
         vertex 0.000280517 0.00505036 0
      endloop
   endfacet
   facet normal 0 0 -1
      outer loop
         vertex 0.00942597 0.00138582 0
         vertex 0.00632411 0.00784365 0
         vertex 0.00627423 0.00804275 0
      endloop
   endfacet
   facet normal 0 0 -1
      outer loop
         vertex 0.00603798 0.00733122 0
         vertex 0.00619705 0.00746095 0
         vertex 0.00942597 0.00138582 0
      endloop
   endfacet
   facet normal 0 0 -1
      outer loop
         vertex 0.00504515 0.00710523 0
         vertex 0.00893934 0.00106066 0
         vertex 0.00219334 0.00768313 8.67362e-19
      endloop
   endfacet
   facet normal 0 0 -1
      outer loop
         vertex 0.00599327 0.0101941 0
         vertex 0.00722725 0.0106241 0
         vertex 0.00750021 0.0103385 0
      endloop
   endfacet
   facet normal 0 0 -1
      outer loop
         vertex 0.00599327 0.0101941 0
         vertex 0.00608448 0.0106355 0
         vertex 0.00691635 0.0109058 0
      endloop
   endfacet
   facet normal 0 0 -1
      outer loop
         vertex 0.0153997 0.00634727 0
         vertex 0.0157481 0.00603358 0
         vertex 0.0133693 0.00798014 0
      endloop
   endfacet
   facet normal 0 0 -1
      outer loop
         vertex 0.0132 -0.00786405 0
         vertex 0.010574 -0.00138582 0
         vertex 0.0152711 -0.00650723 0
      endloop
   endfacet
   facet normal 0 0 -1
      outer loop
         vertex 0.00986762 -0.00886283 0
         vertex 0.00983221 -0.00866064 0
         vertex 0.01 -0.0015 0
      endloop
   endfacet
   facet normal 0 0 -1
      outer loop
         vertex 0.00627423 -0.00804275 0
         vertex 0.00632411 -0.00784365 0
         vertex 0.00942597 -0.00138582 0
      endloop
   endfacet
   facet normal 0 0 -1
      outer loop
         vertex 0.00893934 -0.00106066 0
         vertex 0.00345161 -0.00567041 0
         vertex 0.00350972 -0.00547354 0
      endloop
   endfacet
   facet normal 0 0 -1
      outer loop
         vertex 0.00219334 -0.00768313 1.73472e-18
         vertex 0.00266602 -0.00652073 2.1684e-18
         vertex 0.00332506 -0.00583201 0
      endloop
   endfacet
   facet normal 0 0 -1
      outer loop
         vertex 0.00861418 -0.000574025 0
         vertex 0.00184454 -0.00236049 0
         vertex 0.00191076 -0.00216621 0
      endloop
   endfacet
   facet normal 0 0 -1
      outer loop
         vertex 0.00153004 -0.00261287 0
         vertex 0.00171139 -0.00251671 0
         vertex 0.00861418 -0.000574025 0
      endloop
   endfacet
   facet normal 0 0 -1
      outer loop
         vertex 0.00893975 0.0210609 0
         vertex 0.00861459 0.0205742 0
         vertex 0.00769073 0.0209569 0
      endloop
   endfacet
   facet normal 0 0 -1
      outer loop
         vertex 0.0105744 0.021386 0
         vertex 0.0100004 0.0215002 0
         vertex 0.0100005 0.0225002 0
      endloop
   endfacet
   facet normal 0 0 -1
      outer loop
         vertex 0.0115004 0.0200002 0
         vertex 0.0113862 0.0205742 0
         vertex 0.0123101 0.0209569 0
      endloop
   endfacet
   facet normal 0 0 -1
      outer loop
         vertex 0.0113862 0.0194262 0
         vertex 0.0125004 0.0200001 0
         vertex 0.0125002 0.00794944 0
      endloop
   endfacet
   facet normal 0 0 -1
      outer loop
         vertex 0.00750021 0.0103385 0
         vertex 0.00942638 0.0186144 0
         vertex 0.0100004 0.0185002 0
      endloop
   endfacet
   facet normal 0 0 -1
      outer loop
         vertex 0.00750041 0.0200002 0
         vertex 0.00850041 0.0200002 0
         vertex 0.00861459 0.0194262 0
      endloop
   endfacet
   facet normal 0 0 -1
      outer loop
         vertex 0.00191076 0.00216621 0
         vertex 0.00184454 0.00236049 0
         vertex 0.00861418 0.000574025 0
      endloop
   endfacet
   facet normal 0 0 -1
      outer loop
         vertex 0.00119956 0.00105807 0
         vertex 0.00140434 0.00107216 0
         vertex 0.0085 1.47084e-16 0
      endloop
   endfacet
   facet normal 0 0 -1
      outer loop
         vertex 0.00861418 0.000574025 0
         vertex 0.00258356 0.00447563 0
         vertex 0.00278874 0.00448121 0
      endloop
   endfacet
   facet normal 0 0 -1
      outer loop
         vertex 0.00153209 0.00496001 -4.33681e-19
         vertex 0.00239075 0.00454606 0
         vertex -0.000523687 0.00420671 0
      endloop
   endfacet
   facet normal 0 0 -1
      outer loop
         vertex 0.00627423 0.00804275 0
         vertex 0.00599327 0.0101941 0
         vertex 0.00942597 0.00138582 0
      endloop
   endfacet
   facet normal 0 0 -1
      outer loop
         vertex 0.00504515 0.00710523 0
         vertex 0.00523486 0.00702687 0
         vertex 0.00893934 0.00106066 0
      endloop
   endfacet
   facet normal 0 0 -1
      outer loop
         vertex 0.00691635 0.0109058 0
         vertex 0.00722725 0.0106241 0
         vertex 0.00599327 0.0101941 0
      endloop
   endfacet
   facet normal 0 0 -1
      outer loop
         vertex 0.0113858 -0.000574025 0
         vertex 0.0115 1.48003e-16 0
         vertex 0.0178176 -0.00300224 0
      endloop
   endfacet
   facet normal 0 0 -1
      outer loop
         vertex 0.00209716 -0.00812339 0
         vertex 0.00219334 -0.00768313 1.73472e-18
         vertex 0.00317498 -0.008567 0
      endloop
   endfacet
   facet normal 0 0 -1
      outer loop
         vertex 0.00332506 -0.00583201 0
         vertex 0.00345161 -0.00567041 0
         vertex 0.00893934 -0.00106066 0
      endloop
   endfacet
   facet normal 0 0 -1
      outer loop
         vertex 0.00171139 -0.00251671 0
         vertex 0.00184454 -0.00236049 0
         vertex 0.00861418 -0.000574025 0
      endloop
   endfacet
   facet normal 0 0 -1
      outer loop
         vertex 0.0100004 0.0215002 0
         vertex 0.00942638 0.021386 0
         vertex 0.00904375 0.0223099 0
      endloop
   endfacet
   facet normal 0 0 -1
      outer loop
         vertex 0.0113862 0.0194262 0
         vertex 0.0115004 0.0200002 0
         vertex 0.0125004 0.0200001 0
      endloop
   endfacet
   facet normal 0 0 -1
      outer loop
         vertex 0.00893975 0.0189395 0
         vertex 0.00942638 0.0186144 0
         vertex 0.00750021 0.0103385 0
      endloop
   endfacet
   facet normal 0 0 -1
      outer loop
         vertex 0.00140434 0.00107216 0
         vertex 0.00158952 0.00116071 0
         vertex 0.0085 1.47084e-16 0
      endloop
   endfacet
   facet normal 0 0 -1
      outer loop
         vertex 0.00258356 0.00447563 0
         vertex 0.00861418 0.000574025 0
         vertex -0.000523687 0.00420671 0
      endloop
   endfacet
   facet normal 0 0 -1
      outer loop
         vertex 0.00629712 0.00764017 0
         vertex 0.00632411 0.00784365 0
         vertex 0.00942597 0.00138582 0
      endloop
   endfacet
   facet normal 0 0 -1
      outer loop
         vertex 0.00750021 0.0103385 0
         vertex 0.010574 0.00138582 0
         vertex 0.01 0.0015 0
      endloop
   endfacet
   facet normal 0 0 -1
      outer loop
         vertex 0.00608448 -0.0106355 0
         vertex 0.00599327 -0.0101941 0
         vertex 0.00724954 -0.0106023 -2.1684e-18
      endloop
   endfacet
   facet normal 0 0 -1
      outer loop
         vertex -0.000933356 -0.000660462 0
         vertex -0.00132489 -0.000437344 0
         vertex -0.00132489 0.000437344 0
      endloop
   endfacet
   facet normal 0 0 -1
      outer loop
         vertex 0.0110611 0.0210609 0
         vertex 0.0105744 0.021386 0
         vertex 0.0109572 0.0223099 0
      endloop
   endfacet
   facet normal 0 0 -1
      outer loop
         vertex 0.0100004 0.0185002 0
         vertex 0.0125002 0.00794944 0
         vertex 0.00750021 0.0103385 0
      endloop
   endfacet
   facet normal 0 0 -1
      outer loop
         vertex 0.00332506 0.00583201 0
         vertex 0.00266602 0.00652073 8.67362e-19
         vertex 0.00219334 0.00768313 8.67362e-19
      endloop
   endfacet
   facet normal 0 0 -1
      outer loop
         vertex 0.00750021 0.0103385 0
         vertex 0.01 0.0015 0
         vertex 0.00942597 0.00138582 0
      endloop
   endfacet
   facet normal 0 0 -1
      outer loop
         vertex 0.000280517 -0.00505036 0
         vertex -0.00016792 -0.00500578 0
         vertex -0.000523687 -0.00420671 0
      endloop
   endfacet
   facet normal 0 0 -1
      outer loop
         vertex 0.0100004 0.0185002 0
         vertex 0.0105744 0.0186144 0
         vertex 0.0125002 0.00794944 0
      endloop
   endfacet
   facet normal 0 0 -1
      outer loop
         vertex 0.00627423 0.00804275 0
         vertex 0.0059523 0.00893998 0
         vertex 0.00599327 0.0101941 0
      endloop
   endfacet
   facet normal 0 0 -1
      outer loop
         vertex 0.00750021 0.0103385 0
         vertex 0.0113858 0.000574025 0
         vertex 0.0110607 0.00106066 0
      endloop
   endfacet
   facet normal 0 0 -1
      outer loop
         vertex 0.00861459 0.0205742 0
         vertex 0.00850041 0.0200002 0
         vertex 0.00750041 0.0200002 0
      endloop
   endfacet
   facet normal 0 0 -1
      outer loop
         vertex 0.0110607 0.00106066 0
         vertex 0.010574 0.00138582 0
         vertex 0.00750021 0.0103385 0
      endloop
   endfacet
   facet normal 0 0 -1
      outer loop
         vertex -0.000256751 0.00384363 8.67362e-19
         vertex -0.000523687 0.00420671 0
         vertex 0.00153004 0.00261287 0
      endloop
   endfacet
   facet normal 0 0 -1
      outer loop
         vertex 0.0186307 0.000738412 0
         vertex 0.018468 0.000613295 0
         vertex 0.0179854 0.00288398 0
      endloop
   endfacet
   facet normal 0.69749 0.716595 0
      outer loop
         vertex 0.00722725 0.0106241 0.003
         vertex 0.00722725 0.0106241 0
         vertex 0.00691635 0.0109058 0
      endloop
   endfacet
   facet normal 0.748614 0.663006 0
      outer loop
         vertex 0.00750021 0.0103385 0.003
         vertex 0.00750021 0.0103385 0
         vertex 0.00722725 0.0106241 0
      endloop
   endfacet
   facet normal 0.69749 0.716595 0
      outer loop
         vertex 0.00722725 0.0106241 0
         vertex 0.00722725 0.0106241 0.003
         vertex 0.00750021 0.0103385 0.003
      endloop
   endfacet
   facet normal 0.646558 0.762865 0
      outer loop
         vertex 0.00691635 0.0109058 0
         vertex 0.00691635 0.0109058 0.003
         vertex 0.00722725 0.0106241 0.003
      endloop
   endfacet
   facet normal 0.466208 0.884675 0
      outer loop
         vertex 0.0152837 0.0100263 0
         vertex 0.0152837 0.0100263 0.003
         vertex 0.0160412 0.00958897 0.003
      endloop
   endfacet
   facet normal 0.533047 0.846086 0
      outer loop
         vertex 0.0160412 0.00958897 0.003
         vertex 0.0160412 0.00958897 0
         vertex 0.0152837 0.0100263 0
      endloop
   endfacet
   facet normal 0.969396 0.245503 0
      outer loop
         vertex 0.0209865 0.00278236 0
         vertex 0.0209865 0.00278236 0.003
         vertex 0.0211683 0.00192679 0.003
      endloop
   endfacet
   facet normal 0.985442 0.170011 0
      outer loop
         vertex 0.0211683 0.00192679 0.003
         vertex 0.0211683 0.00192679 0
         vertex 0.0209865 0.00278236 0
      endloop
   endfacet
   facet normal 0.785732 0.618567 0
      outer loop
         vertex 0.018905 0.00701042 0
         vertex 0.018905 0.00701042 0.003
         vertex 0.0194191 0.00630279 0.003
      endloop
   endfacet
   facet normal 0.831097 0.556128 0
      outer loop
         vertex 0.0194191 0.00630279 0.003
         vertex 0.0194191 0.00630279 0
         vertex 0.018905 0.00701042 0
      endloop
   endfacet
   facet normal -0.69731 0.71677 0
      outer loop
         vertex 0.00209716 0.00812339 0
         vertex 0.00209716 0.00812339 0.003
         vertex 0.00274718 0.00870867 0.003
      endloop
   endfacet
   facet normal -0.639955 0.768412 0
      outer loop
         vertex 0.00274718 0.00870867 0.003
         vertex 0.00274718 0.00870867 0
         vertex 0.00209716 0.00812339 0
      endloop
   endfacet
   facet normal -0.345487 0.938423 0
      outer loop
         vertex 0.00608448 0.0106355 0
         vertex 0.00608448 0.0106355 0.003
         vertex 0.00691635 0.0109058 0.003
      endloop
   endfacet
   facet normal -0.272086 0.962273 0
      outer loop
         vertex 0.00691635 0.0109058 0.003
         vertex 0.00691635 0.0109058 0
         vertex 0.00608448 0.0106355 0
      endloop
   endfacet
   facet normal -0.928561 0.371181 0
      outer loop
         vertex -0.000523687 0.00420671 0
         vertex -0.000523687 0.00420671 0.003
         vertex -0.00016792 0.00500578 0.003
      endloop
   endfacet
   facet normal -0.897169 0.441687 0
      outer loop
         vertex -0.00016792 0.00500578 0.003
         vertex -0.00016792 0.00500578 0
         vertex -0.000523687 0.00420671 0
      endloop
   endfacet
   facet normal -0.999255 -0.0385892 0
      outer loop
         vertex -0.00132489 -0.000437344 0
         vertex -0.00132489 -0.000437344 0.003
         vertex -0.00132489 0.000437344 0.003
      endloop
   endfacet
   facet normal -0.999255 0.0385892 0
      outer loop
         vertex -0.00132489 0.000437344 0.003
         vertex -0.00132489 0.000437344 0
         vertex -0.00132489 -0.000437344 0
      endloop
   endfacet
   facet normal 0.533047 -0.846086 0
      outer loop
         vertex 0.0160412 -0.00958897 0
         vertex 0.0160412 -0.00958897 0.003
         vertex 0.0152837 -0.0100263 0.003
      endloop
   endfacet
   facet normal 0.466208 -0.884675 0
      outer loop
         vertex 0.0152837 -0.0100263 0.003
         vertex 0.0152837 -0.0100263 0
         vertex 0.0160412 -0.00958897 0
      endloop
   endfacet
   facet normal 0.831097 -0.556128 0
      outer loop
         vertex 0.0194191 -0.00630279 0
         vertex 0.0194191 -0.00630279 0.003
         vertex 0.018905 -0.00701042 0.003
      endloop
   endfacet
   facet normal 0.785732 -0.618567 0
      outer loop
         vertex 0.018905 -0.00701042 0.003
         vertex 0.018905 -0.00701042 0
         vertex 0.0194191 -0.00630279 0
      endloop
   endfacet
   facet normal 0.142828 -0.989747 0
      outer loop
         vertex 0.0116187 -0.0112171 0
         vertex 0.0116187 -0.0112171 0.003
         vertex 0.0107488 -0.0113086 0.003
      endloop
   endfacet
   facet normal 0.0660728 -0.997815 0
      outer loop
         vertex 0.0107488 -0.0113086 0.003
         vertex 0.0107488 -0.0113086 0
         vertex 0.0116187 -0.0112171 0
      endloop
   endfacet
   facet normal -0.272086 -0.962273 0
      outer loop
         vertex 0.00691635 -0.0109058 0
         vertex 0.00691635 -0.0109058 0.003
         vertex 0.00608448 -0.0106355 0.003
      endloop
   endfacet
   facet normal -0.345487 -0.938423 0
      outer loop
         vertex 0.00608448 -0.0106355 0.003
         vertex 0.00608448 -0.0106355 0
         vertex 0.00691635 -0.0109058 0
      endloop
   endfacet
   facet normal -0.897169 -0.441687 0
      outer loop
         vertex -0.00016792 -0.00500578 0
         vertex -0.00016792 -0.00500578 0.003
         vertex -0.000523687 -0.00420671 0.003
      endloop
   endfacet
   facet normal -0.928561 -0.371181 0
      outer loop
         vertex -0.000523687 -0.00420671 0.003
         vertex -0.000523687 -0.00420671 0
         vertex -0.00016792 -0.00500578 0
      endloop
   endfacet
   facet normal -0.639955 -0.768412 0
      outer loop
         vertex 0.00274718 -0.00870867 0
         vertex 0.00274718 -0.00870867 0.003
         vertex 0.00209716 -0.00812339 0.003
      endloop
   endfacet
   facet normal -0.69731 -0.71677 0
      outer loop
         vertex 0.00209716 -0.00812339 0.003
         vertex 0.00209716 -0.00812339 0
         vertex 0.00274718 -0.00870867 0
      endloop
   endfacet
   facet normal 0.985442 -0.170011 0
      outer loop
         vertex 0.0211683 -0.00192679 0
         vertex 0.0211683 -0.00192679 0.003
         vertex 0.0209865 -0.00278236 0.003
      endloop
   endfacet
   facet normal 0.969396 -0.245503 0
      outer loop
         vertex 0.0209865 -0.00278236 0.003
         vertex 0.0209865 -0.00278236 0
         vertex 0.0211683 -0.00192679 0
      endloop
   endfacet
   facet normal 0.381025 0.924565 0
      outer loop
         vertex 0.0197661 -0.000964579 0.003
         vertex 0.0197661 -0.000964579 1.73472e-18
         vertex 0.0188281 -0.000794766 0
      endloop
   endfacet
   facet normal 0.635525 0.77208 0
      outer loop
         vertex 0.0208318 -0.00162714 2.1684e-18
         vertex 0.0197661 -0.000964579 1.73472e-18
         vertex 0.0197661 -0.000964579 0.003
      endloop
   endfacet
   facet normal 0.691102 0.722758 0
      outer loop
         vertex 0.0211683 -0.00192679 0.003
         vertex 0.0211683 -0.00192679 0
         vertex 0.0208318 -0.00162714 2.1684e-18
      endloop
   endfacet
   facet normal 0.635525 0.77208 0
      outer loop
         vertex 0.0208318 -0.00162714 2.1684e-18
         vertex 0.0208318 -0.00162714 0.003
         vertex 0.0211683 -0.00192679 0.003
      endloop
   endfacet
   facet normal 0.381025 0.924565 0
      outer loop
         vertex 0.0197661 -0.000964579 0.003
         vertex 0.0208318 -0.00162714 0.003
         vertex 0.0208318 -0.00162714 2.1684e-18
      endloop
   endfacet
   facet normal 0.0893096 0.996004 0
      outer loop
         vertex 0.0188281 -0.000794766 0
         vertex 0.0188281 -0.000794766 0.003
         vertex 0.0197661 -0.000964579 0.003
      endloop
   endfacet
   facet normal 0.635525 -0.77208 0
      outer loop
         vertex 0.0208318 0.00162714 -4.33681e-19
         vertex 0.0211683 0.00192679 0
         vertex 0.0211683 0.00192679 0.003
      endloop
   endfacet
   facet normal 0.381025 -0.924565 0
      outer loop
         vertex 0.0197661 0.000964579 0.003
         vertex 0.0197661 0.000964579 -8.67362e-19
         vertex 0.0208318 0.00162714 -4.33681e-19
      endloop
   endfacet
   facet normal 0.0893096 -0.996004 0
      outer loop
         vertex 0.0188281 0.000794766 0.003
         vertex 0.0188281 0.000794766 0
         vertex 0.0197661 0.000964579 -8.67362e-19
      endloop
   endfacet
   facet normal 0.381025 -0.924565 0
      outer loop
         vertex 0.0197661 0.000964579 -8.67362e-19
         vertex 0.0197661 0.000964579 0.003
         vertex 0.0188281 0.000794766 0.003
      endloop
   endfacet
   facet normal 0.635525 -0.77208 0
      outer loop
         vertex 0.0208318 0.00162714 -4.33681e-19
         vertex 0.0208318 0.00162714 0.003
         vertex 0.0197661 0.000964579 0.003
      endloop
   endfacet
   facet normal 0.691102 -0.722758 0
      outer loop
         vertex 0.0211683 0.00192679 0.003
         vertex 0.0208318 0.00162714 0.003
         vertex 0.0208318 0.00162714 -4.33681e-19
      endloop
   endfacet
   facet normal 0.999604 0.0281281 0
      outer loop
         vertex 0.01833 0.000234401 0
         vertex 0.01833 0.000234401 0.003
         vertex 0.01833 -0.000234401 0.003
      endloop
   endfacet
   facet normal 0.999604 -0.0281281 0
      outer loop
         vertex 0.01833 -0.000234401 0.003
         vertex 0.01833 -0.000234401 0
         vertex 0.01833 0.000234401 0
      endloop
   endfacet
   facet normal 0.939632 0.342187 0
      outer loop
         vertex 0.0183629 -0.000437023 0
         vertex 0.01833 -0.000234401 0
         vertex 0.01833 -0.000234401 0.003
      endloop
   endfacet
   facet normal 0.747426 0.664346 0
      outer loop
         vertex 0.018468 -0.000613295 0
         vertex 0.0183629 -0.000437023 0
         vertex 0.0183629 -0.000437023 0.003
      endloop
   endfacet
   facet normal 0.450034 0.893011 0
      outer loop
         vertex 0.0186307 -0.000738412 0
         vertex 0.018468 -0.000613295 0
         vertex 0.018468 -0.000613295 0.003
      endloop
   endfacet
   facet normal 0.0893096 0.996004 0
      outer loop
         vertex 0.0188281 -0.000794766 0
         vertex 0.0186307 -0.000738412 0
         vertex 0.0186307 -0.000738412 0.003
      endloop
   endfacet
   facet normal 0.450034 0.893011 0
      outer loop
         vertex 0.0186307 -0.000738412 0.003
         vertex 0.0188281 -0.000794766 0.003
         vertex 0.0188281 -0.000794766 0
      endloop
   endfacet
   facet normal 0.747426 0.664346 0
      outer loop
         vertex 0.018468 -0.000613295 0.003
         vertex 0.0186307 -0.000738412 0.003
         vertex 0.0186307 -0.000738412 0
      endloop
   endfacet
   facet normal 0.939632 0.342187 0
      outer loop
         vertex 0.0183629 -0.000437023 0.003
         vertex 0.018468 -0.000613295 0.003
         vertex 0.018468 -0.000613295 0
      endloop
   endfacet
   facet normal 0.999604 -0.0281281 0
      outer loop
         vertex 0.01833 -0.000234401 0.003
         vertex 0.0183629 -0.000437023 0.003
         vertex 0.0183629 -0.000437023 0
      endloop
   endfacet
   facet normal 0.450034 -0.893011 0
      outer loop
         vertex 0.0186307 0.000738412 0
         vertex 0.0188281 0.000794766 0
         vertex 0.0188281 0.000794766 0.003
      endloop
   endfacet
   facet normal 0.747426 -0.664346 0
      outer loop
         vertex 0.018468 0.000613295 0
         vertex 0.0186307 0.000738412 0
         vertex 0.0186307 0.000738412 0.003
      endloop
   endfacet
   facet normal 0.939632 -0.342187 0
      outer loop
         vertex 0.0183629 0.000437023 0
         vertex 0.018468 0.000613295 0
         vertex 0.018468 0.000613295 0.003
      endloop
   endfacet
   facet normal 0.999604 0.0281281 0
      outer loop
         vertex 0.01833 0.000234401 0
         vertex 0.0183629 0.000437023 0
         vertex 0.0183629 0.000437023 0.003
      endloop
   endfacet
   facet normal 0.939632 -0.342187 0
      outer loop
         vertex 0.0183629 0.000437023 0.003
         vertex 0.01833 0.000234401 0.003
         vertex 0.01833 0.000234401 0
      endloop
   endfacet
   facet normal 0.747426 -0.664346 0
      outer loop
         vertex 0.018468 0.000613295 0.003
         vertex 0.0183629 0.000437023 0.003
         vertex 0.0183629 0.000437023 0
      endloop
   endfacet
   facet normal 0.450034 -0.893011 0
      outer loop
         vertex 0.0186307 0.000738412 0.003
         vertex 0.018468 0.000613295 0.003
         vertex 0.018468 0.000613295 0
      endloop
   endfacet
   facet normal 0.0893096 -0.996004 0
      outer loop
         vertex 0.0188281 0.000794766 0.003
         vertex 0.0186307 0.000738412 0.003
         vertex 0.0186307 0.000738412 0
      endloop
   endfacet
   facet normal 0.610184 -0.792259 0
      outer loop
         vertex 0.0042816 -0.0079754 0.003
         vertex 0.0042816 -0.0079754 0
         vertex 0.00489766 -0.00724799 0
      endloop
   endfacet
   facet normal 0.350879 -0.936421 0
      outer loop
         vertex 0.00317498 -0.008567 0.003
         vertex 0.00317498 -0.008567 0
         vertex 0.0042816 -0.0079754 0
      endloop
   endfacet
   facet normal 0.280376 -0.95989 0
      outer loop
         vertex 0.00274718 -0.00870867 0.003
         vertex 0.00274718 -0.00870867 0
         vertex 0.00317498 -0.008567 0
      endloop
   endfacet
   facet normal 0.350879 -0.936421 0
      outer loop
         vertex 0.00317498 -0.008567 0
         vertex 0.00317498 -0.008567 0.003
         vertex 0.00274718 -0.00870867 0.003
      endloop
   endfacet
   facet normal 0.610184 -0.792259 0
      outer loop
         vertex 0.0042816 -0.0079754 0
         vertex 0.0042816 -0.0079754 0.003
         vertex 0.00317498 -0.008567 0.003
      endloop
   endfacet
   facet normal 0.81791 -0.575346 0
      outer loop
         vertex 0.00489766 -0.00724799 0
         vertex 0.00489766 -0.00724799 0.003
         vertex 0.0042816 -0.0079754 0.003
      endloop
   endfacet
   facet normal -0.986404 -0.16434 0
      outer loop
         vertex 0.00599327 -0.0101941 0.003
         vertex 0.00599327 -0.0101941 0
         vertex 0.00608448 -0.0106355 0
      endloop
   endfacet
   facet normal -0.991209 0.132305 0
      outer loop
         vertex 0.0059523 -0.00893998 0.003
         vertex 0.0059523 -0.00893998 0
         vertex 0.00599327 -0.0101941 0
      endloop
   endfacet
   facet normal -0.907219 0.420658 0
      outer loop
         vertex 0.00627423 -0.00804275 0.003
         vertex 0.00627423 -0.00804275 0
         vertex 0.0059523 -0.00893998 0
      endloop
   endfacet
   facet normal -0.991209 0.132305 0
      outer loop
         vertex 0.0059523 -0.00893998 0
         vertex 0.0059523 -0.00893998 0.003
         vertex 0.00627423 -0.00804275 0.003
      endloop
   endfacet
   facet normal -0.986404 -0.16434 0
      outer loop
         vertex 0.00599327 -0.0101941 0
         vertex 0.00599327 -0.0101941 0.003
         vertex 0.0059523 -0.00893998 0.003
      endloop
   endfacet
   facet normal -0.971477 -0.237133 0
      outer loop
         vertex 0.00608448 -0.0106355 0
         vertex 0.00608448 -0.0106355 0.003
         vertex 0.00599327 -0.0101941 0.003
      endloop
   endfacet
   facet normal -0.475442 -0.879747 0
      outer loop
         vertex 0.00603798 -0.00733122 0
         vertex 0.00603798 -0.00733122 0.003
         vertex 0.00563198 -0.00709682 0.003
      endloop
   endfacet
   facet normal -0.524162 -0.851619 0
      outer loop
         vertex 0.00563198 -0.00709682 0.003
         vertex 0.00563198 -0.00709682 0
         vertex 0.00603798 -0.00733122 0
      endloop
   endfacet
   facet normal -0.173474 -0.984839 0
      outer loop
         vertex 0.0054401 -0.00702393 0
         vertex 0.00563198 -0.00709682 0
         vertex 0.00563198 -0.00709682 0.003
      endloop
   endfacet
   facet normal 0.201627 -0.979462 0
      outer loop
         vertex 0.00523486 -0.00702687 0
         vertex 0.0054401 -0.00702393 0
         vertex 0.0054401 -0.00702393 0.003
      endloop
   endfacet
   facet normal 0.548353 -0.836247 0
      outer loop
         vertex 0.00504515 -0.00710523 0
         vertex 0.00523486 -0.00702687 0
         vertex 0.00523486 -0.00702687 0.003
      endloop
   endfacet
   facet normal 0.81791 -0.575346 0
      outer loop
         vertex 0.00489766 -0.00724799 0
         vertex 0.00504515 -0.00710523 0
         vertex 0.00504515 -0.00710523 0.003
      endloop
   endfacet
   facet normal 0.548353 -0.836247 0
      outer loop
         vertex 0.00504515 -0.00710523 0.003
         vertex 0.00489766 -0.00724799 0.003
         vertex 0.00489766 -0.00724799 0
      endloop
   endfacet
   facet normal 0.201627 -0.979462 0
      outer loop
         vertex 0.00523486 -0.00702687 0.003
         vertex 0.00504515 -0.00710523 0.003
         vertex 0.00504515 -0.00710523 0
      endloop
   endfacet
   facet normal -0.173474 -0.984839 0
      outer loop
         vertex 0.0054401 -0.00702393 0.003
         vertex 0.00523486 -0.00702687 0.003
         vertex 0.00523486 -0.00702687 0
      endloop
   endfacet
   facet normal -0.524162 -0.851619 0
      outer loop
         vertex 0.00563198 -0.00709682 0.003
         vertex 0.0054401 -0.00702393 0.003
         vertex 0.0054401 -0.00702393 0
      endloop
   endfacet
   facet normal -0.998388 0.0567646 0
      outer loop
         vertex 0.00632411 -0.00784365 0
         vertex 0.00627423 -0.00804275 0
         vertex 0.00627423 -0.00804275 0.003
      endloop
   endfacet
   facet normal -0.949053 -0.315117 0
      outer loop
         vertex 0.00629712 -0.00764017 0
         vertex 0.00632411 -0.00784365 0
         vertex 0.00632411 -0.00784365 0.003
      endloop
   endfacet
   facet normal -0.766158 -0.642652 0
      outer loop
         vertex 0.00619705 -0.00746095 0
         vertex 0.00629712 -0.00764017 0
         vertex 0.00629712 -0.00764017 0.003
      endloop
   endfacet
   facet normal -0.475442 -0.879747 0
      outer loop
         vertex 0.00603798 -0.00733122 0
         vertex 0.00619705 -0.00746095 0
         vertex 0.00619705 -0.00746095 0.003
      endloop
   endfacet
   facet normal -0.766158 -0.642652 0
      outer loop
         vertex 0.00619705 -0.00746095 0.003
         vertex 0.00603798 -0.00733122 0.003
         vertex 0.00603798 -0.00733122 0
      endloop
   endfacet
   facet normal -0.949053 -0.315117 0
      outer loop
         vertex 0.00629712 -0.00764017 0.003
         vertex 0.00619705 -0.00746095 0.003
         vertex 0.00619705 -0.00746095 0
      endloop
   endfacet
   facet normal -0.998388 0.0567646 0
      outer loop
         vertex 0.00632411 -0.00784365 0.003
         vertex 0.00629712 -0.00764017 0.003
         vertex 0.00629712 -0.00764017 0
      endloop
   endfacet
   facet normal -0.907219 0.420658 0
      outer loop
         vertex 0.00627423 -0.00804275 0.003
         vertex 0.00632411 -0.00784365 0.003
         vertex 0.00632411 -0.00784365 0
      endloop
   endfacet
   facet normal 0.23519 -0.971949 0
      outer loop
         vertex 0.00153209 -0.00496001 4.33681e-19
         vertex 0.00239075 -0.00454606 0
         vertex 0.00239075 -0.00454606 0.003
      endloop
   endfacet
   facet normal -0.0603329 -0.998178 0
      outer loop
         vertex 0.000280517 -0.00505036 0.003
         vertex 0.000280517 -0.00505036 0
         vertex 0.00153209 -0.00496001 4.33681e-19
      endloop
   endfacet
   facet normal -0.134287 -0.990943 0
      outer loop
         vertex -0.00016792 -0.00500578 0.003
         vertex -0.00016792 -0.00500578 0
         vertex 0.000280517 -0.00505036 0
      endloop
   endfacet
   facet normal -0.0603329 -0.998178 0
      outer loop
         vertex 0.000280517 -0.00505036 0
         vertex 0.000280517 -0.00505036 0.003
         vertex -0.00016792 -0.00500578 0.003
      endloop
   endfacet
   facet normal 0.23519 -0.971949 0
      outer loop
         vertex 0.00153209 -0.00496001 4.33681e-19
         vertex 0.00153209 -0.00496001 0.003
         vertex 0.000280517 -0.00505036 0.003
      endloop
   endfacet
   facet normal 0.513183 -0.858279 0
      outer loop
         vertex 0.00239075 -0.00454606 0.003
         vertex 0.00153209 -0.00496001 0.003
         vertex 0.00153209 -0.00496001 4.33681e-19
      endloop
   endfacet
   facet normal -0.967968 0.251074 0
      outer loop
         vertex 0.00219334 -0.00768313 0.003
         vertex 0.00219334 -0.00768313 1.73472e-18
         vertex 0.00209716 -0.00812339 0
      endloop
   endfacet
   facet normal -0.851701 0.524028 0
      outer loop
         vertex 0.00266602 -0.00652073 2.1684e-18
         vertex 0.00219334 -0.00768313 1.73472e-18
         vertex 0.00219334 -0.00768313 0.003
      endloop
   endfacet
   facet normal -0.657689 0.753289 0
      outer loop
         vertex 0.00332506 -0.00583201 0.003
         vertex 0.00332506 -0.00583201 0
         vertex 0.00266602 -0.00652073 2.1684e-18
      endloop
   endfacet
   facet normal -0.851701 0.524028 0
      outer loop
         vertex 0.00266602 -0.00652073 2.1684e-18
         vertex 0.00266602 -0.00652073 0.003
         vertex 0.00332506 -0.00583201 0.003
      endloop
   endfacet
   facet normal -0.967968 0.251074 0
      outer loop
         vertex 0.00219334 -0.00768313 0.003
         vertex 0.00266602 -0.00652073 0.003
         vertex 0.00266602 -0.00652073 2.1684e-18
      endloop
   endfacet
   facet normal -0.983939 0.178504 0
      outer loop
         vertex 0.00209716 -0.00812339 0
         vertex 0.00209716 -0.00812339 0.003
         vertex 0.00219334 -0.00768313 0.003
      endloop
   endfacet
   facet normal -0.792164 -0.610309 0
      outer loop
         vertex 0.00339864 -0.00508591 0
         vertex 0.00339864 -0.00508591 0.003
         vertex 0.00312308 -0.00470664 0.003
      endloop
   endfacet
   facet normal -0.82523 -0.564797 0
      outer loop
         vertex 0.00312308 -0.00470664 0.003
         vertex 0.00312308 -0.00470664 0
         vertex 0.00339864 -0.00508591 0
      endloop
   endfacet
   facet normal -0.559046 -0.829137 0
      outer loop
         vertex 0.00297744 -0.004562 0
         vertex 0.00312308 -0.00470664 0
         vertex 0.00312308 -0.00470664 0.003
      endloop
   endfacet
   facet normal -0.214187 -0.976793 0
      outer loop
         vertex 0.00278874 -0.00448121 0
         vertex 0.00297744 -0.004562 0
         vertex 0.00297744 -0.004562 0.003
      endloop
   endfacet
   facet normal 0.160814 -0.986985 0
      outer loop
         vertex 0.00258356 -0.00447563 0
         vertex 0.00278874 -0.00448121 0
         vertex 0.00278874 -0.00448121 0.003
      endloop
   endfacet
   facet normal 0.513183 -0.858279 0
      outer loop
         vertex 0.00239075 -0.00454606 0
         vertex 0.00258356 -0.00447563 0
         vertex 0.00258356 -0.00447563 0.003
      endloop
   endfacet
   facet normal 0.160814 -0.986985 0
      outer loop
         vertex 0.00258356 -0.00447563 0.003
         vertex 0.00239075 -0.00454606 0.003
         vertex 0.00239075 -0.00454606 0
      endloop
   endfacet
   facet normal -0.214187 -0.976793 0
      outer loop
         vertex 0.00278874 -0.00448121 0.003
         vertex 0.00258356 -0.00447563 0.003
         vertex 0.00258356 -0.00447563 0
      endloop
   endfacet
   facet normal -0.559046 -0.829137 0
      outer loop
         vertex 0.00297744 -0.004562 0.003
         vertex 0.00278874 -0.00448121 0.003
         vertex 0.00278874 -0.00448121 0
      endloop
   endfacet
   facet normal -0.82523 -0.564797 0
      outer loop
         vertex 0.00312308 -0.00470664 0.003
         vertex 0.00297744 -0.004562 0.003
         vertex 0.00297744 -0.004562 0
      endloop
   endfacet
   facet normal -0.888984 0.457938 0
      outer loop
         vertex 0.00345161 -0.00567041 0
         vertex 0.00332506 -0.00583201 0
         vertex 0.00332506 -0.00583201 0.003
      endloop
   endfacet
   facet normal -0.995173 0.0981411 0
      outer loop
         vertex 0.00350972 -0.00547354 0
         vertex 0.00345161 -0.00567041 0
         vertex 0.00345161 -0.00567041 0.003
      endloop
   endfacet
   facet normal -0.961311 -0.275467 0
      outer loop
         vertex 0.00349119 -0.00526912 0
         vertex 0.00350972 -0.00547354 0
         vertex 0.00350972 -0.00547354 0.003
      endloop
   endfacet
   facet normal -0.792164 -0.610309 0
      outer loop
         vertex 0.00339864 -0.00508591 0
         vertex 0.00349119 -0.00526912 0
         vertex 0.00349119 -0.00526912 0.003
      endloop
   endfacet
   facet normal -0.961311 -0.275467 0
      outer loop
         vertex 0.00349119 -0.00526912 0.003
         vertex 0.00339864 -0.00508591 0.003
         vertex 0.00339864 -0.00508591 0
      endloop
   endfacet
   facet normal -0.995173 0.0981411 0
      outer loop
         vertex 0.00350972 -0.00547354 0.003
         vertex 0.00349119 -0.00526912 0.003
         vertex 0.00349119 -0.00526912 0
      endloop
   endfacet
   facet normal -0.888984 0.457938 0
      outer loop
         vertex 0.00345161 -0.00567041 0.003
         vertex 0.00350972 -0.00547354 0.003
         vertex 0.00350972 -0.00547354 0
      endloop
   endfacet
   facet normal -0.657689 0.753289 0
      outer loop
         vertex 0.00332506 -0.00583201 0.003
         vertex 0.00345161 -0.00567041 0.003
         vertex 0.00345161 -0.00567041 0
      endloop
   endfacet
   facet normal 0.879672 -0.475581 0
      outer loop
         vertex 0.00801987 -0.00961178 0.003
         vertex 0.00801987 -0.00961178 -1.73472e-18
         vertex 0.0082868 -0.00869668 0
      endloop
   endfacet
   facet normal 0.70142 -0.712748 0
      outer loop
         vertex 0.00724954 -0.0106023 0.003
         vertex 0.00724954 -0.0106023 -2.1684e-18
         vertex 0.00801987 -0.00961178 -1.73472e-18
      endloop
   endfacet
   facet normal 0.646558 -0.762865 0
      outer loop
         vertex 0.00691635 -0.0109058 0
         vertex 0.00724954 -0.0106023 -2.1684e-18
         vertex 0.00724954 -0.0106023 0.003
      endloop
   endfacet
   facet normal 0.70142 -0.712748 0
      outer loop
         vertex 0.00724954 -0.0106023 0.003
         vertex 0.00691635 -0.0109058 0.003
         vertex 0.00691635 -0.0109058 0
      endloop
   endfacet
   facet normal 0.879672 -0.475581 0
      outer loop
         vertex 0.00801987 -0.00961178 -1.73472e-18
         vertex 0.00801987 -0.00961178 0.003
         vertex 0.00724954 -0.0106023 0.003
      endloop
   endfacet
   facet normal 0.981212 -0.192931 0
      outer loop
         vertex 0.0082868 -0.00869668 0
         vertex 0.0082868 -0.00869668 0.003
         vertex 0.00801987 -0.00961178 0.003
      endloop
   endfacet
   facet normal -0.834281 -0.551339 0
      outer loop
         vertex 0.010486 -0.0109425 0.003
         vertex 0.010486 -0.0109425 0
         vertex 0.0107488 -0.0113086 0
      endloop
   endfacet
   facet normal -0.959328 -0.282294 0
      outer loop
         vertex 0.00993846 -0.00981343 0.003
         vertex 0.00993846 -0.00981343 0
         vertex 0.010486 -0.0109425 0
      endloop
   endfacet
   facet normal -0.999883 0.0152904 0
      outer loop
         vertex 0.00986762 -0.00886283 0.003
         vertex 0.00986762 -0.00886283 0
         vertex 0.00993846 -0.00981343 0
      endloop
   endfacet
   facet normal -0.959328 -0.282294 0
      outer loop
         vertex 0.00993846 -0.00981343 0
         vertex 0.00993846 -0.00981343 0.003
         vertex 0.00986762 -0.00886283 0.003
      endloop
   endfacet
   facet normal -0.834281 -0.551339 0
      outer loop
         vertex 0.010486 -0.0109425 0
         vertex 0.010486 -0.0109425 0.003
         vertex 0.00993846 -0.00981343 0.003
      endloop
   endfacet
   facet normal -0.791038 -0.611767 0
      outer loop
         vertex 0.0107488 -0.0113086 0
         vertex 0.0107488 -0.0113086 0.003
         vertex 0.010486 -0.0109425 0.003
      endloop
   endfacet
   facet normal -0.0765131 -0.997069 0
      outer loop
         vertex 0.00936239 -0.0083089 0
         vertex 0.00936239 -0.0083089 0.003
         vertex 0.00889616 -0.0082599 0.003
      endloop
   endfacet
   facet normal -0.132461 -0.991188 0
      outer loop
         vertex 0.00889616 -0.0082599 0.003
         vertex 0.00889616 -0.0082599 0
         vertex 0.00936239 -0.0083089 0
      endloop
   endfacet
   facet normal 0.242094 -0.970253 0
      outer loop
         vertex 0.00869122 -0.00827136 0
         vertex 0.00889616 -0.0082599 0
         vertex 0.00889616 -0.0082599 0.003
      endloop
   endfacet
   facet normal 0.582579 -0.812774 0
      outer loop
         vertex 0.00850492 -0.00835752 0
         vertex 0.00869122 -0.00827136 0
         vertex 0.00869122 -0.00827136 0.003
      endloop
   endfacet
   facet normal 0.841078 -0.540914 0
      outer loop
         vertex 0.00836347 -0.00850627 0
         vertex 0.00850492 -0.00835752 0
         vertex 0.00850492 -0.00835752 0.003
      endloop
   endfacet
   facet normal 0.981212 -0.192931 0
      outer loop
         vertex 0.0082868 -0.00869668 0
         vertex 0.00836347 -0.00850627 0
         vertex 0.00836347 -0.00850627 0.003
      endloop
   endfacet
   facet normal 0.841078 -0.540914 0
      outer loop
         vertex 0.00836347 -0.00850627 0.003
         vertex 0.0082868 -0.00869668 0.003
         vertex 0.0082868 -0.00869668 0
      endloop
   endfacet
   facet normal 0.582579 -0.812774 0
      outer loop
         vertex 0.00850492 -0.00835752 0.003
         vertex 0.00836347 -0.00850627 0.003
         vertex 0.00836347 -0.00850627 0
      endloop
   endfacet
   facet normal 0.242094 -0.970253 0
      outer loop
         vertex 0.00869122 -0.00827136 0.003
         vertex 0.00850492 -0.00835752 0.003
         vertex 0.00850492 -0.00835752 0
      endloop
   endfacet
   facet normal -0.132461 -0.991188 0
      outer loop
         vertex 0.00889616 -0.0082599 0.003
         vertex 0.00869122 -0.00827136 0.003
         vertex 0.00869122 -0.00827136 0
      endloop
   endfacet
   facet normal -0.935161 -0.354224 0
      outer loop
         vertex 0.00983221 -0.00866064 0
         vertex 0.00986762 -0.00886283 0
         vertex 0.00986762 -0.00886283 0.003
      endloop
   endfacet
   facet normal -0.738833 -0.673888 0
      outer loop
         vertex 0.00972479 -0.00848574 0
         vertex 0.00983221 -0.00866064 0
         vertex 0.00983221 -0.00866064 0.003
      endloop
   endfacet
   facet normal -0.43853 -0.898716 0
      outer loop
         vertex 0.00956047 -0.00836272 0
         vertex 0.00972479 -0.00848574 0
         vertex 0.00972479 -0.00848574 0.003
      endloop
   endfacet
   facet normal -0.0765131 -0.997069 0
      outer loop
         vertex 0.00936239 -0.0083089 0
         vertex 0.00956047 -0.00836272 0
         vertex 0.00956047 -0.00836272 0.003
      endloop
   endfacet
   facet normal -0.43853 -0.898716 0
      outer loop
         vertex 0.00956047 -0.00836272 0.003
         vertex 0.00936239 -0.0083089 0.003
         vertex 0.00936239 -0.0083089 0
      endloop
   endfacet
   facet normal -0.738833 -0.673888 0
      outer loop
         vertex 0.00972479 -0.00848574 0.003
         vertex 0.00956047 -0.00836272 0.003
         vertex 0.00956047 -0.00836272 0
      endloop
   endfacet
   facet normal -0.935161 -0.354224 0
      outer loop
         vertex 0.00983221 -0.00866064 0.003
         vertex 0.00972479 -0.00848574 0.003
         vertex 0.00972479 -0.00848574 0
      endloop
   endfacet
   facet normal -0.999883 0.0152904 0
      outer loop
         vertex 0.00986762 -0.00886283 0.003
         vertex 0.00983221 -0.00866064 0.003
         vertex 0.00983221 -0.00866064 0
      endloop
   endfacet
   facet normal 0.997057 -0.0766697 0
      outer loop
         vertex 0.0121005 -0.00958619 0.003
         vertex 0.0121005 -0.00958619 8.67362e-19
         vertex 0.0119722 -0.00864163 0
      endloop
   endfacet
   facet normal 0.93068 -0.365834 0
      outer loop
         vertex 0.0117997 -0.0108044 0.003
         vertex 0.0117997 -0.0108044 8.67362e-19
         vertex 0.0121005 -0.00958619 8.67362e-19
      endloop
   endfacet
   facet normal 0.900945 -0.433932 0
      outer loop
         vertex 0.0116187 -0.0112171 0.003
         vertex 0.0116187 -0.0112171 0
         vertex 0.0117997 -0.0108044 8.67362e-19
      endloop
   endfacet
   facet normal 0.93068 -0.365834 0
      outer loop
         vertex 0.0117997 -0.0108044 8.67362e-19
         vertex 0.0117997 -0.0108044 0.003
         vertex 0.0116187 -0.0112171 0.003
      endloop
   endfacet
   facet normal 0.997057 -0.0766697 0
      outer loop
         vertex 0.0121005 -0.00958619 8.67362e-19
         vertex 0.0121005 -0.00958619 0.003
         vertex 0.0117997 -0.0108044 0.003
      endloop
   endfacet
   facet normal 0.974854 0.222844 0
      outer loop
         vertex 0.0119722 -0.00864163 0
         vertex 0.0119722 -0.00864163 0.003
         vertex 0.0121005 -0.00958619 0.003
      endloop
   endfacet
   facet normal -0.537904 -0.843006 0
      outer loop
         vertex 0.0148947 -0.00979879 0.003
         vertex 0.0148947 -0.00979879 0
         vertex 0.0152837 -0.0100263 0
      endloop
   endfacet
   facet normal -0.76157 -0.648082 0
      outer loop
         vertex 0.0139353 -0.00899005 4.33681e-19
         vertex 0.0148947 -0.00979879 0
         vertex 0.0148947 -0.00979879 0.003
      endloop
   endfacet
   facet normal -0.919658 -0.392721 0
      outer loop
         vertex 0.0134839 -0.00815044 0.003
         vertex 0.0134839 -0.00815044 0
         vertex 0.0139353 -0.00899005 4.33681e-19
      endloop
   endfacet
   facet normal -0.76157 -0.648082 0
      outer loop
         vertex 0.0139353 -0.00899005 4.33681e-19
         vertex 0.0139353 -0.00899005 0.003
         vertex 0.0134839 -0.00815044 0.003
      endloop
   endfacet
   facet normal -0.537904 -0.843006 0
      outer loop
         vertex 0.0148947 -0.00979879 0.003
         vertex 0.0139353 -0.00899005 0.003
         vertex 0.0139353 -0.00899005 4.33681e-19
      endloop
   endfacet
   facet normal -0.473821 -0.880621 0
      outer loop
         vertex 0.0152837 -0.0100263 0
         vertex 0.0152837 -0.0100263 0.003
         vertex 0.0148947 -0.00979879 0.003
      endloop
   endfacet
   facet normal 0.335646 -0.941988 0
      outer loop
         vertex 0.0127971 -0.0078499 0
         vertex 0.0127971 -0.0078499 0.003
         vertex 0.0123512 -0.00799477 0.003
      endloop
   endfacet
   facet normal 0.282143 -0.959372 0
      outer loop
         vertex 0.0123512 -0.00799477 0.003
         vertex 0.0123512 -0.00799477 0
         vertex 0.0127971 -0.0078499 0
      endloop
   endfacet
   facet normal 0.615801 -0.787902 0
      outer loop
         vertex 0.0121686 -0.00808859 0
         vertex 0.0123512 -0.00799477 0
         vertex 0.0123512 -0.00799477 0.003
      endloop
   endfacet
   facet normal 0.862797 -0.50555 0
      outer loop
         vertex 0.0120335 -0.00824308 0
         vertex 0.0121686 -0.00808859 0
         vertex 0.0121686 -0.00808859 0.003
      endloop
   endfacet
   facet normal 0.988372 -0.152052 0
      outer loop
         vertex 0.0119648 -0.0084365 0
         vertex 0.0120335 -0.00824308 0
         vertex 0.0120335 -0.00824308 0.003
      endloop
   endfacet
   facet normal 0.974854 0.222844 0
      outer loop
         vertex 0.0119722 -0.00864163 0
         vertex 0.0119648 -0.0084365 0
         vertex 0.0119648 -0.0084365 0.003
      endloop
   endfacet
   facet normal 0.988372 -0.152052 0
      outer loop
         vertex 0.0119648 -0.0084365 0.003
         vertex 0.0119722 -0.00864163 0.003
         vertex 0.0119722 -0.00864163 0
      endloop
   endfacet
   facet normal 0.862797 -0.50555 0
      outer loop
         vertex 0.0120335 -0.00824308 0.003
         vertex 0.0119648 -0.0084365 0.003
         vertex 0.0119648 -0.0084365 0
      endloop
   endfacet
   facet normal 0.615801 -0.787902 0
      outer loop
         vertex 0.0121686 -0.00808859 0.003
         vertex 0.0120335 -0.00824308 0.003
         vertex 0.0120335 -0.00824308 0
      endloop
   endfacet
   facet normal 0.282143 -0.959372 0
      outer loop
         vertex 0.0123512 -0.00799477 0.003
         vertex 0.0121686 -0.00808859 0.003
         vertex 0.0121686 -0.00808859 0
      endloop
   endfacet
   facet normal -0.710236 -0.703964 0
      outer loop
         vertex 0.0133693 -0.00798014 0
         vertex 0.0134839 -0.00815044 0
         vertex 0.0134839 -0.00815044 0.003
      endloop
   endfacet
   facet normal -0.400863 -0.916138 0
      outer loop
         vertex 0.0132 -0.00786405 0
         vertex 0.0133693 -0.00798014 0
         vertex 0.0133693 -0.00798014 0.003
      endloop
   endfacet
   facet normal -0.0350765 -0.999385 0
      outer loop
         vertex 0.0129999 -0.0078185 0
         vertex 0.0132 -0.00786405 0
         vertex 0.0132 -0.00786405 0.003
      endloop
   endfacet
   facet normal 0.335646 -0.941988 0
      outer loop
         vertex 0.0127971 -0.0078499 0
         vertex 0.0129999 -0.0078185 0
         vertex 0.0129999 -0.0078185 0.003
      endloop
   endfacet
   facet normal -0.0350765 -0.999385 0
      outer loop
         vertex 0.0129999 -0.0078185 0.003
         vertex 0.0127971 -0.0078499 0.003
         vertex 0.0127971 -0.0078499 0
      endloop
   endfacet
   facet normal -0.400863 -0.916138 0
      outer loop
         vertex 0.0132 -0.00786405 0.003
         vertex 0.0129999 -0.0078185 0.003
         vertex 0.0129999 -0.0078185 0
      endloop
   endfacet
   facet normal -0.710236 -0.703964 0
      outer loop
         vertex 0.0133693 -0.00798014 0.003
         vertex 0.0132 -0.00786405 0.003
         vertex 0.0132 -0.00786405 0
      endloop
   endfacet
   facet normal -0.919658 -0.392721 0
      outer loop
         vertex 0.0134839 -0.00815044 0.003
         vertex 0.0133693 -0.00798014 0.003
         vertex 0.0133693 -0.00798014 0
      endloop
   endfacet
   facet normal 0.724138 0.689655 0
      outer loop
         vertex 0.0185295 -0.00485342 0.003
         vertex 0.0185295 -0.00485342 0
         vertex 0.0177416 -0.00431677 0
      endloop
   endfacet
   facet normal 0.894614 0.446839 0
      outer loop
         vertex 0.0192335 -0.00589214 0.003
         vertex 0.0192335 -0.00589214 0
         vertex 0.0185295 -0.00485342 0
      endloop
   endfacet
   facet normal 0.925325 0.379175 0
      outer loop
         vertex 0.0194191 -0.00630279 0.003
         vertex 0.0194191 -0.00630279 0
         vertex 0.0192335 -0.00589214 0
      endloop
   endfacet
   facet normal 0.894614 0.446839 0
      outer loop
         vertex 0.0192335 -0.00589214 0
         vertex 0.0192335 -0.00589214 0.003
         vertex 0.0194191 -0.00630279 0.003
      endloop
   endfacet
   facet normal 0.724138 0.689655 0
      outer loop
         vertex 0.0185295 -0.00485342 0
         vertex 0.0185295 -0.00485342 0.003
         vertex 0.0192335 -0.00589214 0.003
      endloop
   endfacet
   facet normal 0.4867 0.873569 0
      outer loop
         vertex 0.0177416 -0.00431677 0
         vertex 0.0177416 -0.00431677 0.003
         vertex 0.0185295 -0.00485342 0.003
      endloop
   endfacet
   facet normal 0.266547 -0.963822 0
      outer loop
         vertex 0.0205571 -0.0029192 0.003
         vertex 0.0205571 -0.0029192 0
         vertex 0.0209865 -0.00278236 0
      endloop
   endfacet
   facet normal -0.0279711 -0.999609 0
      outer loop
         vertex 0.0193141 -0.00309105 0.003
         vertex 0.0193141 -0.00309105 0
         vertex 0.0205571 -0.0029192 0
      endloop
   endfacet
   facet normal -0.323523 -0.94622 0
      outer loop
         vertex 0.0183881 -0.00286466 0.003
         vertex 0.0183881 -0.00286466 0
         vertex 0.0193141 -0.00309105 0
      endloop
   endfacet
   facet normal -0.0279711 -0.999609 0
      outer loop
         vertex 0.0193141 -0.00309105 0
         vertex 0.0193141 -0.00309105 0.003
         vertex 0.0183881 -0.00286466 0.003
      endloop
   endfacet
   facet normal 0.266547 -0.963822 0
      outer loop
         vertex 0.0205571 -0.0029192 0
         vertex 0.0205571 -0.0029192 0.003
         vertex 0.0193141 -0.00309105 0.003
      endloop
   endfacet
   facet normal 0.337381 -0.941368 0
      outer loop
         vertex 0.0209865 -0.00278236 0
         vertex 0.0209865 -0.00278236 0.003
         vertex 0.0205571 -0.0029192 0.003
      endloop
   endfacet
   facet normal 0.924625 -0.380879 0
      outer loop
         vertex 0.0177052 -0.00317399 0
         vertex 0.0177052 -0.00317399 0.003
         vertex 0.0175145 -0.00360227 0.003
      endloop
   endfacet
   facet normal 0.901743 -0.432272 0
      outer loop
         vertex 0.0175145 -0.00360227 0.003
         vertex 0.0175145 -0.00360227 0
         vertex 0.0177052 -0.00317399 0
      endloop
   endfacet
   facet normal 0.997576 -0.0695797 0
      outer loop
         vertex 0.0174621 -0.00380072 0
         vertex 0.0175145 -0.00360227 0
         vertex 0.0175145 -0.00360227 0.003
      endloop
   endfacet
   facet normal 0.953021 0.302904 0
      outer loop
         vertex 0.0174865 -0.00400453 0
         vertex 0.0174621 -0.00380072 0
         vertex 0.0174621 -0.00380072 0.003
      endloop
   endfacet
   facet normal 0.774347 0.632761 0
      outer loop
         vertex 0.0175842 -0.00418501 0
         vertex 0.0174865 -0.00400453 0
         vertex 0.0174865 -0.00400453 0.003
      endloop
   endfacet
   facet normal 0.4867 0.873569 0
      outer loop
         vertex 0.0177416 -0.00431677 0
         vertex 0.0175842 -0.00418501 0
         vertex 0.0175842 -0.00418501 0.003
      endloop
   endfacet
   facet normal 0.774347 0.632761 0
      outer loop
         vertex 0.0175842 -0.00418501 0.003
         vertex 0.0177416 -0.00431677 0.003
         vertex 0.0177416 -0.00431677 0
      endloop
   endfacet
   facet normal 0.953021 0.302904 0
      outer loop
         vertex 0.0174865 -0.00400453 0.003
         vertex 0.0175842 -0.00418501 0.003
         vertex 0.0175842 -0.00418501 0
      endloop
   endfacet
   facet normal 0.997576 -0.0695797 0
      outer loop
         vertex 0.0174621 -0.00380072 0.003
         vertex 0.0174865 -0.00400453 0.003
         vertex 0.0174865 -0.00400453 0
      endloop
   endfacet
   facet normal 0.901743 -0.432272 0
      outer loop
         vertex 0.0175145 -0.00360227 0.003
         vertex 0.0174621 -0.00380072 0.003
         vertex 0.0174621 -0.00380072 0
      endloop
   endfacet
   facet normal 0.0479062 -0.998852 0
      outer loop
         vertex 0.0181849 -0.00283586 0
         vertex 0.0183881 -0.00286466 0
         vertex 0.0183881 -0.00286466 0.003
      endloop
   endfacet
   facet normal 0.412594 -0.910915 0
      outer loop
         vertex 0.0179854 -0.00288398 0
         vertex 0.0181849 -0.00283586 0
         vertex 0.0181849 -0.00283586 0.003
      endloop
   endfacet
   facet normal 0.719217 -0.694786 0
      outer loop
         vertex 0.0178176 -0.00300224 0
         vertex 0.0179854 -0.00288398 0
         vertex 0.0179854 -0.00288398 0.003
      endloop
   endfacet
   facet normal 0.924625 -0.380879 0
      outer loop
         vertex 0.0177052 -0.00317399 0
         vertex 0.0178176 -0.00300224 0
         vertex 0.0178176 -0.00300224 0.003
      endloop
   endfacet
   facet normal 0.719217 -0.694786 0
      outer loop
         vertex 0.0178176 -0.00300224 0.003
         vertex 0.0177052 -0.00317399 0.003
         vertex 0.0177052 -0.00317399 0
      endloop
   endfacet
   facet normal 0.412594 -0.910915 0
      outer loop
         vertex 0.0179854 -0.00288398 0.003
         vertex 0.0178176 -0.00300224 0.003
         vertex 0.0178176 -0.00300224 0
      endloop
   endfacet
   facet normal 0.0479062 -0.998852 0
      outer loop
         vertex 0.0181849 -0.00283586 0.003
         vertex 0.0179854 -0.00288398 0.003
         vertex 0.0179854 -0.00288398 0
      endloop
   endfacet
   facet normal -0.323523 -0.94622 0
      outer loop
         vertex 0.0183881 -0.00286466 0.003
         vertex 0.0181849 -0.00283586 0.003
         vertex 0.0181849 -0.00283586 0
      endloop
   endfacet
   facet normal 0.942041 0.335498 0
      outer loop
         vertex 0.015818 -0.00790306 0.003
         vertex 0.015818 -0.00790306 -1.30104e-18
         vertex 0.0153165 -0.00709237 0
      endloop
   endfacet
   facet normal 0.999017 0.0443356 0
      outer loop
         vertex 0.0160387 -0.00913833 -8.67362e-19
         vertex 0.015818 -0.00790306 -1.30104e-18
         vertex 0.015818 -0.00790306 0.003
      endloop
   endfacet
   facet normal 0.999551 -0.0299695 0
      outer loop
         vertex 0.0160412 -0.00958897 0.003
         vertex 0.0160412 -0.00958897 0
         vertex 0.0160387 -0.00913833 -8.67362e-19
      endloop
   endfacet
   facet normal 0.999017 0.0443356 0
      outer loop
         vertex 0.0160387 -0.00913833 -8.67362e-19
         vertex 0.0160387 -0.00913833 0.003
         vertex 0.0160412 -0.00958897 0.003
      endloop
   endfacet
   facet normal 0.942041 0.335498 0
      outer loop
         vertex 0.015818 -0.00790306 0.003
         vertex 0.0160387 -0.00913833 0.003
         vertex 0.0160387 -0.00913833 -8.67362e-19
      endloop
   endfacet
   facet normal 0.799935 0.600087 0
      outer loop
         vertex 0.0153165 -0.00709237 0
         vertex 0.0153165 -0.00709237 0.003
         vertex 0.015818 -0.00790306 0.003
      endloop
   endfacet
   facet normal -0.148518 -0.98891 0
      outer loop
         vertex 0.0184571 -0.00696079 0.003
         vertex 0.0184571 -0.00696079 0
         vertex 0.018905 -0.00701042 0
      endloop
   endfacet
   facet normal -0.43213 -0.901811 0
      outer loop
         vertex 0.0172516 -0.0066122 0.003
         vertex 0.0172516 -0.0066122 0
         vertex 0.0184571 -0.00696079 0
      endloop
   endfacet
   facet normal -0.680415 -0.732827 0
      outer loop
         vertex 0.0164978 -0.00602876 0.003
         vertex 0.0164978 -0.00602876 0
         vertex 0.0172516 -0.0066122 0
      endloop
   endfacet
   facet normal -0.43213 -0.901811 0
      outer loop
         vertex 0.0172516 -0.0066122 0
         vertex 0.0172516 -0.0066122 0.003
         vertex 0.0164978 -0.00602876 0.003
      endloop
   endfacet
   facet normal -0.148518 -0.98891 0
      outer loop
         vertex 0.0184571 -0.00696079 0
         vertex 0.0184571 -0.00696079 0.003
         vertex 0.0172516 -0.0066122 0.003
      endloop
   endfacet
   facet normal -0.0746762 -0.997208 0
      outer loop
         vertex 0.018905 -0.00701042 0
         vertex 0.018905 -0.00701042 0.003
         vertex 0.0184571 -0.00696079 0.003
      endloop
   endfacet
   facet normal 0.689769 -0.724029 0
      outer loop
         vertex 0.0157481 -0.00603358 0
         vertex 0.0157481 -0.00603358 0.003
         vertex 0.0153997 -0.00634727 0.003
      endloop
   endfacet
   facet normal 0.647963 -0.761672 0
      outer loop
         vertex 0.0153997 -0.00634727 0.003
         vertex 0.0153997 -0.00634727 0
         vertex 0.0157481 -0.00603358 0
      endloop
   endfacet
   facet normal 0.883031 -0.469315 0
      outer loop
         vertex 0.0152711 -0.00650723 0
         vertex 0.0153997 -0.00634727 0
         vertex 0.0153997 -0.00634727 0.003
      endloop
   endfacet
   facet normal 0.99383 -0.110912 0
      outer loop
         vertex 0.0152104 -0.00670334 0
         vertex 0.0152711 -0.00650723 0
         vertex 0.0152711 -0.00650723 0.003
      endloop
   endfacet
   facet normal 0.964768 0.263101 0
      outer loop
         vertex 0.0152263 -0.00690798 0
         vertex 0.0152104 -0.00670334 0
         vertex 0.0152104 -0.00670334 0.003
      endloop
   endfacet
   facet normal 0.799935 0.600087 0
      outer loop
         vertex 0.0153165 -0.00709237 0
         vertex 0.0152263 -0.00690798 0
         vertex 0.0152263 -0.00690798 0.003
      endloop
   endfacet
   facet normal 0.964768 0.263101 0
      outer loop
         vertex 0.0152263 -0.00690798 0.003
         vertex 0.0153165 -0.00709237 0.003
         vertex 0.0153165 -0.00709237 0
      endloop
   endfacet
   facet normal 0.99383 -0.110912 0
      outer loop
         vertex 0.0152104 -0.00670334 0.003
         vertex 0.0152263 -0.00690798 0.003
         vertex 0.0152263 -0.00690798 0
      endloop
   endfacet
   facet normal 0.883031 -0.469315 0
      outer loop
         vertex 0.0152711 -0.00650723 0.003
         vertex 0.0152104 -0.00670334 0.003
         vertex 0.0152104 -0.00670334 0
      endloop
   endfacet
   facet normal 0.647963 -0.761672 0
      outer loop
         vertex 0.0153997 -0.00634727 0.003
         vertex 0.0152711 -0.00650723 0.003
         vertex 0.0152711 -0.00650723 0
      endloop
   endfacet
   facet normal -0.362505 -0.931982 0
      outer loop
         vertex 0.0163238 -0.00591979 0
         vertex 0.0164978 -0.00602876 0
         vertex 0.0164978 -0.00602876 0.003
      endloop
   endfacet
   facet normal 0.00642037 -0.999979 0
      outer loop
         vertex 0.016122 -0.00588259 0
         vertex 0.0163238 -0.00591979 0
         vertex 0.0163238 -0.00591979 0.003
      endloop
   endfacet
   facet normal 0.374442 -0.92725 0
      outer loop
         vertex 0.0159206 -0.00592238 0
         vertex 0.016122 -0.00588259 0
         vertex 0.016122 -0.00588259 0.003
      endloop
   endfacet
   facet normal 0.689769 -0.724029 0
      outer loop
         vertex 0.0157481 -0.00603358 0
         vertex 0.0159206 -0.00592238 0
         vertex 0.0159206 -0.00592238 0.003
      endloop
   endfacet
   facet normal 0.374442 -0.92725 0
      outer loop
         vertex 0.0159206 -0.00592238 0.003
         vertex 0.0157481 -0.00603358 0.003
         vertex 0.0157481 -0.00603358 0
      endloop
   endfacet
   facet normal 0.00642037 -0.999979 0
      outer loop
         vertex 0.016122 -0.00588259 0.003
         vertex 0.0159206 -0.00592238 0.003
         vertex 0.0159206 -0.00592238 0
      endloop
   endfacet
   facet normal -0.362505 -0.931982 0
      outer loop
         vertex 0.0163238 -0.00591979 0.003
         vertex 0.016122 -0.00588259 0.003
         vertex 0.016122 -0.00588259 0
      endloop
   endfacet
   facet normal -0.680415 -0.732827 0
      outer loop
         vertex 0.0164978 -0.00602876 0.003
         vertex 0.0163238 -0.00591979 0.003
         vertex 0.0163238 -0.00591979 0
      endloop
   endfacet
   facet normal -0.18047 -0.98358 0
      outer loop
         vertex 0.000246762 -0.00108699 0.003
         vertex 0.000246762 -0.00108699 0
         vertex 0.00119956 -0.00105807 0
      endloop
   endfacet
   facet normal -0.461113 -0.887342 0
      outer loop
         vertex -0.000933356 -0.000660462 0.003
         vertex -0.000933356 -0.000660462 0
         vertex 0.000246762 -0.00108699 0
      endloop
   endfacet
   facet normal -0.52573 -0.850652 0
      outer loop
         vertex -0.00132489 -0.000437344 0.003
         vertex -0.00132489 -0.000437344 0
         vertex -0.000933356 -0.000660462 0
      endloop
   endfacet
   facet normal -0.461113 -0.887342 0
      outer loop
         vertex -0.000933356 -0.000660462 0
         vertex -0.000933356 -0.000660462 0.003
         vertex -0.00132489 -0.000437344 0.003
      endloop
   endfacet
   facet normal -0.18047 -0.98358 0
      outer loop
         vertex 0.000246762 -0.00108699 0
         vertex 0.000246762 -0.00108699 0.003
         vertex -0.000933356 -0.000660462 0.003
      endloop
   endfacet
   facet normal 0.119723 -0.992807 0
      outer loop
         vertex 0.00119956 -0.00105807 0
         vertex 0.00119956 -0.00105807 0.003
         vertex 0.000246762 -0.00108699 0.003
      endloop
   endfacet
   facet normal -0.782162 0.623076 0
      outer loop
         vertex -0.000256751 -0.00384363 0.003
         vertex -0.000256751 -0.00384363 0
         vertex -0.000523687 -0.00420671 0
      endloop
   endfacet
   facet normal -0.564926 0.825141 0
      outer loop
         vertex 0.000647856 -0.00297399 4.33681e-19
         vertex -0.000256751 -0.00384363 0
         vertex -0.000256751 -0.00384363 0.003
      endloop
   endfacet
   facet normal -0.294439 0.95567 0
      outer loop
         vertex 0.00153004 -0.00261287 0.003
         vertex 0.00153004 -0.00261287 0
         vertex 0.000647856 -0.00297399 4.33681e-19
      endloop
   endfacet
   facet normal -0.564926 0.825141 0
      outer loop
         vertex 0.000647856 -0.00297399 4.33681e-19
         vertex 0.000647856 -0.00297399 0.003
         vertex 0.00153004 -0.00261287 0.003
      endloop
   endfacet
   facet normal -0.782162 0.623076 0
      outer loop
         vertex -0.000256751 -0.00384363 0.003
         vertex 0.000647856 -0.00297399 0.003
         vertex 0.000647856 -0.00297399 4.33681e-19
      endloop
   endfacet
   facet normal -0.826269 0.563275 0
      outer loop
         vertex -0.000523687 -0.00420671 0
         vertex -0.000523687 -0.00420671 0.003
         vertex -0.000256751 -0.00384363 0.003
      endloop
   endfacet
   facet normal -0.971912 -0.235343 0
      outer loop
         vertex 0.00190073 -0.00196119 0
         vertex 0.00190073 -0.00196119 0.003
         vertex 0.00180326 -0.00150263 0.003
      endloop
   endfacet
   facet normal -0.983609 -0.180316 0
      outer loop
         vertex 0.00180326 -0.00150263 0.003
         vertex 0.00180326 -0.00150263 0
         vertex 0.00190073 -0.00196119 0
      endloop
   endfacet
   facet normal -0.847954 -0.530069 0
      outer loop
         vertex 0.00172904 -0.00131126 0
         vertex 0.00180326 -0.00150263 0
         vertex 0.00180326 -0.00150263 0.003
      endloop
   endfacet
   facet normal -0.592967 -0.805227 0
      outer loop
         vertex 0.00158952 -0.00116071 0
         vertex 0.00172904 -0.00131126 0
         vertex 0.00172904 -0.00131126 0.003
      endloop
   endfacet
   facet normal -0.254532 -0.967064 0
      outer loop
         vertex 0.00140434 -0.00107216 0
         vertex 0.00158952 -0.00116071 0
         vertex 0.00158952 -0.00116071 0.003
      endloop
   endfacet
   facet normal 0.119723 -0.992807 0
      outer loop
         vertex 0.00119956 -0.00105807 0
         vertex 0.00140434 -0.00107216 0
         vertex 0.00140434 -0.00107216 0.003
      endloop
   endfacet
   facet normal -0.254532 -0.967064 0
      outer loop
         vertex 0.00140434 -0.00107216 0.003
         vertex 0.00119956 -0.00105807 0.003
         vertex 0.00119956 -0.00105807 0
      endloop
   endfacet
   facet normal -0.592967 -0.805227 0
      outer loop
         vertex 0.00158952 -0.00116071 0.003
         vertex 0.00140434 -0.00107216 0.003
         vertex 0.00140434 -0.00107216 0
      endloop
   endfacet
   facet normal -0.847954 -0.530069 0
      outer loop
         vertex 0.00172904 -0.00131126 0.003
         vertex 0.00158952 -0.00116071 0.003
         vertex 0.00158952 -0.00116071 0
      endloop
   endfacet
   facet normal -0.983609 -0.180316 0
      outer loop
         vertex 0.00180326 -0.00150263 0.003
         vertex 0.00172904 -0.00131126 0.003
         vertex 0.00172904 -0.00131126 0
      endloop
   endfacet
   facet normal -0.625867 0.77993 0
      outer loop
         vertex 0.00171139 -0.00251671 0
         vertex 0.00153004 -0.00261287 0
         vertex 0.00153004 -0.00261287 0.003
      endloop
   endfacet
   facet normal -0.869218 0.494429 0
      outer loop
         vertex 0.00184454 -0.00236049 0
         vertex 0.00171139 -0.00251671 0
         vertex 0.00171139 -0.00251671 0.003
      endloop
   endfacet
   facet normal -0.990243 0.139349 0
      outer loop
         vertex 0.00191076 -0.00216621 0
         vertex 0.00184454 -0.00236049 0
         vertex 0.00184454 -0.00236049 0.003
      endloop
   endfacet
   facet normal -0.971912 -0.235343 0
      outer loop
         vertex 0.00190073 -0.00196119 0
         vertex 0.00191076 -0.00216621 0
         vertex 0.00191076 -0.00216621 0.003
      endloop
   endfacet
   facet normal -0.990243 0.139349 0
      outer loop
         vertex 0.00191076 -0.00216621 0.003
         vertex 0.00190073 -0.00196119 0.003
         vertex 0.00190073 -0.00196119 0
      endloop
   endfacet
   facet normal -0.869218 0.494429 0
      outer loop
         vertex 0.00184454 -0.00236049 0.003
         vertex 0.00191076 -0.00216621 0.003
         vertex 0.00191076 -0.00216621 0
      endloop
   endfacet
   facet normal -0.625867 0.77993 0
      outer loop
         vertex 0.00171139 -0.00251671 0.003
         vertex 0.00184454 -0.00236049 0.003
         vertex 0.00184454 -0.00236049 0
      endloop
   endfacet
   facet normal -0.294439 0.95567 0
      outer loop
         vertex 0.00153004 -0.00261287 0.003
         vertex 0.00171139 -0.00251671 0.003
         vertex 0.00171139 -0.00251671 0
      endloop
   endfacet
   facet normal -0.564926 -0.825141 0
      outer loop
         vertex 0.000647856 0.00297399 0.003
         vertex 0.000647856 0.00297399 8.67362e-19
         vertex 0.00153004 0.00261287 0
      endloop
   endfacet
   facet normal -0.782162 -0.623076 0
      outer loop
         vertex -0.000256751 0.00384363 0.003
         vertex -0.000256751 0.00384363 8.67362e-19
         vertex 0.000647856 0.00297399 8.67362e-19
      endloop
   endfacet
   facet normal -0.826269 -0.563275 0
      outer loop
         vertex -0.000523687 0.00420671 0.003
         vertex -0.000523687 0.00420671 0
         vertex -0.000256751 0.00384363 8.67362e-19
      endloop
   endfacet
   facet normal -0.782162 -0.623076 0
      outer loop
         vertex -0.000256751 0.00384363 8.67362e-19
         vertex -0.000256751 0.00384363 0.003
         vertex -0.000523687 0.00420671 0.003
      endloop
   endfacet
   facet normal -0.564926 -0.825141 0
      outer loop
         vertex 0.000647856 0.00297399 8.67362e-19
         vertex 0.000647856 0.00297399 0.003
         vertex -0.000256751 0.00384363 0.003
      endloop
   endfacet
   facet normal -0.294439 -0.95567 0
      outer loop
         vertex 0.00153004 0.00261287 0
         vertex 0.00153004 0.00261287 0.003
         vertex 0.000647856 0.00297399 0.003
      endloop
   endfacet
   facet normal -0.461113 0.887342 0
      outer loop
         vertex -0.000933356 0.000660462 0.003
         vertex -0.000933356 0.000660462 1.73472e-18
         vertex -0.00132489 0.000437344 0
      endloop
   endfacet
   facet normal -0.18047 0.98358 0
      outer loop
         vertex 0.000246762 0.00108699 2.1684e-18
         vertex -0.000933356 0.000660462 1.73472e-18
         vertex -0.000933356 0.000660462 0.003
      endloop
   endfacet
   facet normal 0.119723 0.992807 0
      outer loop
         vertex 0.00119956 0.00105807 0.003
         vertex 0.00119956 0.00105807 0
         vertex 0.000246762 0.00108699 2.1684e-18
      endloop
   endfacet
   facet normal -0.18047 0.98358 0
      outer loop
         vertex 0.000246762 0.00108699 2.1684e-18
         vertex 0.000246762 0.00108699 0.003
         vertex 0.00119956 0.00105807 0.003
      endloop
   endfacet
   facet normal -0.461113 0.887342 0
      outer loop
         vertex -0.000933356 0.000660462 0.003
         vertex 0.000246762 0.00108699 0.003
         vertex 0.000246762 0.00108699 2.1684e-18
      endloop
   endfacet
   facet normal -0.52573 0.850652 0
      outer loop
         vertex -0.00132489 0.000437344 0
         vertex -0.00132489 0.000437344 0.003
         vertex -0.000933356 0.000660462 0.003
      endloop
   endfacet
   facet normal -0.983609 0.180316 0
      outer loop
         vertex 0.00180326 0.00150263 0
         vertex 0.00180326 0.00150263 0.003
         vertex 0.00190073 0.00196119 0.003
      endloop
   endfacet
   facet normal -0.971912 0.235343 0
      outer loop
         vertex 0.00190073 0.00196119 0.003
         vertex 0.00190073 0.00196119 0
         vertex 0.00180326 0.00150263 0
      endloop
   endfacet
   facet normal -0.990243 -0.139349 0
      outer loop
         vertex 0.00191076 0.00216621 0
         vertex 0.00190073 0.00196119 0
         vertex 0.00190073 0.00196119 0.003
      endloop
   endfacet
   facet normal -0.869218 -0.494429 0
      outer loop
         vertex 0.00184454 0.00236049 0
         vertex 0.00191076 0.00216621 0
         vertex 0.00191076 0.00216621 0.003
      endloop
   endfacet
   facet normal -0.625867 -0.77993 0
      outer loop
         vertex 0.00171139 0.00251671 0
         vertex 0.00184454 0.00236049 0
         vertex 0.00184454 0.00236049 0.003
      endloop
   endfacet
   facet normal -0.294439 -0.95567 0
      outer loop
         vertex 0.00153004 0.00261287 0
         vertex 0.00171139 0.00251671 0
         vertex 0.00171139 0.00251671 0.003
      endloop
   endfacet
   facet normal -0.625867 -0.77993 0
      outer loop
         vertex 0.00171139 0.00251671 0.003
         vertex 0.00153004 0.00261287 0.003
         vertex 0.00153004 0.00261287 0
      endloop
   endfacet
   facet normal -0.869218 -0.494429 0
      outer loop
         vertex 0.00184454 0.00236049 0.003
         vertex 0.00171139 0.00251671 0.003
         vertex 0.00171139 0.00251671 0
      endloop
   endfacet
   facet normal -0.990243 -0.139349 0
      outer loop
         vertex 0.00191076 0.00216621 0.003
         vertex 0.00184454 0.00236049 0.003
         vertex 0.00184454 0.00236049 0
      endloop
   endfacet
   facet normal -0.971912 0.235343 0
      outer loop
         vertex 0.00190073 0.00196119 0.003
         vertex 0.00191076 0.00216621 0.003
         vertex 0.00191076 0.00216621 0
      endloop
   endfacet
   facet normal -0.254532 0.967064 0
      outer loop
         vertex 0.00140434 0.00107216 0
         vertex 0.00119956 0.00105807 0
         vertex 0.00119956 0.00105807 0.003
      endloop
   endfacet
   facet normal -0.592967 0.805227 0
      outer loop
         vertex 0.00158952 0.00116071 0
         vertex 0.00140434 0.00107216 0
         vertex 0.00140434 0.00107216 0.003
      endloop
   endfacet
   facet normal -0.847954 0.530069 0
      outer loop
         vertex 0.00172904 0.00131126 0
         vertex 0.00158952 0.00116071 0
         vertex 0.00158952 0.00116071 0.003
      endloop
   endfacet
   facet normal -0.983609 0.180316 0
      outer loop
         vertex 0.00180326 0.00150263 0
         vertex 0.00172904 0.00131126 0
         vertex 0.00172904 0.00131126 0.003
      endloop
   endfacet
   facet normal -0.847954 0.530069 0
      outer loop
         vertex 0.00172904 0.00131126 0.003
         vertex 0.00180326 0.00150263 0.003
         vertex 0.00180326 0.00150263 0
      endloop
   endfacet
   facet normal -0.592967 0.805227 0
      outer loop
         vertex 0.00158952 0.00116071 0.003
         vertex 0.00172904 0.00131126 0.003
         vertex 0.00172904 0.00131126 0
      endloop
   endfacet
   facet normal -0.254532 0.967064 0
      outer loop
         vertex 0.00140434 0.00107216 0.003
         vertex 0.00158952 0.00116071 0.003
         vertex 0.00158952 0.00116071 0
      endloop
   endfacet
   facet normal 0.119723 0.992807 0
      outer loop
         vertex 0.00119956 0.00105807 0.003
         vertex 0.00140434 0.00107216 0.003
         vertex 0.00140434 0.00107216 0
      endloop
   endfacet
   facet normal -0.991209 -0.132305 0
      outer loop
         vertex 0.0059523 0.00893998 0.003
         vertex 0.0059523 0.00893998 0
         vertex 0.00627423 0.00804275 0
      endloop
   endfacet
   facet normal -0.986404 0.16434 0
      outer loop
         vertex 0.00599327 0.0101941 0.003
         vertex 0.00599327 0.0101941 0
         vertex 0.0059523 0.00893998 0
      endloop
   endfacet
   facet normal -0.971477 0.237133 0
      outer loop
         vertex 0.00608448 0.0106355 0.003
         vertex 0.00608448 0.0106355 0
         vertex 0.00599327 0.0101941 0
      endloop
   endfacet
   facet normal -0.986404 0.16434 0
      outer loop
         vertex 0.00599327 0.0101941 0
         vertex 0.00599327 0.0101941 0.003
         vertex 0.00608448 0.0106355 0.003
      endloop
   endfacet
   facet normal -0.991209 -0.132305 0
      outer loop
         vertex 0.0059523 0.00893998 0
         vertex 0.0059523 0.00893998 0.003
         vertex 0.00599327 0.0101941 0.003
      endloop
   endfacet
   facet normal -0.907219 -0.420658 0
      outer loop
         vertex 0.00627423 0.00804275 0
         vertex 0.00627423 0.00804275 0.003
         vertex 0.0059523 0.00893998 0.003
      endloop
   endfacet
   facet normal 0.350879 0.936421 0
      outer loop
         vertex 0.00317498 0.008567 0.003
         vertex 0.00317498 0.008567 -8.67362e-19
         vertex 0.00274718 0.00870867 0
      endloop
   endfacet
   facet normal 0.610184 0.792259 0
      outer loop
         vertex 0.0042816 0.0079754 0.003
         vertex 0.0042816 0.0079754 -8.67362e-19
         vertex 0.00317498 0.008567 -8.67362e-19
      endloop
   endfacet
   facet normal 0.81791 0.575346 0
      outer loop
         vertex 0.00489766 0.00724799 0.003
         vertex 0.00489766 0.00724799 0
         vertex 0.0042816 0.0079754 -8.67362e-19
      endloop
   endfacet
   facet normal 0.610184 0.792259 0
      outer loop
         vertex 0.0042816 0.0079754 -8.67362e-19
         vertex 0.0042816 0.0079754 0.003
         vertex 0.00489766 0.00724799 0.003
      endloop
   endfacet
   facet normal 0.350879 0.936421 0
      outer loop
         vertex 0.00317498 0.008567 -8.67362e-19
         vertex 0.00317498 0.008567 0.003
         vertex 0.0042816 0.0079754 0.003
      endloop
   endfacet
   facet normal 0.280376 0.95989 0
      outer loop
         vertex 0.00274718 0.00870867 0
         vertex 0.00274718 0.00870867 0.003
         vertex 0.00317498 0.008567 0.003
      endloop
   endfacet
   facet normal -0.524162 0.851619 0
      outer loop
         vertex 0.00563198 0.00709682 0
         vertex 0.00563198 0.00709682 0.003
         vertex 0.00603798 0.00733122 0.003
      endloop
   endfacet
   facet normal -0.475442 0.879747 0
      outer loop
         vertex 0.00603798 0.00733122 0.003
         vertex 0.00603798 0.00733122 0
         vertex 0.00563198 0.00709682 0
      endloop
   endfacet
   facet normal -0.766158 0.642652 0
      outer loop
         vertex 0.00619705 0.00746095 0
         vertex 0.00603798 0.00733122 0
         vertex 0.00603798 0.00733122 0.003
      endloop
   endfacet
   facet normal -0.949053 0.315117 0
      outer loop
         vertex 0.00629712 0.00764017 0
         vertex 0.00619705 0.00746095 0
         vertex 0.00619705 0.00746095 0.003
      endloop
   endfacet
   facet normal -0.998388 -0.0567646 0
      outer loop
         vertex 0.00632411 0.00784365 0
         vertex 0.00629712 0.00764017 0
         vertex 0.00629712 0.00764017 0.003
      endloop
   endfacet
   facet normal -0.907219 -0.420658 0
      outer loop
         vertex 0.00627423 0.00804275 0
         vertex 0.00632411 0.00784365 0
         vertex 0.00632411 0.00784365 0.003
      endloop
   endfacet
   facet normal -0.998388 -0.0567646 0
      outer loop
         vertex 0.00632411 0.00784365 0.003
         vertex 0.00627423 0.00804275 0.003
         vertex 0.00627423 0.00804275 0
      endloop
   endfacet
   facet normal -0.949053 0.315117 0
      outer loop
         vertex 0.00629712 0.00764017 0.003
         vertex 0.00632411 0.00784365 0.003
         vertex 0.00632411 0.00784365 0
      endloop
   endfacet
   facet normal -0.766158 0.642652 0
      outer loop
         vertex 0.00619705 0.00746095 0.003
         vertex 0.00629712 0.00764017 0.003
         vertex 0.00629712 0.00764017 0
      endloop
   endfacet
   facet normal -0.475442 0.879747 0
      outer loop
         vertex 0.00603798 0.00733122 0.003
         vertex 0.00619705 0.00746095 0.003
         vertex 0.00619705 0.00746095 0
      endloop
   endfacet
   facet normal 0.548353 0.836247 0
      outer loop
         vertex 0.00504515 0.00710523 0
         vertex 0.00489766 0.00724799 0
         vertex 0.00489766 0.00724799 0.003
      endloop
   endfacet
   facet normal 0.201627 0.979462 0
      outer loop
         vertex 0.00523486 0.00702687 0
         vertex 0.00504515 0.00710523 0
         vertex 0.00504515 0.00710523 0.003
      endloop
   endfacet
   facet normal -0.173474 0.984839 0
      outer loop
         vertex 0.0054401 0.00702393 0
         vertex 0.00523486 0.00702687 0
         vertex 0.00523486 0.00702687 0.003
      endloop
   endfacet
   facet normal -0.524162 0.851619 0
      outer loop
         vertex 0.00563198 0.00709682 0
         vertex 0.0054401 0.00702393 0
         vertex 0.0054401 0.00702393 0.003
      endloop
   endfacet
   facet normal -0.173474 0.984839 0
      outer loop
         vertex 0.0054401 0.00702393 0.003
         vertex 0.00563198 0.00709682 0.003
         vertex 0.00563198 0.00709682 0
      endloop
   endfacet
   facet normal 0.201627 0.979462 0
      outer loop
         vertex 0.00523486 0.00702687 0.003
         vertex 0.0054401 0.00702393 0.003
         vertex 0.0054401 0.00702393 0
      endloop
   endfacet
   facet normal 0.548353 0.836247 0
      outer loop
         vertex 0.00504515 0.00710523 0.003
         vertex 0.00523486 0.00702687 0.003
         vertex 0.00523486 0.00702687 0
      endloop
   endfacet
   facet normal 0.81791 0.575346 0
      outer loop
         vertex 0.00489766 0.00724799 0.003
         vertex 0.00504515 0.00710523 0.003
         vertex 0.00504515 0.00710523 0
      endloop
   endfacet
   facet normal -0.851701 -0.524028 0
      outer loop
         vertex 0.00266602 0.00652073 0.003
         vertex 0.00266602 0.00652073 8.67362e-19
         vertex 0.00332506 0.00583201 0
      endloop
   endfacet
   facet normal -0.967968 -0.251074 0
      outer loop
         vertex 0.00219334 0.00768313 0.003
         vertex 0.00219334 0.00768313 8.67362e-19
         vertex 0.00266602 0.00652073 8.67362e-19
      endloop
   endfacet
   facet normal -0.983939 -0.178504 0
      outer loop
         vertex 0.00209716 0.00812339 0.003
         vertex 0.00209716 0.00812339 0
         vertex 0.00219334 0.00768313 8.67362e-19
      endloop
   endfacet
   facet normal -0.967968 -0.251074 0
      outer loop
         vertex 0.00219334 0.00768313 8.67362e-19
         vertex 0.00219334 0.00768313 0.003
         vertex 0.00209716 0.00812339 0.003
      endloop
   endfacet
   facet normal -0.851701 -0.524028 0
      outer loop
         vertex 0.00266602 0.00652073 8.67362e-19
         vertex 0.00266602 0.00652073 0.003
         vertex 0.00219334 0.00768313 0.003
      endloop
   endfacet
   facet normal -0.657689 -0.753289 0
      outer loop
         vertex 0.00332506 0.00583201 0
         vertex 0.00332506 0.00583201 0.003
         vertex 0.00266602 0.00652073 0.003
      endloop
   endfacet
   facet normal -0.0603329 0.998178 0
      outer loop
         vertex 0.000280517 0.00505036 0.003
         vertex 0.000280517 0.00505036 0
         vertex -0.00016792 0.00500578 0
      endloop
   endfacet
   facet normal 0.23519 0.971949 0
      outer loop
         vertex 0.00153209 0.00496001 0.003
         vertex 0.00153209 0.00496001 -4.33681e-19
         vertex 0.000280517 0.00505036 0
      endloop
   endfacet
   facet normal 0.513183 0.858279 0
      outer loop
         vertex 0.00239075 0.00454606 0
         vertex 0.00153209 0.00496001 -4.33681e-19
         vertex 0.00153209 0.00496001 0.003
      endloop
   endfacet
   facet normal 0.23519 0.971949 0
      outer loop
         vertex 0.00153209 0.00496001 0.003
         vertex 0.00239075 0.00454606 0.003
         vertex 0.00239075 0.00454606 0
      endloop
   endfacet
   facet normal -0.0603329 0.998178 0
      outer loop
         vertex 0.000280517 0.00505036 0
         vertex 0.000280517 0.00505036 0.003
         vertex 0.00153209 0.00496001 0.003
      endloop
   endfacet
   facet normal -0.134287 0.990943 0
      outer loop
         vertex -0.00016792 0.00500578 0
         vertex -0.00016792 0.00500578 0.003
         vertex 0.000280517 0.00505036 0.003
      endloop
   endfacet
   facet normal -0.82523 0.564797 0
      outer loop
         vertex 0.00312308 0.00470664 0
         vertex 0.00312308 0.00470664 0.003
         vertex 0.00339864 0.00508591 0.003
      endloop
   endfacet
   facet normal -0.792164 0.610309 0
      outer loop
         vertex 0.00339864 0.00508591 0.003
         vertex 0.00339864 0.00508591 0
         vertex 0.00312308 0.00470664 0
      endloop
   endfacet
   facet normal -0.961311 0.275467 0
      outer loop
         vertex 0.00349119 0.00526912 0
         vertex 0.00339864 0.00508591 0
         vertex 0.00339864 0.00508591 0.003
      endloop
   endfacet
   facet normal -0.995173 -0.0981411 0
      outer loop
         vertex 0.00350972 0.00547354 0
         vertex 0.00349119 0.00526912 0
         vertex 0.00349119 0.00526912 0.003
      endloop
   endfacet
   facet normal -0.888984 -0.457938 0
      outer loop
         vertex 0.00345161 0.00567041 0
         vertex 0.00350972 0.00547354 0
         vertex 0.00350972 0.00547354 0.003
      endloop
   endfacet
   facet normal -0.657689 -0.753289 0
      outer loop
         vertex 0.00332506 0.00583201 0
         vertex 0.00345161 0.00567041 0
         vertex 0.00345161 0.00567041 0.003
      endloop
   endfacet
   facet normal -0.888984 -0.457938 0
      outer loop
         vertex 0.00345161 0.00567041 0.003
         vertex 0.00332506 0.00583201 0.003
         vertex 0.00332506 0.00583201 0
      endloop
   endfacet
   facet normal -0.995173 -0.0981411 0
      outer loop
         vertex 0.00350972 0.00547354 0.003
         vertex 0.00345161 0.00567041 0.003
         vertex 0.00345161 0.00567041 0
      endloop
   endfacet
   facet normal -0.961311 0.275467 0
      outer loop
         vertex 0.00349119 0.00526912 0.003
         vertex 0.00350972 0.00547354 0.003
         vertex 0.00350972 0.00547354 0
      endloop
   endfacet
   facet normal -0.792164 0.610309 0
      outer loop
         vertex 0.00339864 0.00508591 0.003
         vertex 0.00349119 0.00526912 0.003
         vertex 0.00349119 0.00526912 0
      endloop
   endfacet
   facet normal 0.160814 0.986985 0
      outer loop
         vertex 0.00258356 0.00447563 0
         vertex 0.00239075 0.00454606 0
         vertex 0.00239075 0.00454606 0.003
      endloop
   endfacet
   facet normal -0.214187 0.976793 0
      outer loop
         vertex 0.00278874 0.00448121 0
         vertex 0.00258356 0.00447563 0
         vertex 0.00258356 0.00447563 0.003
      endloop
   endfacet
   facet normal -0.559046 0.829137 0
      outer loop
         vertex 0.00297744 0.004562 0
         vertex 0.00278874 0.00448121 0
         vertex 0.00278874 0.00448121 0.003
      endloop
   endfacet
   facet normal -0.82523 0.564797 0
      outer loop
         vertex 0.00312308 0.00470664 0
         vertex 0.00297744 0.004562 0
         vertex 0.00297744 0.004562 0.003
      endloop
   endfacet
   facet normal -0.559046 0.829137 0
      outer loop
         vertex 0.00297744 0.004562 0.003
         vertex 0.00312308 0.00470664 0.003
         vertex 0.00312308 0.00470664 0
      endloop
   endfacet
   facet normal -0.214187 0.976793 0
      outer loop
         vertex 0.00278874 0.00448121 0.003
         vertex 0.00297744 0.004562 0.003
         vertex 0.00297744 0.004562 0
      endloop
   endfacet
   facet normal 0.160814 0.986985 0
      outer loop
         vertex 0.00258356 0.00447563 0.003
         vertex 0.00278874 0.00448121 0.003
         vertex 0.00278874 0.00448121 0
      endloop
   endfacet
   facet normal 0.513183 0.858279 0
      outer loop
         vertex 0.00239075 0.00454606 0.003
         vertex 0.00258356 0.00447563 0.003
         vertex 0.00258356 0.00447563 0
      endloop
   endfacet
   facet normal -0.43213 0.901811 0
      outer loop
         vertex 0.0172516 0.0066122 0.003
         vertex 0.0172516 0.0066122 8.67362e-19
         vertex 0.0164978 0.00602876 0
      endloop
   endfacet
   facet normal -0.148518 0.98891 0
      outer loop
         vertex 0.0184571 0.00696079 0.003
         vertex 0.0184571 0.00696079 8.67362e-19
         vertex 0.0172516 0.0066122 8.67362e-19
      endloop
   endfacet
   facet normal -0.0746762 0.997208 0
      outer loop
         vertex 0.018905 0.00701042 0.003
         vertex 0.018905 0.00701042 0
         vertex 0.0184571 0.00696079 8.67362e-19
      endloop
   endfacet
   facet normal -0.148518 0.98891 0
      outer loop
         vertex 0.0184571 0.00696079 8.67362e-19
         vertex 0.0184571 0.00696079 0.003
         vertex 0.018905 0.00701042 0.003
      endloop
   endfacet
   facet normal -0.43213 0.901811 0
      outer loop
         vertex 0.0172516 0.0066122 8.67362e-19
         vertex 0.0172516 0.0066122 0.003
         vertex 0.0184571 0.00696079 0.003
      endloop
   endfacet
   facet normal -0.680415 0.732827 0
      outer loop
         vertex 0.0164978 0.00602876 0
         vertex 0.0164978 0.00602876 0.003
         vertex 0.0172516 0.0066122 0.003
      endloop
   endfacet
   facet normal 0.999017 -0.0443356 0
      outer loop
         vertex 0.0160387 0.00913833 0.003
         vertex 0.0160387 0.00913833 0
         vertex 0.0160412 0.00958897 0
      endloop
   endfacet
   facet normal 0.942041 -0.335498 0
      outer loop
         vertex 0.015818 0.00790306 0.003
         vertex 0.015818 0.00790306 0
         vertex 0.0160387 0.00913833 0
      endloop
   endfacet
   facet normal 0.799935 -0.600087 0
      outer loop
         vertex 0.0153165 0.00709237 0.003
         vertex 0.0153165 0.00709237 0
         vertex 0.015818 0.00790306 0
      endloop
   endfacet
   facet normal 0.942041 -0.335498 0
      outer loop
         vertex 0.015818 0.00790306 0
         vertex 0.015818 0.00790306 0.003
         vertex 0.0153165 0.00709237 0.003
      endloop
   endfacet
   facet normal 0.999017 -0.0443356 0
      outer loop
         vertex 0.0160387 0.00913833 0
         vertex 0.0160387 0.00913833 0.003
         vertex 0.015818 0.00790306 0.003
      endloop
   endfacet
   facet normal 0.999551 0.0299695 0
      outer loop
         vertex 0.0160412 0.00958897 0
         vertex 0.0160412 0.00958897 0.003
         vertex 0.0160387 0.00913833 0.003
      endloop
   endfacet
   facet normal 0.647963 0.761672 0
      outer loop
         vertex 0.0153997 0.00634727 0
         vertex 0.0153997 0.00634727 0.003
         vertex 0.0157481 0.00603358 0.003
      endloop
   endfacet
   facet normal 0.689769 0.724029 0
      outer loop
         vertex 0.0157481 0.00603358 0.003
         vertex 0.0157481 0.00603358 0
         vertex 0.0153997 0.00634727 0
      endloop
   endfacet
   facet normal 0.374442 0.92725 0
      outer loop
         vertex 0.0159206 0.00592238 0
         vertex 0.0157481 0.00603358 0
         vertex 0.0157481 0.00603358 0.003
      endloop
   endfacet
   facet normal 0.00642037 0.999979 0
      outer loop
         vertex 0.016122 0.00588259 0
         vertex 0.0159206 0.00592238 0
         vertex 0.0159206 0.00592238 0.003
      endloop
   endfacet
   facet normal -0.362505 0.931982 0
      outer loop
         vertex 0.0163238 0.00591979 0
         vertex 0.016122 0.00588259 0
         vertex 0.016122 0.00588259 0.003
      endloop
   endfacet
   facet normal -0.680415 0.732827 0
      outer loop
         vertex 0.0164978 0.00602876 0
         vertex 0.0163238 0.00591979 0
         vertex 0.0163238 0.00591979 0.003
      endloop
   endfacet
   facet normal -0.362505 0.931982 0
      outer loop
         vertex 0.0163238 0.00591979 0.003
         vertex 0.0164978 0.00602876 0.003
         vertex 0.0164978 0.00602876 0
      endloop
   endfacet
   facet normal 0.00642037 0.999979 0
      outer loop
         vertex 0.016122 0.00588259 0.003
         vertex 0.0163238 0.00591979 0.003
         vertex 0.0163238 0.00591979 0
      endloop
   endfacet
   facet normal 0.374442 0.92725 0
      outer loop
         vertex 0.0159206 0.00592238 0.003
         vertex 0.016122 0.00588259 0.003
         vertex 0.016122 0.00588259 0
      endloop
   endfacet
   facet normal 0.689769 0.724029 0
      outer loop
         vertex 0.0157481 0.00603358 0.003
         vertex 0.0159206 0.00592238 0.003
         vertex 0.0159206 0.00592238 0
      endloop
   endfacet
   facet normal 0.964768 -0.263101 0
      outer loop
         vertex 0.0152263 0.00690798 0
         vertex 0.0153165 0.00709237 0
         vertex 0.0153165 0.00709237 0.003
      endloop
   endfacet
   facet normal 0.99383 0.110912 0
      outer loop
         vertex 0.0152104 0.00670334 0
         vertex 0.0152263 0.00690798 0
         vertex 0.0152263 0.00690798 0.003
      endloop
   endfacet
   facet normal 0.883031 0.469315 0
      outer loop
         vertex 0.0152711 0.00650723 0
         vertex 0.0152104 0.00670334 0
         vertex 0.0152104 0.00670334 0.003
      endloop
   endfacet
   facet normal 0.647963 0.761672 0
      outer loop
         vertex 0.0153997 0.00634727 0
         vertex 0.0152711 0.00650723 0
         vertex 0.0152711 0.00650723 0.003
      endloop
   endfacet
   facet normal 0.883031 0.469315 0
      outer loop
         vertex 0.0152711 0.00650723 0.003
         vertex 0.0153997 0.00634727 0.003
         vertex 0.0153997 0.00634727 0
      endloop
   endfacet
   facet normal 0.99383 0.110912 0
      outer loop
         vertex 0.0152104 0.00670334 0.003
         vertex 0.0152711 0.00650723 0.003
         vertex 0.0152711 0.00650723 0
      endloop
   endfacet
   facet normal 0.964768 -0.263101 0
      outer loop
         vertex 0.0152263 0.00690798 0.003
         vertex 0.0152104 0.00670334 0.003
         vertex 0.0152104 0.00670334 0
      endloop
   endfacet
   facet normal 0.799935 -0.600087 0
      outer loop
         vertex 0.0153165 0.00709237 0.003
         vertex 0.0152263 0.00690798 0.003
         vertex 0.0152263 0.00690798 0
      endloop
   endfacet
   facet normal -0.0279711 0.999609 0
      outer loop
         vertex 0.0193141 0.00309105 0.003
         vertex 0.0193141 0.00309105 8.67362e-19
         vertex 0.0183881 0.00286466 0
      endloop
   endfacet
   facet normal 0.266547 0.963822 0
      outer loop
         vertex 0.0205571 0.0029192 0.003
         vertex 0.0205571 0.0029192 8.67362e-19
         vertex 0.0193141 0.00309105 8.67362e-19
      endloop
   endfacet
   facet normal 0.337381 0.941368 0
      outer loop
         vertex 0.0209865 0.00278236 0.003
         vertex 0.0209865 0.00278236 0
         vertex 0.0205571 0.0029192 8.67362e-19
      endloop
   endfacet
   facet normal 0.266547 0.963822 0
      outer loop
         vertex 0.0205571 0.0029192 8.67362e-19
         vertex 0.0205571 0.0029192 0.003
         vertex 0.0209865 0.00278236 0.003
      endloop
   endfacet
   facet normal -0.0279711 0.999609 0
      outer loop
         vertex 0.0193141 0.00309105 8.67362e-19
         vertex 0.0193141 0.00309105 0.003
         vertex 0.0205571 0.0029192 0.003
      endloop
   endfacet
   facet normal -0.323523 0.94622 0
      outer loop
         vertex 0.0183881 0.00286466 0
         vertex 0.0183881 0.00286466 0.003
         vertex 0.0193141 0.00309105 0.003
      endloop
   endfacet
   facet normal 0.894614 -0.446839 0
      outer loop
         vertex 0.0192335 0.00589214 0.003
         vertex 0.0192335 0.00589214 -8.67362e-19
         vertex 0.0194191 0.00630279 0
      endloop
   endfacet
   facet normal 0.724138 -0.689655 0
      outer loop
         vertex 0.0185295 0.00485342 0.003
         vertex 0.0185295 0.00485342 -8.67362e-19
         vertex 0.0192335 0.00589214 -8.67362e-19
      endloop
   endfacet
   facet normal 0.4867 -0.873569 0
      outer loop
         vertex 0.0177416 0.00431677 0.003
         vertex 0.0177416 0.00431677 0
         vertex 0.0185295 0.00485342 -8.67362e-19
      endloop
   endfacet
   facet normal 0.724138 -0.689655 0
      outer loop
         vertex 0.0185295 0.00485342 -8.67362e-19
         vertex 0.0185295 0.00485342 0.003
         vertex 0.0177416 0.00431677 0.003
      endloop
   endfacet
   facet normal 0.894614 -0.446839 0
      outer loop
         vertex 0.0192335 0.00589214 -8.67362e-19
         vertex 0.0192335 0.00589214 0.003
         vertex 0.0185295 0.00485342 0.003
      endloop
   endfacet
   facet normal 0.925325 -0.379175 0
      outer loop
         vertex 0.0194191 0.00630279 0
         vertex 0.0194191 0.00630279 0.003
         vertex 0.0192335 0.00589214 0.003
      endloop
   endfacet
   facet normal 0.901743 0.432272 0
      outer loop
         vertex 0.0175145 0.00360227 0
         vertex 0.0175145 0.00360227 0.003
         vertex 0.0177052 0.00317399 0.003
      endloop
   endfacet
   facet normal 0.924625 0.380879 0
      outer loop
         vertex 0.0177052 0.00317399 0.003
         vertex 0.0177052 0.00317399 0
         vertex 0.0175145 0.00360227 0
      endloop
   endfacet
   facet normal 0.719217 0.694786 0
      outer loop
         vertex 0.0178176 0.00300224 0
         vertex 0.0177052 0.00317399 0
         vertex 0.0177052 0.00317399 0.003
      endloop
   endfacet
   facet normal 0.412594 0.910915 0
      outer loop
         vertex 0.0179854 0.00288398 0
         vertex 0.0178176 0.00300224 0
         vertex 0.0178176 0.00300224 0.003
      endloop
   endfacet
   facet normal 0.0479062 0.998852 0
      outer loop
         vertex 0.0181849 0.00283586 0
         vertex 0.0179854 0.00288398 0
         vertex 0.0179854 0.00288398 0.003
      endloop
   endfacet
   facet normal -0.323523 0.94622 0
      outer loop
         vertex 0.0183881 0.00286466 0
         vertex 0.0181849 0.00283586 0
         vertex 0.0181849 0.00283586 0.003
      endloop
   endfacet
   facet normal 0.0479062 0.998852 0
      outer loop
         vertex 0.0181849 0.00283586 0.003
         vertex 0.0183881 0.00286466 0.003
         vertex 0.0183881 0.00286466 0
      endloop
   endfacet
   facet normal 0.412594 0.910915 0
      outer loop
         vertex 0.0179854 0.00288398 0.003
         vertex 0.0181849 0.00283586 0.003
         vertex 0.0181849 0.00283586 0
      endloop
   endfacet
   facet normal 0.719217 0.694786 0
      outer loop
         vertex 0.0178176 0.00300224 0.003
         vertex 0.0179854 0.00288398 0.003
         vertex 0.0179854 0.00288398 0
      endloop
   endfacet
   facet normal 0.924625 0.380879 0
      outer loop
         vertex 0.0177052 0.00317399 0.003
         vertex 0.0178176 0.00300224 0.003
         vertex 0.0178176 0.00300224 0
      endloop
   endfacet
   facet normal 0.774347 -0.632761 0
      outer loop
         vertex 0.0175842 0.00418501 0
         vertex 0.0177416 0.00431677 0
         vertex 0.0177416 0.00431677 0.003
      endloop
   endfacet
   facet normal 0.953021 -0.302904 0
      outer loop
         vertex 0.0174865 0.00400453 0
         vertex 0.0175842 0.00418501 0
         vertex 0.0175842 0.00418501 0.003
      endloop
   endfacet
   facet normal 0.997576 0.0695797 0
      outer loop
         vertex 0.0174621 0.00380072 0
         vertex 0.0174865 0.00400453 0
         vertex 0.0174865 0.00400453 0.003
      endloop
   endfacet
   facet normal 0.901743 0.432272 0
      outer loop
         vertex 0.0175145 0.00360227 0
         vertex 0.0174621 0.00380072 0
         vertex 0.0174621 0.00380072 0.003
      endloop
   endfacet
   facet normal 0.997576 0.0695797 0
      outer loop
         vertex 0.0174621 0.00380072 0.003
         vertex 0.0175145 0.00360227 0.003
         vertex 0.0175145 0.00360227 0
      endloop
   endfacet
   facet normal 0.953021 -0.302904 0
      outer loop
         vertex 0.0174865 0.00400453 0.003
         vertex 0.0174621 0.00380072 0.003
         vertex 0.0174621 0.00380072 0
      endloop
   endfacet
   facet normal 0.774347 -0.632761 0
      outer loop
         vertex 0.0175842 0.00418501 0.003
         vertex 0.0174865 0.00400453 0.003
         vertex 0.0174865 0.00400453 0
      endloop
   endfacet
   facet normal 0.4867 -0.873569 0
      outer loop
         vertex 0.0177416 0.00431677 0.003
         vertex 0.0175842 0.00418501 0.003
         vertex 0.0175842 0.00418501 0
      endloop
   endfacet
   facet normal -0.76157 0.648082 0
      outer loop
         vertex 0.0139353 0.00899005 0.003
         vertex 0.0139353 0.00899005 -3.46945e-18
         vertex 0.0134839 0.00815044 0
      endloop
   endfacet
   facet normal -0.537904 0.843006 0
      outer loop
         vertex 0.0148947 0.00979879 0.003
         vertex 0.0148947 0.00979879 -3.46945e-18
         vertex 0.0139353 0.00899005 -3.46945e-18
      endloop
   endfacet
   facet normal -0.473821 0.880621 0
      outer loop
         vertex 0.0152837 0.0100263 0.003
         vertex 0.0152837 0.0100263 0
         vertex 0.0148947 0.00979879 -3.46945e-18
      endloop
   endfacet
   facet normal -0.537904 0.843006 0
      outer loop
         vertex 0.0148947 0.00979879 -3.46945e-18
         vertex 0.0148947 0.00979879 0.003
         vertex 0.0152837 0.0100263 0.003
      endloop
   endfacet
   facet normal -0.76157 0.648082 0
      outer loop
         vertex 0.0139353 0.00899005 -3.46945e-18
         vertex 0.0139353 0.00899005 0.003
         vertex 0.0148947 0.00979879 0.003
      endloop
   endfacet
   facet normal -0.919658 0.392721 0
      outer loop
         vertex 0.0134839 0.00815044 0
         vertex 0.0134839 0.00815044 0.003
         vertex 0.0139353 0.00899005 0.003
      endloop
   endfacet
   facet normal 0.300019 0.953933 0
      outer loop
         vertex 0.0125002 0.00794944 0
         vertex 0.0125002 0.00794944 0.003
         vertex 0.0127971 0.0078499 0.003
      endloop
   endfacet
   facet normal 0.335646 0.941988 0
      outer loop
         vertex 0.0127971 0.0078499 0.003
         vertex 0.0127971 0.0078499 0
         vertex 0.0125002 0.00794944 0
      endloop
   endfacet
   facet normal -0.0350765 0.999385 0
      outer loop
         vertex 0.0129999 0.0078185 0
         vertex 0.0127971 0.0078499 0
         vertex 0.0127971 0.0078499 0.003
      endloop
   endfacet
   facet normal -0.400863 0.916138 0
      outer loop
         vertex 0.0132 0.00786405 0
         vertex 0.0129999 0.0078185 0
         vertex 0.0129999 0.0078185 0.003
      endloop
   endfacet
   facet normal -0.710236 0.703964 0
      outer loop
         vertex 0.0133693 0.00798014 0
         vertex 0.0132 0.00786405 0
         vertex 0.0132 0.00786405 0.003
      endloop
   endfacet
   facet normal -0.919658 0.392721 0
      outer loop
         vertex 0.0134839 0.00815044 0
         vertex 0.0133693 0.00798014 0
         vertex 0.0133693 0.00798014 0.003
      endloop
   endfacet
   facet normal -0.710236 0.703964 0
      outer loop
         vertex 0.0133693 0.00798014 0.003
         vertex 0.0134839 0.00815044 0.003
         vertex 0.0134839 0.00815044 0
      endloop
   endfacet
   facet normal -0.400863 0.916138 0
      outer loop
         vertex 0.0132 0.00786405 0.003
         vertex 0.0133693 0.00798014 0.003
         vertex 0.0133693 0.00798014 0
      endloop
   endfacet
   facet normal -0.0350765 0.999385 0
      outer loop
         vertex 0.0129999 0.0078185 0.003
         vertex 0.0132 0.00786405 0.003
         vertex 0.0132 0.00786405 0
      endloop
   endfacet
   facet normal 0.335646 0.941988 0
      outer loop
         vertex 0.0127971 0.0078499 0.003
         vertex 0.0129999 0.0078185 0.003
         vertex 0.0129999 0.0078185 0
      endloop
   endfacet
   facet normal 1 -2.0392e-05 0
      outer loop
         vertex 0.0125004 0.0200001 0.003
         vertex 0.0125002 0.00794944 0.003
         vertex 0.0125002 0.00794944 0
      endloop
   endfacet
   facet normal 1 -2.0392e-05 0
      outer loop
         vertex 0.0125002 0.00794944 0
         vertex 0.0125004 0.0200001 0
         vertex 0.0125004 0.0200001 0.003
      endloop
   endfacet
   facet normal -1 2.0392e-05 0
      outer loop
         vertex 0.00750041 0.0200002 0
         vertex 0.00750021 0.0103385 0
         vertex 0.00750021 0.0103385 0.003
      endloop
   endfacet
   facet normal -1 2.0392e-05 0
      outer loop
         vertex 0.00750021 0.0103385 0.003
         vertex 0.00750041 0.0200002 0.003
         vertex 0.00750041 0.0200002 0
      endloop
   endfacet
   facet normal 1 -2.0392e-05 0
      outer loop
         vertex 0.0125004 0.0200001 0.003
         vertex 0.0125004 0.0200001 0
         vertex 0.0123101 0.0209569 0
      endloop
   endfacet
   facet normal 0.923887 0.382665 0
      outer loop
         vertex 0.0123101 0.0209569 0.003
         vertex 0.0123101 0.0209569 0
         vertex 0.0117682 0.0217679 0
      endloop
   endfacet
   facet normal 0.707121 0.707092 0
      outer loop
         vertex 0.0117682 0.0217679 0.003
         vertex 0.0117682 0.0217679 0
         vertex 0.0109572 0.0223099 0
      endloop
   endfacet
   facet normal 0.382702 0.923872 0
      outer loop
         vertex 0.0109572 0.0223099 0.003
         vertex 0.0109572 0.0223099 0
         vertex 0.0100005 0.0225002 0
      endloop
   endfacet
   facet normal 2.0392e-05 1 0
      outer loop
         vertex 0.0100005 0.0225002 0.003
         vertex 0.0100005 0.0225002 0
         vertex 0.00904375 0.0223099 0
      endloop
   endfacet
   facet normal -0.382665 0.923887 0
      outer loop
         vertex 0.00904375 0.0223099 0.003
         vertex 0.00904375 0.0223099 0
         vertex 0.00823268 0.021768 0
      endloop
   endfacet
   facet normal -0.707092 0.707121 0
      outer loop
         vertex 0.00823268 0.021768 0.003
         vertex 0.00823268 0.021768 0
         vertex 0.00769073 0.0209569 0
      endloop
   endfacet
   facet normal -0.923872 0.382702 0
      outer loop
         vertex 0.00769073 0.0209569 0.003
         vertex 0.00769073 0.0209569 0
         vertex 0.00750041 0.0200002 0
      endloop
   endfacet
   facet normal -1 2.0392e-05 0
      outer loop
         vertex 0.00750041 0.0200002 0
         vertex 0.00750041 0.0200002 0.003
         vertex 0.00769073 0.0209569 0.003
      endloop
   endfacet
   facet normal -0.923872 0.382702 0
      outer loop
         vertex 0.00769073 0.0209569 0
         vertex 0.00769073 0.0209569 0.003
         vertex 0.00823268 0.021768 0.003
      endloop
   endfacet
   facet normal -0.707092 0.707121 0
      outer loop
         vertex 0.00823268 0.021768 0
         vertex 0.00823268 0.021768 0.003
         vertex 0.00904375 0.0223099 0.003
      endloop
   endfacet
   facet normal -0.382665 0.923887 0
      outer loop
         vertex 0.00904375 0.0223099 0
         vertex 0.00904375 0.0223099 0.003
         vertex 0.0100005 0.0225002 0.003
      endloop
   endfacet
   facet normal 2.0392e-05 1 0
      outer loop
         vertex 0.0100005 0.0225002 0
         vertex 0.0100005 0.0225002 0.003
         vertex 0.0109572 0.0223099 0.003
      endloop
   endfacet
   facet normal 0.382702 0.923872 0
      outer loop
         vertex 0.0109572 0.0223099 0
         vertex 0.0109572 0.0223099 0.003
         vertex 0.0117682 0.0217679 0.003
      endloop
   endfacet
   facet normal 0.707121 0.707092 0
      outer loop
         vertex 0.0117682 0.0217679 0
         vertex 0.0117682 0.0217679 0.003
         vertex 0.0123101 0.0209569 0.003
      endloop
   endfacet
   facet normal 0.923887 0.382665 0
      outer loop
         vertex 0.0123101 0.0209569 0
         vertex 0.0123101 0.0209569 0.003
         vertex 0.0125004 0.0200001 0.003
      endloop
   endfacet
   facet normal 0.92388 0.382683 0
      outer loop
         vertex 0.00861459 0.0194262 0
         vertex 0.00850041 0.0200002 0
         vertex 0.00850041 0.0200002 0.003
      endloop
   endfacet
   facet normal 0.707107 0.707107 0
      outer loop
         vertex 0.00893975 0.0189395 0
         vertex 0.00861459 0.0194262 0
         vertex 0.00861459 0.0194262 0.003
      endloop
   endfacet
   facet normal 0.382683 0.92388 0
      outer loop
         vertex 0.00942638 0.0186144 0
         vertex 0.00893975 0.0189395 0
         vertex 0.00893975 0.0189395 0.003
      endloop
   endfacet
   facet normal -1.83697e-16 1 0
      outer loop
         vertex 0.0100004 0.0185002 0
         vertex 0.00942638 0.0186144 0
         vertex 0.00942638 0.0186144 0.003
      endloop
   endfacet
   facet normal -0.382683 0.92388 0
      outer loop
         vertex 0.0105744 0.0186144 0
         vertex 0.0100004 0.0185002 0
         vertex 0.0100004 0.0185002 0.003
      endloop
   endfacet
   facet normal -0.707107 0.707107 0
      outer loop
         vertex 0.0110611 0.0189395 0
         vertex 0.0105744 0.0186144 0
         vertex 0.0105744 0.0186144 0.003
      endloop
   endfacet
   facet normal -0.92388 0.382683 0
      outer loop
         vertex 0.0113862 0.0194262 0
         vertex 0.0110611 0.0189395 0
         vertex 0.0110611 0.0189395 0.003
      endloop
   endfacet
   facet normal -1 -1.22465e-16 0
      outer loop
         vertex 0.0115004 0.0200002 0
         vertex 0.0113862 0.0194262 0
         vertex 0.0113862 0.0194262 0.003
      endloop
   endfacet
   facet normal -0.92388 -0.382683 0
      outer loop
         vertex 0.0113862 0.0205742 0
         vertex 0.0115004 0.0200002 0
         vertex 0.0115004 0.0200002 0.003
      endloop
   endfacet
   facet normal -0.707107 -0.707107 0
      outer loop
         vertex 0.0110611 0.0210609 0
         vertex 0.0113862 0.0205742 0
         vertex 0.0113862 0.0205742 0.003
      endloop
   endfacet
   facet normal -0.382683 -0.92388 0
      outer loop
         vertex 0.0105744 0.021386 0
         vertex 0.0110611 0.0210609 0
         vertex 0.0110611 0.0210609 0.003
      endloop
   endfacet
   facet normal 6.12323e-17 -1 0
      outer loop
         vertex 0.0100004 0.0215002 0
         vertex 0.0105744 0.021386 0
         vertex 0.0105744 0.021386 0.003
      endloop
   endfacet
   facet normal 0.382683 -0.92388 0
      outer loop
         vertex 0.00942638 0.021386 0
         vertex 0.0100004 0.0215002 0
         vertex 0.0100004 0.0215002 0.003
      endloop
   endfacet
   facet normal 0.707107 -0.707107 0
      outer loop
         vertex 0.00893975 0.0210609 0
         vertex 0.00942638 0.021386 0
         vertex 0.00942638 0.021386 0.003
      endloop
   endfacet
   facet normal 0.92388 -0.382683 0
      outer loop
         vertex 0.00861459 0.0205742 0
         vertex 0.00893975 0.0210609 0
         vertex 0.00893975 0.0210609 0.003
      endloop
   endfacet
   facet normal 1 2.44929e-16 0
      outer loop
         vertex 0.00850041 0.0200002 0
         vertex 0.00861459 0.0205742 0
         vertex 0.00861459 0.0205742 0.003
      endloop
   endfacet
   facet normal 0.92388 -0.382683 0
      outer loop
         vertex 0.00861459 0.0205742 0.003
         vertex 0.00850041 0.0200002 0.003
         vertex 0.00850041 0.0200002 0
      endloop
   endfacet
   facet normal 0.707107 -0.707107 0
      outer loop
         vertex 0.00893975 0.0210609 0.003
         vertex 0.00861459 0.0205742 0.003
         vertex 0.00861459 0.0205742 0
      endloop
   endfacet
   facet normal 0.382683 -0.92388 0
      outer loop
         vertex 0.00942638 0.021386 0.003
         vertex 0.00893975 0.0210609 0.003
         vertex 0.00893975 0.0210609 0
      endloop
   endfacet
   facet normal 6.12323e-17 -1 0
      outer loop
         vertex 0.0100004 0.0215002 0.003
         vertex 0.00942638 0.021386 0.003
         vertex 0.00942638 0.021386 0
      endloop
   endfacet
   facet normal -0.382683 -0.92388 0
      outer loop
         vertex 0.0105744 0.021386 0.003
         vertex 0.0100004 0.0215002 0.003
         vertex 0.0100004 0.0215002 0
      endloop
   endfacet
   facet normal -0.707107 -0.707107 0
      outer loop
         vertex 0.0110611 0.0210609 0.003
         vertex 0.0105744 0.021386 0.003
         vertex 0.0105744 0.021386 0
      endloop
   endfacet
   facet normal -0.92388 -0.382683 0
      outer loop
         vertex 0.0113862 0.0205742 0.003
         vertex 0.0110611 0.0210609 0.003
         vertex 0.0110611 0.0210609 0
      endloop
   endfacet
   facet normal -1 -1.22465e-16 0
      outer loop
         vertex 0.0115004 0.0200002 0.003
         vertex 0.0113862 0.0205742 0.003
         vertex 0.0113862 0.0205742 0
      endloop
   endfacet
   facet normal -0.92388 0.382683 0
      outer loop
         vertex 0.0113862 0.0194262 0.003
         vertex 0.0115004 0.0200002 0.003
         vertex 0.0115004 0.0200002 0
      endloop
   endfacet
   facet normal -0.707107 0.707107 0
      outer loop
         vertex 0.0110611 0.0189395 0.003
         vertex 0.0113862 0.0194262 0.003
         vertex 0.0113862 0.0194262 0
      endloop
   endfacet
   facet normal -0.382683 0.92388 0
      outer loop
         vertex 0.0105744 0.0186144 0.003
         vertex 0.0110611 0.0189395 0.003
         vertex 0.0110611 0.0189395 0
      endloop
   endfacet
   facet normal -1.83697e-16 1 0
      outer loop
         vertex 0.0100004 0.0185002 0.003
         vertex 0.0105744 0.0186144 0.003
         vertex 0.0105744 0.0186144 0
      endloop
   endfacet
   facet normal 0.382683 0.92388 0
      outer loop
         vertex 0.00942638 0.0186144 0.003
         vertex 0.0100004 0.0185002 0.003
         vertex 0.0100004 0.0185002 0
      endloop
   endfacet
   facet normal 0.707107 0.707107 0
      outer loop
         vertex 0.00893975 0.0189395 0.003
         vertex 0.00942638 0.0186144 0.003
         vertex 0.00942638 0.0186144 0
      endloop
   endfacet
   facet normal 0.92388 0.382683 0
      outer loop
         vertex 0.00861459 0.0194262 0.003
         vertex 0.00893975 0.0189395 0.003
         vertex 0.00893975 0.0189395 0
      endloop
   endfacet
   facet normal 1 2.44929e-16 0
      outer loop
         vertex 0.00850041 0.0200002 0.003
         vertex 0.00861459 0.0194262 0.003
         vertex 0.00861459 0.0194262 0
      endloop
   endfacet
endsolid Spur gear (15 teeth). Units = meters