solid Servo_MG995_Star_horn. STL generated by ONSHAPE BY PTC INC, 1.213. Units = meters
   facet normal 0.92388 0 0.382683
      outer loop
         vertex 0.00348097 0 0.00484567
         vertex 0.0035 -8.57253e-19 0.00475
         vertex 0.00323358 0.00133939 0.00475
      endloop
   endfacet
   facet normal 0.853553 0.353553 0.382683
      outer loop
         vertex 0.003216 0.00133211 0.00484567
         vertex 0.00323358 0.00133939 0.00475
         vertex 0.00247487 0.00247487 0.00475
      endloop
   endfacet
   facet normal 0.653281 0.653281 0.382683
      outer loop
         vertex 0.00246142 0.00246142 0.00484567
         vertex 0.00247487 0.00247487 0.00475
         vertex 0.00133939 0.00323358 0.00475
      endloop
   endfacet
   facet normal 0.353553 0.853553 0.382683
      outer loop
         vertex 0.00133211 0.003216 0.00484567
         vertex 0.00133939 0.00323358 0.00475
         vertex 2.14313e-19 0.0035 0.00475
      endloop
   endfacet
   facet normal -1.02571e-16 0.92388 0.382683
      outer loop
         vertex -3.86465e-19 0.00348097 0.00484567
         vertex 2.14313e-19 0.0035 0.00475
         vertex -0.00133939 0.00323358 0.00475
      endloop
   endfacet
   facet normal -0.353553 0.853553 0.382683
      outer loop
         vertex -0.00133211 0.003216 0.00484567
         vertex -0.00133939 0.00323358 0.00475
         vertex -0.00247487 0.00247487 0.00475
      endloop
   endfacet
   facet normal -0.653281 0.653281 0.382683
      outer loop
         vertex -0.00246142 0.00246142 0.00484567
         vertex -0.00247487 0.00247487 0.00475
         vertex -0.00323358 0.00133939 0.00475
      endloop
   endfacet
   facet normal -0.853553 0.353553 0.382683
      outer loop
         vertex -0.003216 0.00133211 0.00484567
         vertex -0.00323358 0.00133939 0.00475
         vertex -0.0035 4.28626e-19 0.00475
      endloop
   endfacet
   facet normal -0.92388 -1.53857e-16 0.382683
      outer loop
         vertex -0.00348097 -5.79698e-19 0.00484567
         vertex -0.0035 4.28626e-19 0.00475
         vertex -0.00323358 -0.00133939 0.00475
      endloop
   endfacet
   facet normal -0.853553 -0.353553 0.382683
      outer loop
         vertex -0.003216 -0.00133211 0.00484567
         vertex -0.00323358 -0.00133939 0.00475
         vertex -0.00247487 -0.00247487 0.00475
      endloop
   endfacet
   facet normal -0.653281 -0.653281 0.382683
      outer loop
         vertex -0.00246142 -0.00246142 0.00484567
         vertex -0.00247487 -0.00247487 0.00475
         vertex -0.00133939 -0.00323358 0.00475
      endloop
   endfacet
   facet normal -0.353553 -0.853553 0.382683
      outer loop
         vertex -0.00133211 -0.003216 0.00484567
         vertex -0.00133939 -0.00323358 0.00475
         vertex -6.4294e-19 -0.0035 0.00475
      endloop
   endfacet
   facet normal 2.56428e-16 -0.92388 0.382683
      outer loop
         vertex 9.66163e-19 -0.00348097 0.00484567
         vertex -6.4294e-19 -0.0035 0.00475
         vertex 0.00133939 -0.00323358 0.00475
      endloop
   endfacet
   facet normal 0.353553 -0.853553 0.382683
      outer loop
         vertex 0.00133211 -0.003216 0.00484567
         vertex 0.00133939 -0.00323358 0.00475
         vertex 0.00247487 -0.00247487 0.00475
      endloop
   endfacet
   facet normal 0.653281 -0.653281 0.382683
      outer loop
         vertex 0.00246142 -0.00246142 0.00484567
         vertex 0.00247487 -0.00247487 0.00475
         vertex 0.00323358 -0.00133939 0.00475
      endloop
   endfacet
   facet normal 0.853553 -0.353553 0.382683
      outer loop
         vertex 0.003216 -0.00133211 0.00484567
         vertex 0.00323358 -0.00133939 0.00475
         vertex 0.0035 -8.57253e-19 0.00475
      endloop
   endfacet
   facet normal 0.707107 0 0.707107
      outer loop
         vertex 0.00342678 0 0.00492678
         vertex 0.00348097 0 0.00484567
         vertex 0.003216 0.00133211 0.00484567
      endloop
   endfacet
   facet normal 0.653281 0.270598 0.707107
      outer loop
         vertex 0.00316593 0.00131137 0.00492678
         vertex 0.003216 0.00133211 0.00484567
         vertex 0.00246142 0.00246142 0.00484567
      endloop
   endfacet
   facet normal 0.5 0.5 0.707107
      outer loop
         vertex 0.0024231 0.0024231 0.00492678
         vertex 0.00246142 0.00246142 0.00484567
         vertex 0.00133211 0.003216 0.00484567
      endloop
   endfacet
   facet normal 0.270598 0.653281 0.707107
      outer loop
         vertex 0.00131137 0.00316593 0.00492678
         vertex 0.00133211 0.003216 0.00484567
         vertex -3.86465e-19 0.00348097 0.00484567
      endloop
   endfacet
   facet normal -7.85046e-17 0.707107 0.707107
      outer loop
         vertex -3.80449e-19 0.00342678 0.00492678
         vertex -3.86465e-19 0.00348097 0.00484567
         vertex -0.00133211 0.003216 0.00484567
      endloop
   endfacet
   facet normal -0.270598 0.653281 0.707107
      outer loop
         vertex -0.00131137 0.00316593 0.00492678
         vertex -0.00133211 0.003216 0.00484567
         vertex -0.00246142 0.00246142 0.00484567
      endloop
   endfacet
   facet normal -0.5 0.5 0.707107
      outer loop
         vertex -0.0024231 0.0024231 0.00492678
         vertex -0.00246142 0.00246142 0.00484567
         vertex -0.003216 0.00133211 0.00484567
      endloop
   endfacet
   facet normal -0.653281 0.270598 0.707107
      outer loop
         vertex -0.00316593 0.00131137 0.00492678
         vertex -0.003216 0.00133211 0.00484567
         vertex -0.00348097 -5.79698e-19 0.00484567
      endloop
   endfacet
   facet normal -0.707107 -1.17757e-16 0.707107
      outer loop
         vertex -0.00342678 -5.70673e-19 0.00492678
         vertex -0.00348097 -5.79698e-19 0.00484567
         vertex -0.003216 -0.00133211 0.00484567
      endloop
   endfacet
   facet normal -0.653281 -0.270598 0.707107
      outer loop
         vertex -0.00316593 -0.00131137 0.00492678
         vertex -0.003216 -0.00133211 0.00484567
         vertex -0.00246142 -0.00246142 0.00484567
      endloop
   endfacet
   facet normal -0.5 -0.5 0.707107
      outer loop
         vertex -0.0024231 -0.0024231 0.00492678
         vertex -0.00246142 -0.00246142 0.00484567
         vertex -0.00133211 -0.003216 0.00484567
      endloop
   endfacet
   facet normal -0.270598 -0.653281 0.707107
      outer loop
         vertex -0.00131137 -0.00316593 0.00492678
         vertex -0.00133211 -0.003216 0.00484567
         vertex 9.66163e-19 -0.00348097 0.00484567
      endloop
   endfacet
   facet normal 1.96262e-16 -0.707107 0.707107
      outer loop
         vertex 9.51122e-19 -0.00342678 0.00492678
         vertex 9.66163e-19 -0.00348097 0.00484567
         vertex 0.00133211 -0.003216 0.00484567
      endloop
   endfacet
   facet normal 0.270598 -0.653281 0.707107
      outer loop
         vertex 0.00131137 -0.00316593 0.00492678
         vertex 0.00133211 -0.003216 0.00484567
         vertex 0.00246142 -0.00246142 0.00484567
      endloop
   endfacet
   facet normal 0.5 -0.5 0.707107
      outer loop
         vertex 0.0024231 -0.0024231 0.00492678
         vertex 0.00246142 -0.00246142 0.00484567
         vertex 0.003216 -0.00133211 0.00484567
      endloop
   endfacet
   facet normal 0.653281 -0.270598 0.707107
      outer loop
         vertex 0.00316593 -0.00131137 0.00492678
         vertex 0.003216 -0.00133211 0.00484567
         vertex 0.00348097 0 0.00484567
      endloop
   endfacet
   facet normal 0.382683 0 0.92388
      outer loop
         vertex 0.00334567 0 0.00498097
         vertex 0.00342678 0 0.00492678
         vertex 0.00316593 0.00131137 0.00492678
      endloop
   endfacet
   facet normal 0.353553 0.146447 0.92388
      outer loop
         vertex 0.003091 0.00128033 0.00498097
         vertex 0.00316593 0.00131137 0.00492678
         vertex 0.0024231 0.0024231 0.00492678
      endloop
   endfacet
   facet normal 0.270598 0.270598 0.92388
      outer loop
         vertex 0.00236575 0.00236575 0.00498097
         vertex 0.0024231 0.0024231 0.00492678
         vertex 0.00131137 0.00316593 0.00492678
      endloop
   endfacet
   facet normal 0.146447 0.353553 0.92388
      outer loop
         vertex 0.00128033 0.003091 0.00498097
         vertex 0.00131137 0.00316593 0.00492678
         vertex -3.80449e-19 0.00342678 0.00492678
      endloop
   endfacet
   facet normal -4.24864e-17 0.382683 0.92388
      outer loop
         vertex -3.71444e-19 0.00334567 0.00498097
         vertex -3.80449e-19 0.00342678 0.00492678
         vertex -0.00131137 0.00316593 0.00492678
      endloop
   endfacet
   facet normal -0.146447 0.353553 0.92388
      outer loop
         vertex -0.00128033 0.003091 0.00498097
         vertex -0.00131137 0.00316593 0.00492678
         vertex -0.0024231 0.0024231 0.00492678
      endloop
   endfacet
   facet normal -0.270598 0.270598 0.92388
      outer loop
         vertex -0.00236575 0.00236575 0.00498097
         vertex -0.0024231 0.0024231 0.00492678
         vertex -0.00316593 0.00131137 0.00492678
      endloop
   endfacet
   facet normal -0.353553 0.146447 0.92388
      outer loop
         vertex -0.003091 0.00128033 0.00498097
         vertex -0.00316593 0.00131137 0.00492678
         vertex -0.00342678 -5.70673e-19 0.00492678
      endloop
   endfacet
   facet normal -0.382683 -6.37296e-17 0.92388
      outer loop
         vertex -0.00334567 -5.57166e-19 0.00498097
         vertex -0.00342678 -5.70673e-19 0.00492678
         vertex -0.00316593 -0.00131137 0.00492678
      endloop
   endfacet
   facet normal -0.353553 -0.146447 0.92388
      outer loop
         vertex -0.003091 -0.00128033 0.00498097
         vertex -0.00316593 -0.00131137 0.00492678
         vertex -0.0024231 -0.0024231 0.00492678
      endloop
   endfacet
   facet normal -0.270598 -0.270598 0.92388
      outer loop
         vertex -0.00236575 -0.00236575 0.00498097
         vertex -0.0024231 -0.0024231 0.00492678
         vertex -0.00131137 -0.00316593 0.00492678
      endloop
   endfacet
   facet normal -0.146447 -0.353553 0.92388
      outer loop
         vertex -0.00128033 -0.003091 0.00498097
         vertex -0.00131137 -0.00316593 0.00492678
         vertex 9.51122e-19 -0.00342678 0.00492678
      endloop
   endfacet
   facet normal 1.06216e-16 -0.382683 0.92388
      outer loop
         vertex 9.2861e-19 -0.00334567 0.00498097
         vertex 9.51122e-19 -0.00342678 0.00492678
         vertex 0.00131137 -0.00316593 0.00492678
      endloop
   endfacet
   facet normal 0.146447 -0.353553 0.92388
      outer loop
         vertex 0.00128033 -0.003091 0.00498097
         vertex 0.00131137 -0.00316593 0.00492678
         vertex 0.0024231 -0.0024231 0.00492678
      endloop
   endfacet
   facet normal 0.270598 -0.270598 0.92388
      outer loop
         vertex 0.00236575 -0.00236575 0.00498097
         vertex 0.0024231 -0.0024231 0.00492678
         vertex 0.00316593 -0.00131137 0.00492678
      endloop
   endfacet
   facet normal 0.353553 -0.146447 0.92388
      outer loop
         vertex 0.003091 -0.00128033 0.00498097
         vertex 0.00316593 -0.00131137 0.00492678
         vertex 0.00342678 0 0.00492678
      endloop
   endfacet
   facet normal 6.12323e-17 0 1
      outer loop
         vertex 0.00325 0 0.005
         vertex 0.00334567 0 0.00498097
         vertex 0.003091 0.00128033 0.00498097
      endloop
   endfacet
   facet normal 6.12323e-17 0 1
      outer loop
         vertex 0.00300261 0.00124372 0.005
         vertex 0.003091 0.00128033 0.00498097
         vertex 0.00236575 0.00236575 0.00498097
      endloop
   endfacet
   facet normal 6.12323e-17 0 1
      outer loop
         vertex 0.0022981 0.0022981 0.005
         vertex 0.00236575 0.00236575 0.00498097
         vertex 0.00128033 0.003091 0.00498097
      endloop
   endfacet
   facet normal 6.12323e-17 0 1
      outer loop
         vertex 0.00124372 0.00300261 0.005
         vertex 0.00128033 0.003091 0.00498097
         vertex -3.71444e-19 0.00334567 0.00498097
      endloop
   endfacet
   facet normal 6.12323e-17 0 1
      outer loop
         vertex -3.60822e-19 0.00325 0.005
         vertex -3.71444e-19 0.00334567 0.00498097
         vertex -0.00128033 0.003091 0.00498097
      endloop
   endfacet
   facet normal 6.12323e-17 0 1
      outer loop
         vertex -0.00124372 0.00300261 0.005
         vertex -0.00128033 0.003091 0.00498097
         vertex -0.00236575 0.00236575 0.00498097
      endloop
   endfacet
   facet normal 6.12323e-17 0 1
      outer loop
         vertex -0.0022981 0.0022981 0.005
         vertex -0.00236575 0.00236575 0.00498097
         vertex -0.003091 0.00128033 0.00498097
      endloop
   endfacet
   facet normal 6.12323e-17 0 1
      outer loop
         vertex -0.00300261 0.00124372 0.005
         vertex -0.003091 0.00128033 0.00498097
         vertex -0.00334567 -5.57166e-19 0.00498097
      endloop
   endfacet
   facet normal 6.12323e-17 0 1
      outer loop
         vertex -0.00325 -5.41234e-19 0.005
         vertex -0.00334567 -5.57166e-19 0.00498097
         vertex -0.003091 -0.00128033 0.00498097
      endloop
   endfacet
   facet normal 6.12323e-17 0 1
      outer loop
         vertex -0.00300261 -0.00124372 0.005
         vertex -0.003091 -0.00128033 0.00498097
         vertex -0.00236575 -0.00236575 0.00498097
      endloop
   endfacet
   facet normal 6.12323e-17 0 1
      outer loop
         vertex -0.0022981 -0.0022981 0.005
         vertex -0.00236575 -0.00236575 0.00498097
         vertex -0.00128033 -0.003091 0.00498097
      endloop
   endfacet
   facet normal 6.12323e-17 0 1
      outer loop
         vertex -0.00124372 -0.00300261 0.005
         vertex -0.00128033 -0.003091 0.00498097
         vertex 9.2861e-19 -0.00334567 0.00498097
      endloop
   endfacet
   facet normal 6.12323e-17 0 1
      outer loop
         vertex 9.02056e-19 -0.00325 0.005
         vertex 9.2861e-19 -0.00334567 0.00498097
         vertex 0.00128033 -0.003091 0.00498097
      endloop
   endfacet
   facet normal 6.12323e-17 0 1
      outer loop
         vertex 0.00124372 -0.00300261 0.005
         vertex 0.00128033 -0.003091 0.00498097
         vertex 0.00236575 -0.00236575 0.00498097
      endloop
   endfacet
   facet normal 6.12323e-17 0 1
      outer loop
         vertex 0.0022981 -0.0022981 0.005
         vertex 0.00236575 -0.00236575 0.00498097
         vertex 0.003091 -0.00128033 0.00498097
      endloop
   endfacet
   facet normal 6.12323e-17 0 1
      outer loop
         vertex 0.00300261 -0.00124372 0.005
         vertex 0.003091 -0.00128033 0.00498097
         vertex 0.00334567 0 0.00498097
      endloop
   endfacet
   facet normal -0.382683 0 0.92388
      outer loop
         vertex 0.00315433 0 0.00498097
         vertex 0.00325 0 0.005
         vertex 0.00300261 0.00124372 0.005
      endloop
   endfacet
   facet normal -0.353553 -0.146447 0.92388
      outer loop
         vertex 0.00291422 0.00120711 0.00498097
         vertex 0.00300261 0.00124372 0.005
         vertex 0.0022981 0.0022981 0.005
      endloop
   endfacet
   facet normal -0.270598 -0.270598 0.92388
      outer loop
         vertex 0.00223045 0.00223045 0.00498097
         vertex 0.0022981 0.0022981 0.005
         vertex 0.00124372 0.00300261 0.005
      endloop
   endfacet
   facet normal -0.146447 -0.353553 0.92388
      outer loop
         vertex 0.00120711 0.00291422 0.00498097
         vertex 0.00124372 0.00300261 0.005
         vertex -3.60822e-19 0.00325 0.005
      endloop
   endfacet
   facet normal 4.24864e-17 -0.382683 0.92388
      outer loop
         vertex -3.50201e-19 0.00315433 0.00498097
         vertex -3.60822e-19 0.00325 0.005
         vertex -0.00124372 0.00300261 0.005
      endloop
   endfacet
   facet normal 0.146447 -0.353553 0.92388
      outer loop
         vertex -0.00120711 0.00291422 0.00498097
         vertex -0.00124372 0.00300261 0.005
         vertex -0.0022981 0.0022981 0.005
      endloop
   endfacet
   facet normal 0.270598 -0.270598 0.92388
      outer loop
         vertex -0.00223045 0.00223045 0.00498097
         vertex -0.0022981 0.0022981 0.005
         vertex -0.00300261 0.00124372 0.005
      endloop
   endfacet
   facet normal 0.353553 -0.146447 0.92388
      outer loop
         vertex -0.00291422 0.00120711 0.00498097
         vertex -0.00300261 0.00124372 0.005
         vertex -0.00325 -5.41234e-19 0.005
      endloop
   endfacet
   facet normal 0.382683 6.37296e-17 0.92388
      outer loop
         vertex -0.00315433 -5.25301e-19 0.00498097
         vertex -0.00325 -5.41234e-19 0.005
         vertex -0.00300261 -0.00124372 0.005
      endloop
   endfacet
   facet normal 0.353553 0.146447 0.92388
      outer loop
         vertex -0.00291422 -0.00120711 0.00498097
         vertex -0.00300261 -0.00124372 0.005
         vertex -0.0022981 -0.0022981 0.005
      endloop
   endfacet
   facet normal 0.270598 0.270598 0.92388
      outer loop
         vertex -0.00223045 -0.00223045 0.00498097
         vertex -0.0022981 -0.0022981 0.005
         vertex -0.00124372 -0.00300261 0.005
      endloop
   endfacet
   facet normal 0.146447 0.353553 0.92388
      outer loop
         vertex -0.00120711 -0.00291422 0.00498097
         vertex -0.00124372 -0.00300261 0.005
         vertex 9.02056e-19 -0.00325 0.005
      endloop
   endfacet
   facet normal -1.06216e-16 0.382683 0.92388
      outer loop
         vertex 8.75502e-19 -0.00315433 0.00498097
         vertex 9.02056e-19 -0.00325 0.005
         vertex 0.00124372 -0.00300261 0.005
      endloop
   endfacet
   facet normal -0.146447 0.353553 0.92388
      outer loop
         vertex 0.00120711 -0.00291422 0.00498097
         vertex 0.00124372 -0.00300261 0.005
         vertex 0.0022981 -0.0022981 0.005
      endloop
   endfacet
   facet normal -0.270598 0.270598 0.92388
      outer loop
         vertex 0.00223045 -0.00223045 0.00498097
         vertex 0.0022981 -0.0022981 0.005
         vertex 0.00300261 -0.00124372 0.005
      endloop
   endfacet
   facet normal -0.353553 0.146447 0.92388
      outer loop
         vertex 0.00291422 -0.00120711 0.00498097
         vertex 0.00300261 -0.00124372 0.005
         vertex 0.00325 0 0.005
      endloop
   endfacet
   facet normal -0.707107 0 0.707107
      outer loop
         vertex 0.00307322 0 0.00492678
         vertex 0.00315433 0 0.00498097
         vertex 0.00291422 0.00120711 0.00498097
      endloop
   endfacet
   facet normal -0.653281 -0.270598 0.707107
      outer loop
         vertex 0.00283929 0.00117607 0.00492678
         vertex 0.00291422 0.00120711 0.00498097
         vertex 0.00223045 0.00223045 0.00498097
      endloop
   endfacet
   facet normal -0.5 -0.5 0.707107
      outer loop
         vertex 0.0021731 0.0021731 0.00492678
         vertex 0.00223045 0.00223045 0.00498097
         vertex 0.00120711 0.00291422 0.00498097
      endloop
   endfacet
   facet normal -0.270598 -0.653281 0.707107
      outer loop
         vertex 0.00117607 0.00283929 0.00492678
         vertex 0.00120711 0.00291422 0.00498097
         vertex -3.50201e-19 0.00315433 0.00498097
      endloop
   endfacet
   facet normal 7.85046e-17 -0.707107 0.707107
      outer loop
         vertex -3.41196e-19 0.00307322 0.00492678
         vertex -3.50201e-19 0.00315433 0.00498097
         vertex -0.00120711 0.00291422 0.00498097
      endloop
   endfacet
   facet normal 0.270598 -0.653281 0.707107
      outer loop
         vertex -0.00117607 0.00283929 0.00492678
         vertex -0.00120711 0.00291422 0.00498097
         vertex -0.00223045 0.00223045 0.00498097
      endloop
   endfacet
   facet normal 0.5 -0.5 0.707107
      outer loop
         vertex -0.0021731 0.0021731 0.00492678
         vertex -0.00223045 0.00223045 0.00498097
         vertex -0.00291422 0.00120711 0.00498097
      endloop
   endfacet
   facet normal 0.653281 -0.270598 0.707107
      outer loop
         vertex -0.00283929 0.00117607 0.00492678
         vertex -0.00291422 0.00120711 0.00498097
         vertex -0.00315433 -5.25301e-19 0.00498097
      endloop
   endfacet
   facet normal 0.707107 1.17757e-16 0.707107
      outer loop
         vertex -0.00307322 -5.11794e-19 0.00492678
         vertex -0.00315433 -5.25301e-19 0.00498097
         vertex -0.00291422 -0.00120711 0.00498097
      endloop
   endfacet
   facet normal 0.653281 0.270598 0.707107
      outer loop
         vertex -0.00283929 -0.00117607 0.00492678
         vertex -0.00291422 -0.00120711 0.00498097
         vertex -0.00223045 -0.00223045 0.00498097
      endloop
   endfacet
   facet normal 0.5 0.5 0.707107
      outer loop
         vertex -0.0021731 -0.0021731 0.00492678
         vertex -0.00223045 -0.00223045 0.00498097
         vertex -0.00120711 -0.00291422 0.00498097
      endloop
   endfacet
   facet normal 0.270598 0.653281 0.707107
      outer loop
         vertex -0.00117607 -0.00283929 0.00492678
         vertex -0.00120711 -0.00291422 0.00498097
         vertex 8.75502e-19 -0.00315433 0.00498097
      endloop
   endfacet
   facet normal -1.96262e-16 0.707107 0.707107
      outer loop
         vertex 8.52991e-19 -0.00307322 0.00492678
         vertex 8.75502e-19 -0.00315433 0.00498097
         vertex 0.00120711 -0.00291422 0.00498097
      endloop
   endfacet
   facet normal -0.270598 0.653281 0.707107
      outer loop
         vertex 0.00117607 -0.00283929 0.00492678
         vertex 0.00120711 -0.00291422 0.00498097
         vertex 0.00223045 -0.00223045 0.00498097
      endloop
   endfacet
   facet normal -0.5 0.5 0.707107
      outer loop
         vertex 0.0021731 -0.0021731 0.00492678
         vertex 0.00223045 -0.00223045 0.00498097
         vertex 0.00291422 -0.00120711 0.00498097
      endloop
   endfacet
   facet normal -0.653281 0.270598 0.707107
      outer loop
         vertex 0.00283929 -0.00117607 0.00492678
         vertex 0.00291422 -0.00120711 0.00498097
         vertex 0.00315433 0 0.00498097
      endloop
   endfacet
   facet normal -0.92388 0 0.382683
      outer loop
         vertex 0.00301903 0 0.00484567
         vertex 0.00307322 0 0.00492678
         vertex 0.00283929 0.00117607 0.00492678
      endloop
   endfacet
   facet normal -0.853553 -0.353553 0.382683
      outer loop
         vertex 0.00278922 0.00115533 0.00484567
         vertex 0.00283929 0.00117607 0.00492678
         vertex 0.0021731 0.0021731 0.00492678
      endloop
   endfacet
   facet normal -0.653281 -0.653281 0.382683
      outer loop
         vertex 0.00213478 0.00213478 0.00484567
         vertex 0.0021731 0.0021731 0.00492678
         vertex 0.00117607 0.00283929 0.00492678
      endloop
   endfacet
   facet normal -0.353553 -0.853553 0.382683
      outer loop
         vertex 0.00115533 0.00278922 0.00484567
         vertex 0.00117607 0.00283929 0.00492678
         vertex -3.41196e-19 0.00307322 0.00492678
      endloop
   endfacet
   facet normal 1.02571e-16 -0.92388 0.382683
      outer loop
         vertex -3.3518e-19 0.00301903 0.00484567
         vertex -3.41196e-19 0.00307322 0.00492678
         vertex -0.00117607 0.00283929 0.00492678
      endloop
   endfacet
   facet normal 0.353553 -0.853553 0.382683
      outer loop
         vertex -0.00115533 0.00278922 0.00484567
         vertex -0.00117607 0.00283929 0.00492678
         vertex -0.0021731 0.0021731 0.00492678
      endloop
   endfacet
   facet normal 0.653281 -0.653281 0.382683
      outer loop
         vertex -0.00213478 0.00213478 0.00484567
         vertex -0.0021731 0.0021731 0.00492678
         vertex -0.00283929 0.00117607 0.00492678
      endloop
   endfacet
   facet normal 0.853553 -0.353553 0.382683
      outer loop
         vertex -0.00278922 0.00115533 0.00484567
         vertex -0.00283929 0.00117607 0.00492678
         vertex -0.00307322 -5.11794e-19 0.00492678
      endloop
   endfacet
   facet normal 0.92388 1.53857e-16 0.382683
      outer loop
         vertex -0.00301903 -5.0277e-19 0.00484567
         vertex -0.00307322 -5.11794e-19 0.00492678
         vertex -0.00283929 -0.00117607 0.00492678
      endloop
   endfacet
   facet normal 0.853553 0.353553 0.382683
      outer loop
         vertex -0.00278922 -0.00115533 0.00484567
         vertex -0.00283929 -0.00117607 0.00492678
         vertex -0.0021731 -0.0021731 0.00492678
      endloop
   endfacet
   facet normal 0.653281 0.653281 0.382683
      outer loop
         vertex -0.00213478 -0.00213478 0.00484567
         vertex -0.0021731 -0.0021731 0.00492678
         vertex -0.00117607 -0.00283929 0.00492678
      endloop
   endfacet
   facet normal 0.353553 0.853553 0.382683
      outer loop
         vertex -0.00115533 -0.00278922 0.00484567
         vertex -0.00117607 -0.00283929 0.00492678
         vertex 8.52991e-19 -0.00307322 0.00492678
      endloop
   endfacet
   facet normal -2.56428e-16 0.92388 0.382683
      outer loop
         vertex 8.37949e-19 -0.00301903 0.00484567
         vertex 8.52991e-19 -0.00307322 0.00492678
         vertex 0.00117607 -0.00283929 0.00492678
      endloop
   endfacet
   facet normal -0.353553 0.853553 0.382683
      outer loop
         vertex 0.00115533 -0.00278922 0.00484567
         vertex 0.00117607 -0.00283929 0.00492678
         vertex 0.0021731 -0.0021731 0.00492678
      endloop
   endfacet
   facet normal -0.653281 0.653281 0.382683
      outer loop
         vertex 0.00213478 -0.00213478 0.00484567
         vertex 0.0021731 -0.0021731 0.00492678
         vertex 0.00283929 -0.00117607 0.00492678
      endloop
   endfacet
   facet normal -0.853553 0.353553 0.382683
      outer loop
         vertex 0.00278922 -0.00115533 0.00484567
         vertex 0.00283929 -0.00117607 0.00492678
         vertex 0.00307322 0 0.00492678
      endloop
   endfacet
   facet normal -1 0 1.22465e-16
      outer loop
         vertex 0.003 -7.34788e-19 0.00475
         vertex 0.00301903 0 0.00484567
         vertex 0.00278922 0.00115533 0.00484567
      endloop
   endfacet
   facet normal -0.92388 -0.382683 1.22465e-16
      outer loop
         vertex 0.00277164 0.00114805 0.00475
         vertex 0.00278922 0.00115533 0.00484567
         vertex 0.00213478 0.00213478 0.00484567
      endloop
   endfacet
   facet normal -0.707107 -0.707107 1.22465e-16
      outer loop
         vertex 0.00212132 0.00212132 0.00475
         vertex 0.00213478 0.00213478 0.00484567
         vertex 0.00115533 0.00278922 0.00484567
      endloop
   endfacet
   facet normal -0.382683 -0.92388 1.22465e-16
      outer loop
         vertex 0.00114805 0.00277164 0.00475
         vertex 0.00115533 0.00278922 0.00484567
         vertex -3.3518e-19 0.00301903 0.00484567
      endloop
   endfacet
   facet normal 1.11022e-16 -1 1.22465e-16
      outer loop
         vertex 1.83697e-19 0.003 0.00475
         vertex -3.3518e-19 0.00301903 0.00484567
         vertex -0.00115533 0.00278922 0.00484567
      endloop
   endfacet
   facet normal 0.382683 -0.92388 1.22465e-16
      outer loop
         vertex -0.00114805 0.00277164 0.00475
         vertex -0.00115533 0.00278922 0.00484567
         vertex -0.00213478 0.00213478 0.00484567
      endloop
   endfacet
   facet normal 0.707107 -0.707107 1.22465e-16
      outer loop
         vertex -0.00212132 0.00212132 0.00475
         vertex -0.00213478 0.00213478 0.00484567
         vertex -0.00278922 0.00115533 0.00484567
      endloop
   endfacet
   facet normal 0.92388 -0.382683 1.22465e-16
      outer loop
         vertex -0.00277164 0.00114805 0.00475
         vertex -0.00278922 0.00115533 0.00484567
         vertex -0.00301903 -5.0277e-19 0.00484567
      endloop
   endfacet
   facet normal 1 -1.22465e-16 0
      outer loop
         vertex -0.003 3.67394e-19 0.00475
         vertex -0.00301903 -5.0277e-19 0.00484567
         vertex -0.00278922 -0.00115533 0.00484567
      endloop
   endfacet
   facet normal 0.92388 0.382683 1.22465e-16
      outer loop
         vertex -0.00277164 -0.00114805 0.00475
         vertex -0.00278922 -0.00115533 0.00484567
         vertex -0.00213478 -0.00213478 0.00484567
      endloop
   endfacet
   facet normal 0.707107 0.707107 1.22465e-16
      outer loop
         vertex -0.00212132 -0.00212132 0.00475
         vertex -0.00213478 -0.00213478 0.00484567
         vertex -0.00115533 -0.00278922 0.00484567
      endloop
   endfacet
   facet normal 0.382683 0.92388 1.22465e-16
      outer loop
         vertex -0.00114805 -0.00277164 0.00475
         vertex -0.00115533 -0.00278922 0.00484567
         vertex 8.37949e-19 -0.00301903 0.00484567
      endloop
   endfacet
   facet normal -2.77556e-16 1 1.22465e-16
      outer loop
         vertex -5.51091e-19 -0.003 0.00475
         vertex 8.37949e-19 -0.00301903 0.00484567
         vertex 0.00115533 -0.00278922 0.00484567
      endloop
   endfacet
   facet normal -0.382683 0.92388 1.22465e-16
      outer loop
         vertex 0.00114805 -0.00277164 0.00475
         vertex 0.00115533 -0.00278922 0.00484567
         vertex 0.00213478 -0.00213478 0.00484567
      endloop
   endfacet
   facet normal -0.707107 0.707107 1.22465e-16
      outer loop
         vertex 0.00212132 -0.00212132 0.00475
         vertex 0.00213478 -0.00213478 0.00484567
         vertex 0.00278922 -0.00115533 0.00484567
      endloop
   endfacet
   facet normal -0.92388 0.382683 1.22465e-16
      outer loop
         vertex 0.00277164 -0.00114805 0.00475
         vertex 0.00278922 -0.00115533 0.00484567
         vertex 0.00301903 0 0.00484567
      endloop
   endfacet
   facet normal -0.92388 0 0.382683
      outer loop
         vertex 0.00301903 0 0.00484567
         vertex 0.003 -7.34788e-19 0.00475
         vertex 0.00277164 -0.00114805 0.00475
      endloop
   endfacet
   facet normal -0.853553 0.353553 0.382683
      outer loop
         vertex 0.00278922 -0.00115533 0.00484567
         vertex 0.00277164 -0.00114805 0.00475
         vertex 0.00212132 -0.00212132 0.00475
      endloop
   endfacet
   facet normal -0.653281 0.653281 0.382683
      outer loop
         vertex 0.00213478 -0.00213478 0.00484567
         vertex 0.00212132 -0.00212132 0.00475
         vertex 0.00114805 -0.00277164 0.00475
      endloop
   endfacet
   facet normal -0.353553 0.853553 0.382683
      outer loop
         vertex 0.00115533 -0.00278922 0.00484567
         vertex 0.00114805 -0.00277164 0.00475
         vertex -5.51091e-19 -0.003 0.00475
      endloop
   endfacet
   facet normal -2.56428e-16 0.92388 0.382683
      outer loop
         vertex 8.37949e-19 -0.00301903 0.00484567
         vertex -5.51091e-19 -0.003 0.00475
         vertex -0.00114805 -0.00277164 0.00475
      endloop
   endfacet
   facet normal 0.353553 0.853553 0.382683
      outer loop
         vertex -0.00115533 -0.00278922 0.00484567
         vertex -0.00114805 -0.00277164 0.00475
         vertex -0.00212132 -0.00212132 0.00475
      endloop
   endfacet
   facet normal 0.653281 0.653281 0.382683
      outer loop
         vertex -0.00213478 -0.00213478 0.00484567
         vertex -0.00212132 -0.00212132 0.00475
         vertex -0.00277164 -0.00114805 0.00475
      endloop
   endfacet
   facet normal 0.853553 0.353553 0.382683
      outer loop
         vertex -0.00278922 -0.00115533 0.00484567
         vertex -0.00277164 -0.00114805 0.00475
         vertex -0.003 3.67394e-19 0.00475
      endloop
   endfacet
   facet normal 0.92388 1.53857e-16 0.382683
      outer loop
         vertex -0.00301903 -5.0277e-19 0.00484567
         vertex -0.003 3.67394e-19 0.00475
         vertex -0.00277164 0.00114805 0.00475
      endloop
   endfacet
   facet normal 0.853553 -0.353553 0.382683
      outer loop
         vertex -0.00278922 0.00115533 0.00484567
         vertex -0.00277164 0.00114805 0.00475
         vertex -0.00212132 0.00212132 0.00475
      endloop
   endfacet
   facet normal 0.653281 -0.653281 0.382683
      outer loop
         vertex -0.00213478 0.00213478 0.00484567
         vertex -0.00212132 0.00212132 0.00475
         vertex -0.00114805 0.00277164 0.00475
      endloop
   endfacet
   facet normal 0.353553 -0.853553 0.382683
      outer loop
         vertex -0.00115533 0.00278922 0.00484567
         vertex -0.00114805 0.00277164 0.00475
         vertex 1.83697e-19 0.003 0.00475
      endloop
   endfacet
   facet normal 1.02571e-16 -0.92388 0.382683
      outer loop
         vertex -3.3518e-19 0.00301903 0.00484567
         vertex 1.83697e-19 0.003 0.00475
         vertex 0.00114805 0.00277164 0.00475
      endloop
   endfacet
   facet normal -0.353553 -0.853553 0.382683
      outer loop
         vertex 0.00115533 0.00278922 0.00484567
         vertex 0.00114805 0.00277164 0.00475
         vertex 0.00212132 0.00212132 0.00475
      endloop
   endfacet
   facet normal -0.653281 -0.653281 0.382683
      outer loop
         vertex 0.00213478 0.00213478 0.00484567
         vertex 0.00212132 0.00212132 0.00475
         vertex 0.00277164 0.00114805 0.00475
      endloop
   endfacet
   facet normal -0.853553 -0.353553 0.382683
      outer loop
         vertex 0.00278922 0.00115533 0.00484567
         vertex 0.00277164 0.00114805 0.00475
         vertex 0.003 -7.34788e-19 0.00475
      endloop
   endfacet
   facet normal -0.707107 0 0.707107
      outer loop
         vertex 0.00307322 0 0.00492678
         vertex 0.00301903 0 0.00484567
         vertex 0.00278922 -0.00115533 0.00484567
      endloop
   endfacet
   facet normal -0.653281 0.270598 0.707107
      outer loop
         vertex 0.00283929 -0.00117607 0.00492678
         vertex 0.00278922 -0.00115533 0.00484567
         vertex 0.00213478 -0.00213478 0.00484567
      endloop
   endfacet
   facet normal -0.5 0.5 0.707107
      outer loop
         vertex 0.0021731 -0.0021731 0.00492678
         vertex 0.00213478 -0.00213478 0.00484567
         vertex 0.00115533 -0.00278922 0.00484567
      endloop
   endfacet
   facet normal -0.270598 0.653281 0.707107
      outer loop
         vertex 0.00117607 -0.00283929 0.00492678
         vertex 0.00115533 -0.00278922 0.00484567
         vertex 8.37949e-19 -0.00301903 0.00484567
      endloop
   endfacet
   facet normal -1.96262e-16 0.707107 0.707107
      outer loop
         vertex 8.52991e-19 -0.00307322 0.00492678
         vertex 8.37949e-19 -0.00301903 0.00484567
         vertex -0.00115533 -0.00278922 0.00484567
      endloop
   endfacet
   facet normal 0.270598 0.653281 0.707107
      outer loop
         vertex -0.00117607 -0.00283929 0.00492678
         vertex -0.00115533 -0.00278922 0.00484567
         vertex -0.00213478 -0.00213478 0.00484567
      endloop
   endfacet
   facet normal 0.5 0.5 0.707107
      outer loop
         vertex -0.0021731 -0.0021731 0.00492678
         vertex -0.00213478 -0.00213478 0.00484567
         vertex -0.00278922 -0.00115533 0.00484567
      endloop
   endfacet
   facet normal 0.653281 0.270598 0.707107
      outer loop
         vertex -0.00283929 -0.00117607 0.00492678
         vertex -0.00278922 -0.00115533 0.00484567
         vertex -0.00301903 -5.0277e-19 0.00484567
      endloop
   endfacet
   facet normal 0.707107 1.17757e-16 0.707107
      outer loop
         vertex -0.00307322 -5.11794e-19 0.00492678
         vertex -0.00301903 -5.0277e-19 0.00484567
         vertex -0.00278922 0.00115533 0.00484567
      endloop
   endfacet
   facet normal 0.653281 -0.270598 0.707107
      outer loop
         vertex -0.00283929 0.00117607 0.00492678
         vertex -0.00278922 0.00115533 0.00484567
         vertex -0.00213478 0.00213478 0.00484567
      endloop
   endfacet
   facet normal 0.5 -0.5 0.707107
      outer loop
         vertex -0.0021731 0.0021731 0.00492678
         vertex -0.00213478 0.00213478 0.00484567
         vertex -0.00115533 0.00278922 0.00484567
      endloop
   endfacet
   facet normal 0.270598 -0.653281 0.707107
      outer loop
         vertex -0.00117607 0.00283929 0.00492678
         vertex -0.00115533 0.00278922 0.00484567
         vertex -3.3518e-19 0.00301903 0.00484567
      endloop
   endfacet
   facet normal 7.85046e-17 -0.707107 0.707107
      outer loop
         vertex -3.41196e-19 0.00307322 0.00492678
         vertex -3.3518e-19 0.00301903 0.00484567
         vertex 0.00115533 0.00278922 0.00484567
      endloop
   endfacet
   facet normal -0.270598 -0.653281 0.707107
      outer loop
         vertex 0.00117607 0.00283929 0.00492678
         vertex 0.00115533 0.00278922 0.00484567
         vertex 0.00213478 0.00213478 0.00484567
      endloop
   endfacet
   facet normal -0.5 -0.5 0.707107
      outer loop
         vertex 0.0021731 0.0021731 0.00492678
         vertex 0.00213478 0.00213478 0.00484567
         vertex 0.00278922 0.00115533 0.00484567
      endloop
   endfacet
   facet normal -0.653281 -0.270598 0.707107
      outer loop
         vertex 0.00283929 0.00117607 0.00492678
         vertex 0.00278922 0.00115533 0.00484567
         vertex 0.00301903 0 0.00484567
      endloop
   endfacet
   facet normal -0.382683 0 0.92388
      outer loop
         vertex 0.00315433 0 0.00498097
         vertex 0.00307322 0 0.00492678
         vertex 0.00283929 -0.00117607 0.00492678
      endloop
   endfacet
   facet normal -0.353553 0.146447 0.92388
      outer loop
         vertex 0.00291422 -0.00120711 0.00498097
         vertex 0.00283929 -0.00117607 0.00492678
         vertex 0.0021731 -0.0021731 0.00492678
      endloop
   endfacet
   facet normal -0.270598 0.270598 0.92388
      outer loop
         vertex 0.00223045 -0.00223045 0.00498097
         vertex 0.0021731 -0.0021731 0.00492678
         vertex 0.00117607 -0.00283929 0.00492678
      endloop
   endfacet
   facet normal -0.146447 0.353553 0.92388
      outer loop
         vertex 0.00120711 -0.00291422 0.00498097
         vertex 0.00117607 -0.00283929 0.00492678
         vertex 8.52991e-19 -0.00307322 0.00492678
      endloop
   endfacet
   facet normal -1.06216e-16 0.382683 0.92388
      outer loop
         vertex 8.75502e-19 -0.00315433 0.00498097
         vertex 8.52991e-19 -0.00307322 0.00492678
         vertex -0.00117607 -0.00283929 0.00492678
      endloop
   endfacet
   facet normal 0.146447 0.353553 0.92388
      outer loop
         vertex -0.00120711 -0.00291422 0.00498097
         vertex -0.00117607 -0.00283929 0.00492678
         vertex -0.0021731 -0.0021731 0.00492678
      endloop
   endfacet
   facet normal 0.270598 0.270598 0.92388
      outer loop
         vertex -0.00223045 -0.00223045 0.00498097
         vertex -0.0021731 -0.0021731 0.00492678
         vertex -0.00283929 -0.00117607 0.00492678
      endloop
   endfacet
   facet normal 0.353553 0.146447 0.92388
      outer loop
         vertex -0.00291422 -0.00120711 0.00498097
         vertex -0.00283929 -0.00117607 0.00492678
         vertex -0.00307322 -5.11794e-19 0.00492678
      endloop
   endfacet
   facet normal 0.382683 6.37296e-17 0.92388
      outer loop
         vertex -0.00315433 -5.25301e-19 0.00498097
         vertex -0.00307322 -5.11794e-19 0.00492678
         vertex -0.00283929 0.00117607 0.00492678
      endloop
   endfacet
   facet normal 0.353553 -0.146447 0.92388
      outer loop
         vertex -0.00291422 0.00120711 0.00498097
         vertex -0.00283929 0.00117607 0.00492678
         vertex -0.0021731 0.0021731 0.00492678
      endloop
   endfacet
   facet normal 0.270598 -0.270598 0.92388
      outer loop
         vertex -0.00223045 0.00223045 0.00498097
         vertex -0.0021731 0.0021731 0.00492678
         vertex -0.00117607 0.00283929 0.00492678
      endloop
   endfacet
   facet normal 0.146447 -0.353553 0.92388
      outer loop
         vertex -0.00120711 0.00291422 0.00498097
         vertex -0.00117607 0.00283929 0.00492678
         vertex -3.41196e-19 0.00307322 0.00492678
      endloop
   endfacet
   facet normal 4.24864e-17 -0.382683 0.92388
      outer loop
         vertex -3.50201e-19 0.00315433 0.00498097
         vertex -3.41196e-19 0.00307322 0.00492678
         vertex 0.00117607 0.00283929 0.00492678
      endloop
   endfacet
   facet normal -0.146447 -0.353553 0.92388
      outer loop
         vertex 0.00120711 0.00291422 0.00498097
         vertex 0.00117607 0.00283929 0.00492678
         vertex 0.0021731 0.0021731 0.00492678
      endloop
   endfacet
   facet normal -0.270598 -0.270598 0.92388
      outer loop
         vertex 0.00223045 0.00223045 0.00498097
         vertex 0.0021731 0.0021731 0.00492678
         vertex 0.00283929 0.00117607 0.00492678
      endloop
   endfacet
   facet normal -0.353553 -0.146447 0.92388
      outer loop
         vertex 0.00291422 0.00120711 0.00498097
         vertex 0.00283929 0.00117607 0.00492678
         vertex 0.00307322 0 0.00492678
      endloop
   endfacet
   facet normal 6.12323e-17 0 1
      outer loop
         vertex 0.00325 0 0.005
         vertex 0.00315433 0 0.00498097
         vertex 0.00291422 -0.00120711 0.00498097
      endloop
   endfacet
   facet normal 6.12323e-17 0 1
      outer loop
         vertex 0.00300261 -0.00124372 0.005
         vertex 0.00291422 -0.00120711 0.00498097
         vertex 0.00223045 -0.00223045 0.00498097
      endloop
   endfacet
   facet normal 6.12323e-17 0 1
      outer loop
         vertex 0.0022981 -0.0022981 0.005
         vertex 0.00223045 -0.00223045 0.00498097
         vertex 0.00120711 -0.00291422 0.00498097
      endloop
   endfacet
   facet normal 6.12323e-17 0 1
      outer loop
         vertex 0.00124372 -0.00300261 0.005
         vertex 0.00120711 -0.00291422 0.00498097
         vertex 8.75502e-19 -0.00315433 0.00498097
      endloop
   endfacet
   facet normal 6.12323e-17 0 1
      outer loop
         vertex 9.02056e-19 -0.00325 0.005
         vertex 8.75502e-19 -0.00315433 0.00498097
         vertex -0.00120711 -0.00291422 0.00498097
      endloop
   endfacet
   facet normal 6.12323e-17 0 1
      outer loop
         vertex -0.00124372 -0.00300261 0.005
         vertex -0.00120711 -0.00291422 0.00498097
         vertex -0.00223045 -0.00223045 0.00498097
      endloop
   endfacet
   facet normal 6.12323e-17 0 1
      outer loop
         vertex -0.0022981 -0.0022981 0.005
         vertex -0.00223045 -0.00223045 0.00498097
         vertex -0.00291422 -0.00120711 0.00498097
      endloop
   endfacet
   facet normal 6.12323e-17 0 1
      outer loop
         vertex -0.00300261 -0.00124372 0.005
         vertex -0.00291422 -0.00120711 0.00498097
         vertex -0.00315433 -5.25301e-19 0.00498097
      endloop
   endfacet
   facet normal 6.12323e-17 0 1
      outer loop
         vertex -0.00325 -5.41234e-19 0.005
         vertex -0.00315433 -5.25301e-19 0.00498097
         vertex -0.00291422 0.00120711 0.00498097
      endloop
   endfacet
   facet normal 6.12323e-17 0 1
      outer loop
         vertex -0.00300261 0.00124372 0.005
         vertex -0.00291422 0.00120711 0.00498097
         vertex -0.00223045 0.00223045 0.00498097
      endloop
   endfacet
   facet normal 6.12323e-17 0 1
      outer loop
         vertex -0.0022981 0.0022981 0.005
         vertex -0.00223045 0.00223045 0.00498097
         vertex -0.00120711 0.00291422 0.00498097
      endloop
   endfacet
   facet normal 6.12323e-17 0 1
      outer loop
         vertex -0.00124372 0.00300261 0.005
         vertex -0.00120711 0.00291422 0.00498097
         vertex -3.50201e-19 0.00315433 0.00498097
      endloop
   endfacet
   facet normal 6.12323e-17 0 1
      outer loop
         vertex -3.60822e-19 0.00325 0.005
         vertex -3.50201e-19 0.00315433 0.00498097
         vertex 0.00120711 0.00291422 0.00498097
      endloop
   endfacet
   facet normal 6.12323e-17 0 1
      outer loop
         vertex 0.00124372 0.00300261 0.005
         vertex 0.00120711 0.00291422 0.00498097
         vertex 0.00223045 0.00223045 0.00498097
      endloop
   endfacet
   facet normal 6.12323e-17 0 1
      outer loop
         vertex 0.0022981 0.0022981 0.005
         vertex 0.00223045 0.00223045 0.00498097
         vertex 0.00291422 0.00120711 0.00498097
      endloop
   endfacet
   facet normal 6.12323e-17 0 1
      outer loop
         vertex 0.00300261 0.00124372 0.005
         vertex 0.00291422 0.00120711 0.00498097
         vertex 0.00315433 0 0.00498097
      endloop
   endfacet
   facet normal 0.382683 0 0.92388
      outer loop
         vertex 0.00334567 0 0.00498097
         vertex 0.00325 0 0.005
         vertex 0.00300261 -0.00124372 0.005
      endloop
   endfacet
   facet normal 0.353553 -0.146447 0.92388
      outer loop
         vertex 0.003091 -0.00128033 0.00498097
         vertex 0.00300261 -0.00124372 0.005
         vertex 0.0022981 -0.0022981 0.005
      endloop
   endfacet
   facet normal 0.270598 -0.270598 0.92388
      outer loop
         vertex 0.00236575 -0.00236575 0.00498097
         vertex 0.0022981 -0.0022981 0.005
         vertex 0.00124372 -0.00300261 0.005
      endloop
   endfacet
   facet normal 0.146447 -0.353553 0.92388
      outer loop
         vertex 0.00128033 -0.003091 0.00498097
         vertex 0.00124372 -0.00300261 0.005
         vertex 9.02056e-19 -0.00325 0.005
      endloop
   endfacet
   facet normal 1.06216e-16 -0.382683 0.92388
      outer loop
         vertex 9.2861e-19 -0.00334567 0.00498097
         vertex 9.02056e-19 -0.00325 0.005
         vertex -0.00124372 -0.00300261 0.005
      endloop
   endfacet
   facet normal -0.146447 -0.353553 0.92388
      outer loop
         vertex -0.00128033 -0.003091 0.00498097
         vertex -0.00124372 -0.00300261 0.005
         vertex -0.0022981 -0.0022981 0.005
      endloop
   endfacet
   facet normal -0.270598 -0.270598 0.92388
      outer loop
         vertex -0.00236575 -0.00236575 0.00498097
         vertex -0.0022981 -0.0022981 0.005
         vertex -0.00300261 -0.00124372 0.005
      endloop
   endfacet
   facet normal -0.353553 -0.146447 0.92388
      outer loop
         vertex -0.003091 -0.00128033 0.00498097
         vertex -0.00300261 -0.00124372 0.005
         vertex -0.00325 -5.41234e-19 0.005
      endloop
   endfacet
   facet normal -0.382683 -6.37296e-17 0.92388
      outer loop
         vertex -0.00334567 -5.57166e-19 0.00498097
         vertex -0.00325 -5.41234e-19 0.005
         vertex -0.00300261 0.00124372 0.005
      endloop
   endfacet
   facet normal -0.353553 0.146447 0.92388
      outer loop
         vertex -0.003091 0.00128033 0.00498097
         vertex -0.00300261 0.00124372 0.005
         vertex -0.0022981 0.0022981 0.005
      endloop
   endfacet
   facet normal -0.270598 0.270598 0.92388
      outer loop
         vertex -0.00236575 0.00236575 0.00498097
         vertex -0.0022981 0.0022981 0.005
         vertex -0.00124372 0.00300261 0.005
      endloop
   endfacet
   facet normal -0.146447 0.353553 0.92388
      outer loop
         vertex -0.00128033 0.003091 0.00498097
         vertex -0.00124372 0.00300261 0.005
         vertex -3.60822e-19 0.00325 0.005
      endloop
   endfacet
   facet normal -4.24864e-17 0.382683 0.92388
      outer loop
         vertex -3.71444e-19 0.00334567 0.00498097
         vertex -3.60822e-19 0.00325 0.005
         vertex 0.00124372 0.00300261 0.005
      endloop
   endfacet
   facet normal 0.146447 0.353553 0.92388
      outer loop
         vertex 0.00128033 0.003091 0.00498097
         vertex 0.00124372 0.00300261 0.005
         vertex 0.0022981 0.0022981 0.005
      endloop
   endfacet
   facet normal 0.270598 0.270598 0.92388
      outer loop
         vertex 0.00236575 0.00236575 0.00498097
         vertex 0.0022981 0.0022981 0.005
         vertex 0.00300261 0.00124372 0.005
      endloop
   endfacet
   facet normal 0.353553 0.146447 0.92388
      outer loop
         vertex 0.003091 0.00128033 0.00498097
         vertex 0.00300261 0.00124372 0.005
         vertex 0.00325 0 0.005
      endloop
   endfacet
   facet normal 0.707107 0 0.707107
      outer loop
         vertex 0.00342678 0 0.00492678
         vertex 0.00334567 0 0.00498097
         vertex 0.003091 -0.00128033 0.00498097
      endloop
   endfacet
   facet normal 0.653281 -0.270598 0.707107
      outer loop
         vertex 0.00316593 -0.00131137 0.00492678
         vertex 0.003091 -0.00128033 0.00498097
         vertex 0.00236575 -0.00236575 0.00498097
      endloop
   endfacet
   facet normal 0.5 -0.5 0.707107
      outer loop
         vertex 0.0024231 -0.0024231 0.00492678
         vertex 0.00236575 -0.00236575 0.00498097
         vertex 0.00128033 -0.003091 0.00498097
      endloop
   endfacet
   facet normal 0.270598 -0.653281 0.707107
      outer loop
         vertex 0.00131137 -0.00316593 0.00492678
         vertex 0.00128033 -0.003091 0.00498097
         vertex 9.2861e-19 -0.00334567 0.00498097
      endloop
   endfacet
   facet normal 1.96262e-16 -0.707107 0.707107
      outer loop
         vertex 9.51122e-19 -0.00342678 0.00492678
         vertex 9.2861e-19 -0.00334567 0.00498097
         vertex -0.00128033 -0.003091 0.00498097
      endloop
   endfacet
   facet normal -0.270598 -0.653281 0.707107
      outer loop
         vertex -0.00131137 -0.00316593 0.00492678
         vertex -0.00128033 -0.003091 0.00498097
         vertex -0.00236575 -0.00236575 0.00498097
      endloop
   endfacet
   facet normal -0.5 -0.5 0.707107
      outer loop
         vertex -0.0024231 -0.0024231 0.00492678
         vertex -0.00236575 -0.00236575 0.00498097
         vertex -0.003091 -0.00128033 0.00498097
      endloop
   endfacet
   facet normal -0.653281 -0.270598 0.707107
      outer loop
         vertex -0.00316593 -0.00131137 0.00492678
         vertex -0.003091 -0.00128033 0.00498097
         vertex -0.00334567 -5.57166e-19 0.00498097
      endloop
   endfacet
   facet normal -0.707107 -1.17757e-16 0.707107
      outer loop
         vertex -0.00342678 -5.70673e-19 0.00492678
         vertex -0.00334567 -5.57166e-19 0.00498097
         vertex -0.003091 0.00128033 0.00498097
      endloop
   endfacet
   facet normal -0.653281 0.270598 0.707107
      outer loop
         vertex -0.00316593 0.00131137 0.00492678
         vertex -0.003091 0.00128033 0.00498097
         vertex -0.00236575 0.00236575 0.00498097
      endloop
   endfacet
   facet normal -0.5 0.5 0.707107
      outer loop
         vertex -0.0024231 0.0024231 0.00492678
         vertex -0.00236575 0.00236575 0.00498097
         vertex -0.00128033 0.003091 0.00498097
      endloop
   endfacet
   facet normal -0.270598 0.653281 0.707107
      outer loop
         vertex -0.00131137 0.00316593 0.00492678
         vertex -0.00128033 0.003091 0.00498097
         vertex -3.71444e-19 0.00334567 0.00498097
      endloop
   endfacet
   facet normal -7.85046e-17 0.707107 0.707107
      outer loop
         vertex -3.80449e-19 0.00342678 0.00492678
         vertex -3.71444e-19 0.00334567 0.00498097
         vertex 0.00128033 0.003091 0.00498097
      endloop
   endfacet
   facet normal 0.270598 0.653281 0.707107
      outer loop
         vertex 0.00131137 0.00316593 0.00492678
         vertex 0.00128033 0.003091 0.00498097
         vertex 0.00236575 0.00236575 0.00498097
      endloop
   endfacet
   facet normal 0.5 0.5 0.707107
      outer loop
         vertex 0.0024231 0.0024231 0.00492678
         vertex 0.00236575 0.00236575 0.00498097
         vertex 0.003091 0.00128033 0.00498097
      endloop
   endfacet
   facet normal 0.653281 0.270598 0.707107
      outer loop
         vertex 0.00316593 0.00131137 0.00492678
         vertex 0.003091 0.00128033 0.00498097
         vertex 0.00334567 0 0.00498097
      endloop
   endfacet
   facet normal 0.92388 0 0.382683
      outer loop
         vertex 0.00348097 0 0.00484567
         vertex 0.00342678 0 0.00492678
         vertex 0.00316593 -0.00131137 0.00492678
      endloop
   endfacet
   facet normal 0.853553 -0.353553 0.382683
      outer loop
         vertex 0.003216 -0.00133211 0.00484567
         vertex 0.00316593 -0.00131137 0.00492678
         vertex 0.0024231 -0.0024231 0.00492678
      endloop
   endfacet
   facet normal 0.653281 -0.653281 0.382683
      outer loop
         vertex 0.00246142 -0.00246142 0.00484567
         vertex 0.0024231 -0.0024231 0.00492678
         vertex 0.00131137 -0.00316593 0.00492678
      endloop
   endfacet
   facet normal 0.353553 -0.853553 0.382683
      outer loop
         vertex 0.00133211 -0.003216 0.00484567
         vertex 0.00131137 -0.00316593 0.00492678
         vertex 9.51122e-19 -0.00342678 0.00492678
      endloop
   endfacet
   facet normal 2.56428e-16 -0.92388 0.382683
      outer loop
         vertex 9.66163e-19 -0.00348097 0.00484567
         vertex 9.51122e-19 -0.00342678 0.00492678
         vertex -0.00131137 -0.00316593 0.00492678
      endloop
   endfacet
   facet normal -0.353553 -0.853553 0.382683
      outer loop
         vertex -0.00133211 -0.003216 0.00484567
         vertex -0.00131137 -0.00316593 0.00492678
         vertex -0.0024231 -0.0024231 0.00492678
      endloop
   endfacet
   facet normal -0.653281 -0.653281 0.382683
      outer loop
         vertex -0.00246142 -0.00246142 0.00484567
         vertex -0.0024231 -0.0024231 0.00492678
         vertex -0.00316593 -0.00131137 0.00492678
      endloop
   endfacet
   facet normal -0.853553 -0.353553 0.382683
      outer loop
         vertex -0.003216 -0.00133211 0.00484567
         vertex -0.00316593 -0.00131137 0.00492678
         vertex -0.00342678 -5.70673e-19 0.00492678
      endloop
   endfacet
   facet normal -0.92388 -1.53857e-16 0.382683
      outer loop
         vertex -0.00348097 -5.79698e-19 0.00484567
         vertex -0.00342678 -5.70673e-19 0.00492678
         vertex -0.00316593 0.00131137 0.00492678
      endloop
   endfacet
   facet normal -0.853553 0.353553 0.382683
      outer loop
         vertex -0.003216 0.00133211 0.00484567
         vertex -0.00316593 0.00131137 0.00492678
         vertex -0.0024231 0.0024231 0.00492678
      endloop
   endfacet
   facet normal -0.653281 0.653281 0.382683
      outer loop
         vertex -0.00246142 0.00246142 0.00484567
         vertex -0.0024231 0.0024231 0.00492678
         vertex -0.00131137 0.00316593 0.00492678
      endloop
   endfacet
   facet normal -0.353553 0.853553 0.382683
      outer loop
         vertex -0.00133211 0.003216 0.00484567
         vertex -0.00131137 0.00316593 0.00492678
         vertex -3.80449e-19 0.00342678 0.00492678
      endloop
   endfacet
   facet normal -1.02571e-16 0.92388 0.382683
      outer loop
         vertex -3.86465e-19 0.00348097 0.00484567
         vertex -3.80449e-19 0.00342678 0.00492678
         vertex 0.00131137 0.00316593 0.00492678
      endloop
   endfacet
   facet normal 0.353553 0.853553 0.382683
      outer loop
         vertex 0.00133211 0.003216 0.00484567
         vertex 0.00131137 0.00316593 0.00492678
         vertex 0.0024231 0.0024231 0.00492678
      endloop
   endfacet
   facet normal 0.653281 0.653281 0.382683
      outer loop
         vertex 0.00246142 0.00246142 0.00484567
         vertex 0.0024231 0.0024231 0.00492678
         vertex 0.00316593 0.00131137 0.00492678
      endloop
   endfacet
   facet normal 0.853553 0.353553 0.382683
      outer loop
         vertex 0.003216 0.00133211 0.00484567
         vertex 0.00316593 0.00131137 0.00492678
         vertex 0.00342678 0 0.00492678
      endloop
   endfacet
   facet normal 1 0 0
      outer loop
         vertex 0.0035 -8.57253e-19 0.00475
         vertex 0.00348097 0 0.00484567
         vertex 0.003216 -0.00133211 0.00484567
      endloop
   endfacet
   facet normal 0.92388 -0.382683 0
      outer loop
         vertex 0.00323358 -0.00133939 0.00475
         vertex 0.003216 -0.00133211 0.00484567
         vertex 0.00246142 -0.00246142 0.00484567
      endloop
   endfacet
   facet normal 0.707107 -0.707107 0
      outer loop
         vertex 0.00247487 -0.00247487 0.00475
         vertex 0.00246142 -0.00246142 0.00484567
         vertex 0.00133211 -0.003216 0.00484567
      endloop
   endfacet
   facet normal 0.382683 -0.92388 0
      outer loop
         vertex 0.00133939 -0.00323358 0.00475
         vertex 0.00133211 -0.003216 0.00484567
         vertex 9.66163e-19 -0.00348097 0.00484567
      endloop
   endfacet
   facet normal 2.77556e-16 -1 0
      outer loop
         vertex -6.4294e-19 -0.0035 0.00475
         vertex 9.66163e-19 -0.00348097 0.00484567
         vertex -0.00133211 -0.003216 0.00484567
      endloop
   endfacet
   facet normal -0.382683 -0.92388 0
      outer loop
         vertex -0.00133939 -0.00323358 0.00475
         vertex -0.00133211 -0.003216 0.00484567
         vertex -0.00246142 -0.00246142 0.00484567
      endloop
   endfacet
   facet normal -0.707107 -0.707107 0
      outer loop
         vertex -0.00247487 -0.00247487 0.00475
         vertex -0.00246142 -0.00246142 0.00484567
         vertex -0.003216 -0.00133211 0.00484567
      endloop
   endfacet
   facet normal -0.92388 -0.382683 0
      outer loop
         vertex -0.00323358 -0.00133939 0.00475
         vertex -0.003216 -0.00133211 0.00484567
         vertex -0.00348097 -5.79698e-19 0.00484567
      endloop
   endfacet
   facet normal -1 -1.66533e-16 0
      outer loop
         vertex -0.0035 4.28626e-19 0.00475
         vertex -0.00348097 -5.79698e-19 0.00484567
         vertex -0.003216 0.00133211 0.00484567
      endloop
   endfacet
   facet normal -0.92388 0.382683 0
      outer loop
         vertex -0.00323358 0.00133939 0.00475
         vertex -0.003216 0.00133211 0.00484567
         vertex -0.00246142 0.00246142 0.00484567
      endloop
   endfacet
   facet normal -0.707107 0.707107 0
      outer loop
         vertex -0.00247487 0.00247487 0.00475
         vertex -0.00246142 0.00246142 0.00484567
         vertex -0.00133211 0.003216 0.00484567
      endloop
   endfacet
   facet normal -0.382683 0.92388 0
      outer loop
         vertex -0.00133939 0.00323358 0.00475
         vertex -0.00133211 0.003216 0.00484567
         vertex -3.86465e-19 0.00348097 0.00484567
      endloop
   endfacet
   facet normal -1.11022e-16 1 0
      outer loop
         vertex 2.14313e-19 0.0035 0.00475
         vertex -3.86465e-19 0.00348097 0.00484567
         vertex 0.00133211 0.003216 0.00484567
      endloop
   endfacet
   facet normal 0.382683 0.92388 0
      outer loop
         vertex 0.00133939 0.00323358 0.00475
         vertex 0.00133211 0.003216 0.00484567
         vertex 0.00246142 0.00246142 0.00484567
      endloop
   endfacet
   facet normal 0.707107 0.707107 0
      outer loop
         vertex 0.00247487 0.00247487 0.00475
         vertex 0.00246142 0.00246142 0.00484567
         vertex 0.003216 0.00133211 0.00484567
      endloop
   endfacet
   facet normal 0.92388 0.382683 0
      outer loop
         vertex 0.00323358 0.00133939 0.00475
         vertex 0.003216 0.00133211 0.00484567
         vertex 0.00348097 0 0.00484567
      endloop
   endfacet
   facet normal 1 0 0
      outer loop
         vertex 0.0035 -8.57253e-19 0.00475
         vertex 0.0035 -8.57253e-19 0.004
         vertex 0.00323358 0.00133939 0.004
      endloop
   endfacet
   facet normal 0.92388 0.382683 0
      outer loop
         vertex 0.00323358 0.00133939 0.00475
         vertex 0.00323358 0.00133939 0.004
         vertex 0.00247487 0.00247487 0.004
      endloop
   endfacet
   facet normal 0.707107 0.707107 0
      outer loop
         vertex 0.00247487 0.00247487 0.00475
         vertex 0.00247487 0.00247487 0.004
         vertex 0.00133939 0.00323358 0.004
      endloop
   endfacet
   facet normal 0.382683 0.92388 0
      outer loop
         vertex 0.00133939 0.00323358 0.00475
         vertex 0.00133939 0.00323358 0.004
         vertex -5.62843e-19 0.0035 0.004
      endloop
   endfacet
   facet normal -1.60812e-16 1 0
      outer loop
         vertex 2.14313e-19 0.0035 0.00475
         vertex -5.62843e-19 0.0035 0.004
         vertex -0.00133939 0.00323358 0.004
      endloop
   endfacet
   facet normal -0.382683 0.92388 0
      outer loop
         vertex -0.00133939 0.00323358 0.00475
         vertex -0.00133939 0.00323358 0.004
         vertex -0.00247487 0.00247487 0.004
      endloop
   endfacet
   facet normal -0.707107 0.707107 0
      outer loop
         vertex -0.00247487 0.00247487 0.00475
         vertex -0.00247487 0.00247487 0.004
         vertex -0.00323358 0.00133939 0.004
      endloop
   endfacet
   facet normal -0.92388 0.382683 0
      outer loop
         vertex -0.00323358 0.00133939 0.00475
         vertex -0.00323358 0.00133939 0.004
         vertex -0.0035 4.28626e-19 0.004
      endloop
   endfacet
   facet normal -1 1.22465e-16 0
      outer loop
         vertex -0.0035 4.28626e-19 0.00475
         vertex -0.0035 4.28626e-19 0.004
         vertex -0.00323358 -0.00133939 0.004
      endloop
   endfacet
   facet normal -0.92388 -0.382683 0
      outer loop
         vertex -0.00323358 -0.00133939 0.00475
         vertex -0.00323358 -0.00133939 0.004
         vertex -0.00247487 -0.00247487 0.004
      endloop
   endfacet
   facet normal -0.707107 -0.707107 0
      outer loop
         vertex -0.00247487 -0.00247487 0.00475
         vertex -0.00247487 -0.00247487 0.004
         vertex -0.00133939 -0.00323358 0.004
      endloop
   endfacet
   facet normal -0.382683 -0.92388 0
      outer loop
         vertex -0.00133939 -0.00323358 0.00475
         vertex -0.00133939 -0.00323358 0.004
         vertex -6.4294e-19 -0.0035 0.004
      endloop
   endfacet
   facet normal -1.83697e-16 -1 0
      outer loop
         vertex -6.4294e-19 -0.0035 0.00475
         vertex -6.4294e-19 -0.0035 0.004
         vertex 0.00133939 -0.00323358 0.004
      endloop
   endfacet
   facet normal 0.382683 -0.92388 0
      outer loop
         vertex 0.00133939 -0.00323358 0.00475
         vertex 0.00133939 -0.00323358 0.004
         vertex 0.00247487 -0.00247487 0.004
      endloop
   endfacet
   facet normal 0.707107 -0.707107 0
      outer loop
         vertex 0.00247487 -0.00247487 0.00475
         vertex 0.00247487 -0.00247487 0.004
         vertex 0.00323358 -0.00133939 0.004
      endloop
   endfacet
   facet normal 0.92388 -0.382683 0
      outer loop
         vertex 0.00323358 -0.00133939 0.00475
         vertex 0.00323358 -0.00133939 0.004
         vertex 0.0035 -8.57253e-19 0.004
      endloop
   endfacet
   facet normal 1 0 0
      outer loop
         vertex 0.0035 -8.57253e-19 0.004
         vertex 0.0035 -8.57253e-19 0.00475
         vertex 0.00323358 -0.00133939 0.00475
      endloop
   endfacet
   facet normal 0.92388 -0.382683 0
      outer loop
         vertex 0.00323358 -0.00133939 0.004
         vertex 0.00323358 -0.00133939 0.00475
         vertex 0.00247487 -0.00247487 0.00475
      endloop
   endfacet
   facet normal 0.707107 -0.707107 0
      outer loop
         vertex 0.00247487 -0.00247487 0.004
         vertex 0.00247487 -0.00247487 0.00475
         vertex 0.00133939 -0.00323358 0.00475
      endloop
   endfacet
   facet normal 0.382683 -0.92388 0
      outer loop
         vertex 0.00133939 -0.00323358 0.004
         vertex 0.00133939 -0.00323358 0.00475
         vertex -6.4294e-19 -0.0035 0.00475
      endloop
   endfacet
   facet normal -1.83697e-16 -1 0
      outer loop
         vertex -6.4294e-19 -0.0035 0.004
         vertex -6.4294e-19 -0.0035 0.00475
         vertex -0.00133939 -0.00323358 0.00475
      endloop
   endfacet
   facet normal -0.382683 -0.92388 0
      outer loop
         vertex -0.00133939 -0.00323358 0.004
         vertex -0.00133939 -0.00323358 0.00475
         vertex -0.00247487 -0.00247487 0.00475
      endloop
   endfacet
   facet normal -0.707107 -0.707107 0
      outer loop
         vertex -0.00247487 -0.00247487 0.004
         vertex -0.00247487 -0.00247487 0.00475
         vertex -0.00323358 -0.00133939 0.00475
      endloop
   endfacet
   facet normal -0.92388 -0.382683 0
      outer loop
         vertex -0.00323358 -0.00133939 0.004
         vertex -0.00323358 -0.00133939 0.00475
         vertex -0.0035 4.28626e-19 0.00475
      endloop
   endfacet
   facet normal -1 1.22465e-16 0
      outer loop
         vertex -0.0035 4.28626e-19 0.004
         vertex -0.0035 4.28626e-19 0.00475
         vertex -0.00323358 0.00133939 0.00475
      endloop
   endfacet
   facet normal -0.92388 0.382683 0
      outer loop
         vertex -0.00323358 0.00133939 0.004
         vertex -0.00323358 0.00133939 0.00475
         vertex -0.00247487 0.00247487 0.00475
      endloop
   endfacet
   facet normal -0.707107 0.707107 0
      outer loop
         vertex -0.00247487 0.00247487 0.004
         vertex -0.00247487 0.00247487 0.00475
         vertex -0.00133939 0.00323358 0.00475
      endloop
   endfacet
   facet normal -0.382683 0.92388 0
      outer loop
         vertex -0.00133939 0.00323358 0.004
         vertex -0.00133939 0.00323358 0.00475
         vertex 2.14313e-19 0.0035 0.00475
      endloop
   endfacet
   facet normal -1.60812e-16 1 0
      outer loop
         vertex -5.62843e-19 0.0035 0.004
         vertex 2.14313e-19 0.0035 0.00475
         vertex 0.00133939 0.00323358 0.00475
      endloop
   endfacet
   facet normal 0.382683 0.92388 0
      outer loop
         vertex 0.00133939 0.00323358 0.004
         vertex 0.00133939 0.00323358 0.00475
         vertex 0.00247487 0.00247487 0.00475
      endloop
   endfacet
   facet normal 0.707107 0.707107 0
      outer loop
         vertex 0.00247487 0.00247487 0.004
         vertex 0.00247487 0.00247487 0.00475
         vertex 0.00323358 0.00133939 0.00475
      endloop
   endfacet
   facet normal 0.92388 0.382683 0
      outer loop
         vertex 0.00323358 0.00133939 0.004
         vertex 0.00323358 0.00133939 0.00475
         vertex 0.0035 -8.57253e-19 0.00475
      endloop
   endfacet
   facet normal 0.92388 0.382683 0
      outer loop
         vertex -0.00277164 -0.00114805 0.004
         vertex -0.003 0 0.004
         vertex -0.003 3.67394e-19 0.00475
      endloop
   endfacet
   facet normal 0.707107 0.707107 0
      outer loop
         vertex -0.00212132 -0.00212132 0.004
         vertex -0.00277164 -0.00114805 0.004
         vertex -0.00277164 -0.00114805 0.00475
      endloop
   endfacet
   facet normal 0.382683 0.92388 0
      outer loop
         vertex -0.00114805 -0.00277164 0.004
         vertex -0.00212132 -0.00212132 0.004
         vertex -0.00212132 -0.00212132 0.00475
      endloop
   endfacet
   facet normal -1.83697e-16 1 0
      outer loop
         vertex 5.51091e-19 -0.003 0.004
         vertex -0.00114805 -0.00277164 0.004
         vertex -0.00114805 -0.00277164 0.00475
      endloop
   endfacet
   facet normal -0.382683 0.92388 0
      outer loop
         vertex 0.00114805 -0.00277164 0.004
         vertex 5.51091e-19 -0.003 0.004
         vertex -5.51091e-19 -0.003 0.00475
      endloop
   endfacet
   facet normal -0.707107 0.707107 0
      outer loop
         vertex 0.00212132 -0.00212132 0.004
         vertex 0.00114805 -0.00277164 0.004
         vertex 0.00114805 -0.00277164 0.00475
      endloop
   endfacet
   facet normal -0.92388 0.382683 0
      outer loop
         vertex 0.00277164 -0.00114805 0.004
         vertex 0.00212132 -0.00212132 0.004
         vertex 0.00212132 -0.00212132 0.00475
      endloop
   endfacet
   facet normal -1 -5.66554e-16 0
      outer loop
         vertex 0.003 1.10218e-18 0.004
         vertex 0.00277164 -0.00114805 0.004
         vertex 0.00277164 -0.00114805 0.00475
      endloop
   endfacet
   facet normal -0.92388 -0.382683 0
      outer loop
         vertex 0.00277164 0.00114805 0.004
         vertex 0.003 1.10218e-18 0.004
         vertex 0.003 -7.34788e-19 0.00475
      endloop
   endfacet
   facet normal -0.707107 -0.707107 0
      outer loop
         vertex 0.00212132 0.00212132 0.004
         vertex 0.00277164 0.00114805 0.004
         vertex 0.00277164 0.00114805 0.00475
      endloop
   endfacet
   facet normal -0.382683 -0.92388 0
      outer loop
         vertex 0.00114805 0.00277164 0.004
         vertex 0.00212132 0.00212132 0.004
         vertex 0.00212132 0.00212132 0.00475
      endloop
   endfacet
   facet normal -1.60812e-16 -1 0
      outer loop
         vertex 4.82437e-19 0.003 0.004
         vertex 0.00114805 0.00277164 0.004
         vertex 0.00114805 0.00277164 0.00475
      endloop
   endfacet
   facet normal 0.382683 -0.92388 0
      outer loop
         vertex -0.00114805 0.00277164 0.004
         vertex 4.82437e-19 0.003 0.004
         vertex 1.83697e-19 0.003 0.00475
      endloop
   endfacet
   facet normal 0.707107 -0.707107 0
      outer loop
         vertex -0.00212132 0.00212132 0.004
         vertex -0.00114805 0.00277164 0.004
         vertex -0.00114805 0.00277164 0.00475
      endloop
   endfacet
   facet normal 0.92388 -0.382683 0
      outer loop
         vertex -0.00277164 0.00114805 0.004
         vertex -0.00212132 0.00212132 0.004
         vertex -0.00212132 0.00212132 0.00475
      endloop
   endfacet
   facet normal 1 2.44929e-16 0
      outer loop
         vertex -0.003 0 0.004
         vertex -0.00277164 0.00114805 0.004
         vertex -0.00277164 0.00114805 0.00475
      endloop
   endfacet
   facet normal 0.92388 -0.382683 0
      outer loop
         vertex -0.00277164 0.00114805 0.00475
         vertex -0.003 3.67394e-19 0.00475
         vertex -0.003 0 0.004
      endloop
   endfacet
   facet normal 0.707107 -0.707107 0
      outer loop
         vertex -0.00212132 0.00212132 0.00475
         vertex -0.00277164 0.00114805 0.00475
         vertex -0.00277164 0.00114805 0.004
      endloop
   endfacet
   facet normal 0.382683 -0.92388 0
      outer loop
         vertex -0.00114805 0.00277164 0.00475
         vertex -0.00212132 0.00212132 0.00475
         vertex -0.00212132 0.00212132 0.004
      endloop
   endfacet
   facet normal -1.60812e-16 -1 0
      outer loop
         vertex 1.83697e-19 0.003 0.00475
         vertex -0.00114805 0.00277164 0.00475
         vertex -0.00114805 0.00277164 0.004
      endloop
   endfacet
   facet normal -0.382683 -0.92388 0
      outer loop
         vertex 0.00114805 0.00277164 0.00475
         vertex 1.83697e-19 0.003 0.00475
         vertex 4.82437e-19 0.003 0.004
      endloop
   endfacet
   facet normal -0.707107 -0.707107 0
      outer loop
         vertex 0.00212132 0.00212132 0.00475
         vertex 0.00114805 0.00277164 0.00475
         vertex 0.00114805 0.00277164 0.004
      endloop
   endfacet
   facet normal -0.92388 -0.382683 0
      outer loop
         vertex 0.00277164 0.00114805 0.00475
         vertex 0.00212132 0.00212132 0.00475
         vertex 0.00212132 0.00212132 0.004
      endloop
   endfacet
   facet normal -1 -1.22465e-16 0
      outer loop
         vertex 0.003 -7.34788e-19 0.00475
         vertex 0.00277164 0.00114805 0.00475
         vertex 0.00277164 0.00114805 0.004
      endloop
   endfacet
   facet normal -0.92388 0.382683 0
      outer loop
         vertex 0.00277164 -0.00114805 0.00475
         vertex 0.003 -7.34788e-19 0.00475
         vertex 0.003 1.10218e-18 0.004
      endloop
   endfacet
   facet normal -0.707107 0.707107 0
      outer loop
         vertex 0.00212132 -0.00212132 0.00475
         vertex 0.00277164 -0.00114805 0.00475
         vertex 0.00277164 -0.00114805 0.004
      endloop
   endfacet
   facet normal -0.382683 0.92388 0
      outer loop
         vertex 0.00114805 -0.00277164 0.00475
         vertex 0.00212132 -0.00212132 0.00475
         vertex 0.00212132 -0.00212132 0.004
      endloop
   endfacet
   facet normal -1.83697e-16 1 0
      outer loop
         vertex -5.51091e-19 -0.003 0.00475
         vertex 0.00114805 -0.00277164 0.00475
         vertex 0.00114805 -0.00277164 0.004
      endloop
   endfacet
   facet normal 0.382683 0.92388 0
      outer loop
         vertex -0.00114805 -0.00277164 0.00475
         vertex -5.51091e-19 -0.003 0.00475
         vertex 5.51091e-19 -0.003 0.004
      endloop
   endfacet
   facet normal 0.707107 0.707107 0
      outer loop
         vertex -0.00212132 -0.00212132 0.00475
         vertex -0.00114805 -0.00277164 0.00475
         vertex -0.00114805 -0.00277164 0.004
      endloop
   endfacet
   facet normal 0.92388 0.382683 0
      outer loop
         vertex -0.00277164 -0.00114805 0.00475
         vertex -0.00212132 -0.00212132 0.00475
         vertex -0.00212132 -0.00212132 0.004
      endloop
   endfacet
   facet normal 1 2.44929e-16 0
      outer loop
         vertex -0.003 3.67394e-19 0.00475
         vertex -0.00277164 -0.00114805 0.00475
         vertex -0.00277164 -0.00114805 0.004
      endloop
   endfacet
   facet normal 0 0 1
      outer loop
         vertex 0.003 1.10218e-18 0.004
         vertex 0.00277164 0.00114805 0.004
         vertex 0.0015706 0.000650562 0.004
      endloop
   endfacet
   facet normal 0 0 1
      outer loop
         vertex 0.00212132 0.00212132 0.004
         vertex 0.00120208 0.00120208 0.004
         vertex 0.0015706 0.000650562 0.004
      endloop
   endfacet
   facet normal 0 0 1
      outer loop
         vertex -0.00277164 -0.00114805 0.004
         vertex -0.00212132 -0.00212132 0.004
         vertex -0.00120208 -0.00120208 0.004
      endloop
   endfacet
   facet normal 0 0 1
      outer loop
         vertex -0.00212132 -0.00212132 0.004
         vertex -0.00114805 -0.00277164 0.004
         vertex -0.000650562 -0.0015706 0.004
      endloop
   endfacet
   facet normal 0 0 1
      outer loop
         vertex 0.0015706 0.000650562 0.004
         vertex 0.00277164 0.00114805 0.004
         vertex 0.00212132 0.00212132 0.004
      endloop
   endfacet
   facet normal 0 0 1
      outer loop
         vertex 0.00114805 0.00277164 0.004
         vertex 0.000650562 0.0015706 0.004
         vertex 0.00120208 0.00120208 0.004
      endloop
   endfacet
   facet normal 0 0 1
      outer loop
         vertex 4.82437e-19 0.003 0.004
         vertex 2.73381e-19 0.0017 0.004
         vertex 0.000650562 0.0015706 0.004
      endloop
   endfacet
   facet normal 0 0 1
      outer loop
         vertex 4.82437e-19 0.003 0.004
         vertex -0.00114805 0.00277164 0.004
         vertex -0.000650562 0.0015706 0.004
      endloop
   endfacet
   facet normal 0 0 1
      outer loop
         vertex -0.000650562 -0.0015706 0.004
         vertex -0.00120208 -0.00120208 0.004
         vertex -0.00212132 -0.00212132 0.004
      endloop
   endfacet
   facet normal 0 0 1
      outer loop
         vertex -0.00114805 -0.00277164 0.004
         vertex 5.51091e-19 -0.003 0.004
         vertex 3.12285e-19 -0.0017 0.004
      endloop
   endfacet
   facet normal 0 0 1
      outer loop
         vertex 0.00120208 0.00120208 0.004
         vertex 0.00212132 0.00212132 0.004
         vertex 0.00114805 0.00277164 0.004
      endloop
   endfacet
   facet normal 0 0 1
      outer loop
         vertex -0.000650562 0.0015706 0.004
         vertex 2.73381e-19 0.0017 0.004
         vertex 4.82437e-19 0.003 0.004
      endloop
   endfacet
   facet normal 0 0 1
      outer loop
         vertex 3.12285e-19 -0.0017 0.004
         vertex -0.000650562 -0.0015706 0.004
         vertex -0.00114805 -0.00277164 0.004
      endloop
   endfacet
   facet normal 0 0 1
      outer loop
         vertex 5.51091e-19 -0.003 0.004
         vertex 0.00114805 -0.00277164 0.004
         vertex 0.000650562 -0.0015706 0.004
      endloop
   endfacet
   facet normal 0 0 1
      outer loop
         vertex 0.000650562 0.0015706 0.004
         vertex 0.00114805 0.00277164 0.004
         vertex 4.82437e-19 0.003 0.004
      endloop
   endfacet
   facet normal 0 0 1
      outer loop
         vertex -0.00212132 0.00212132 0.004
         vertex -0.00120208 0.00120208 0.004
         vertex -0.000650562 0.0015706 0.004
      endloop
   endfacet
   facet normal 0 0 1
      outer loop
         vertex 0.000650562 -0.0015706 0.004
         vertex 3.12285e-19 -0.0017 0.004
         vertex 5.51091e-19 -0.003 0.004
      endloop
   endfacet
   facet normal 0 0 1
      outer loop
         vertex 0.00114805 -0.00277164 0.004
         vertex 0.00212132 -0.00212132 0.004
         vertex 0.00120208 -0.00120208 0.004
      endloop
   endfacet
   facet normal 0 0 1
      outer loop
         vertex -0.000650562 0.0015706 0.004
         vertex -0.00114805 0.00277164 0.004
         vertex -0.00212132 0.00212132 0.004
      endloop
   endfacet
   facet normal 0 0 1
      outer loop
         vertex -0.00277164 0.00114805 0.004
         vertex -0.0015706 0.000650562 0.004
         vertex -0.00120208 0.00120208 0.004
      endloop
   endfacet
   facet normal 0 0 1
      outer loop
         vertex -0.003 0 0.004
         vertex -0.0017 0 0.004
         vertex -0.0015706 0.000650562 0.004
      endloop
   endfacet
   facet normal 0 0 1
      outer loop
         vertex -0.003 0 0.004
         vertex -0.00277164 -0.00114805 0.004
         vertex -0.0015706 -0.000650562 0.004
      endloop
   endfacet
   facet normal 0 0 1
      outer loop
         vertex 0.00120208 -0.00120208 0.004
         vertex 0.000650562 -0.0015706 0.004
         vertex 0.00114805 -0.00277164 0.004
      endloop
   endfacet
   facet normal 0 0 1
      outer loop
         vertex 0.00212132 -0.00212132 0.004
         vertex 0.00277164 -0.00114805 0.004
         vertex 0.0015706 -0.000650562 0.004
      endloop
   endfacet
   facet normal 0 0 1
      outer loop
         vertex -0.00120208 0.00120208 0.004
         vertex -0.00212132 0.00212132 0.004
         vertex -0.00277164 0.00114805 0.004
      endloop
   endfacet
   facet normal 0 0 1
      outer loop
         vertex -0.0015706 -0.000650562 0.004
         vertex -0.0017 0 0.004
         vertex -0.003 0 0.004
      endloop
   endfacet
   facet normal 0 0 1
      outer loop
         vertex 0.0015706 -0.000650562 0.004
         vertex 0.00120208 -0.00120208 0.004
         vertex 0.00212132 -0.00212132 0.004
      endloop
   endfacet
   facet normal 0 0 1
      outer loop
         vertex 0.00277164 -0.00114805 0.004
         vertex 0.003 1.10218e-18 0.004
         vertex 0.0017 2.0819e-19 0.004
      endloop
   endfacet
   facet normal 0 0 1
      outer loop
         vertex -0.0015706 0.000650562 0.004
         vertex -0.00277164 0.00114805 0.004
         vertex -0.003 0 0.004
      endloop
   endfacet
   facet normal 0 0 1
      outer loop
         vertex 0.0017 2.0819e-19 0.004
         vertex 0.0015706 -0.000650562 0.004
         vertex 0.00277164 -0.00114805 0.004
      endloop
   endfacet
   facet normal 0 0 1
      outer loop
         vertex -0.00120208 -0.00120208 0.004
         vertex -0.0015706 -0.000650562 0.004
         vertex -0.00277164 -0.00114805 0.004
      endloop
   endfacet
   facet normal 0 0 1
      outer loop
         vertex 0.0015706 0.000650562 0.004
         vertex 0.0017 2.0819e-19 0.004
         vertex 0.003 1.10218e-18 0.004
      endloop
   endfacet
   facet normal 0.92388 0.382683 0
      outer loop
         vertex -0.0015706 -0.000650562 0.003
         vertex -0.0017 -4.1638e-19 0.003
         vertex -0.0017 0 0.004
      endloop
   endfacet
   facet normal 0.707107 0.707107 0
      outer loop
         vertex -0.00120208 -0.00120208 0.003
         vertex -0.0015706 -0.000650562 0.003
         vertex -0.0015706 -0.000650562 0.004
      endloop
   endfacet
   facet normal 0.382683 0.92388 0
      outer loop
         vertex -0.000650562 -0.0015706 0.003
         vertex -0.00120208 -0.00120208 0.003
         vertex -0.00120208 -0.00120208 0.004
      endloop
   endfacet
   facet normal -1.83697e-16 1 0
      outer loop
         vertex 3.12285e-19 -0.0017 0.003
         vertex -0.000650562 -0.0015706 0.003
         vertex -0.000650562 -0.0015706 0.004
      endloop
   endfacet
   facet normal -0.382683 0.92388 0
      outer loop
         vertex 0.000650562 -0.0015706 0.003
         vertex 3.12285e-19 -0.0017 0.003
         vertex 3.12285e-19 -0.0017 0.004
      endloop
   endfacet
   facet normal -0.707107 0.707107 0
      outer loop
         vertex 0.00120208 -0.00120208 0.003
         vertex 0.000650562 -0.0015706 0.003
         vertex 0.000650562 -0.0015706 0.004
      endloop
   endfacet
   facet normal -0.92388 0.382683 0
      outer loop
         vertex 0.0015706 -0.000650562 0.003
         vertex 0.00120208 -0.00120208 0.003
         vertex 0.00120208 -0.00120208 0.004
      endloop
   endfacet
   facet normal -1 -1.22465e-16 0
      outer loop
         vertex 0.0017 2.0819e-19 0.003
         vertex 0.0015706 -0.000650562 0.003
         vertex 0.0015706 -0.000650562 0.004
      endloop
   endfacet
   facet normal -0.92388 -0.382683 0
      outer loop
         vertex 0.0015706 0.000650562 0.003
         vertex 0.0017 2.0819e-19 0.003
         vertex 0.0017 2.0819e-19 0.004
      endloop
   endfacet
   facet normal -0.707107 -0.707107 0
      outer loop
         vertex 0.00120208 0.00120208 0.003
         vertex 0.0015706 0.000650562 0.003
         vertex 0.0015706 0.000650562 0.004
      endloop
   endfacet
   facet normal -0.382683 -0.92388 0
      outer loop
         vertex 0.000650562 0.0015706 0.003
         vertex 0.00120208 0.00120208 0.003
         vertex 0.00120208 0.00120208 0.004
      endloop
   endfacet
   facet normal -1.60812e-16 -1 0
      outer loop
         vertex 2.73381e-19 0.0017 0.003
         vertex 0.000650562 0.0015706 0.003
         vertex 0.000650562 0.0015706 0.004
      endloop
   endfacet
   facet normal 0.382683 -0.92388 0
      outer loop
         vertex -0.000650562 0.0015706 0.003
         vertex 2.73381e-19 0.0017 0.003
         vertex 2.73381e-19 0.0017 0.004
      endloop
   endfacet
   facet normal 0.707107 -0.707107 0
      outer loop
         vertex -0.00120208 0.00120208 0.003
         vertex -0.000650562 0.0015706 0.003
         vertex -0.000650562 0.0015706 0.004
      endloop
   endfacet
   facet normal 0.92388 -0.382683 0
      outer loop
         vertex -0.0015706 0.000650562 0.003
         vertex -0.00120208 0.00120208 0.003
         vertex -0.00120208 0.00120208 0.004
      endloop
   endfacet
   facet normal 1 0 0
      outer loop
         vertex -0.0017 -4.1638e-19 0.003
         vertex -0.0015706 0.000650562 0.003
         vertex -0.0015706 0.000650562 0.004
      endloop
   endfacet
   facet normal 0.92388 -0.382683 0
      outer loop
         vertex -0.0015706 0.000650562 0.004
         vertex -0.0017 0 0.004
         vertex -0.0017 -4.1638e-19 0.003
      endloop
   endfacet
   facet normal 0.707107 -0.707107 0
      outer loop
         vertex -0.00120208 0.00120208 0.004
         vertex -0.0015706 0.000650562 0.004
         vertex -0.0015706 0.000650562 0.003
      endloop
   endfacet
   facet normal 0.382683 -0.92388 0
      outer loop
         vertex -0.000650562 0.0015706 0.004
         vertex -0.00120208 0.00120208 0.004
         vertex -0.00120208 0.00120208 0.003
      endloop
   endfacet
   facet normal -1.60812e-16 -1 0
      outer loop
         vertex 2.73381e-19 0.0017 0.004
         vertex -0.000650562 0.0015706 0.004
         vertex -0.000650562 0.0015706 0.003
      endloop
   endfacet
   facet normal -0.382683 -0.92388 0
      outer loop
         vertex 0.000650562 0.0015706 0.004
         vertex 2.73381e-19 0.0017 0.004
         vertex 2.73381e-19 0.0017 0.003
      endloop
   endfacet
   facet normal -0.707107 -0.707107 0
      outer loop
         vertex 0.00120208 0.00120208 0.004
         vertex 0.000650562 0.0015706 0.004
         vertex 0.000650562 0.0015706 0.003
      endloop
   endfacet
   facet normal -0.92388 -0.382683 0
      outer loop
         vertex 0.0015706 0.000650562 0.004
         vertex 0.00120208 0.00120208 0.004
         vertex 0.00120208 0.00120208 0.003
      endloop
   endfacet
   facet normal -1 -1.22465e-16 0
      outer loop
         vertex 0.0017 2.0819e-19 0.004
         vertex 0.0015706 0.000650562 0.004
         vertex 0.0015706 0.000650562 0.003
      endloop
   endfacet
   facet normal -0.92388 0.382683 0
      outer loop
         vertex 0.0015706 -0.000650562 0.004
         vertex 0.0017 2.0819e-19 0.004
         vertex 0.0017 2.0819e-19 0.003
      endloop
   endfacet
   facet normal -0.707107 0.707107 0
      outer loop
         vertex 0.00120208 -0.00120208 0.004
         vertex 0.0015706 -0.000650562 0.004
         vertex 0.0015706 -0.000650562 0.003
      endloop
   endfacet
   facet normal -0.382683 0.92388 0
      outer loop
         vertex 0.000650562 -0.0015706 0.004
         vertex 0.00120208 -0.00120208 0.004
         vertex 0.00120208 -0.00120208 0.003
      endloop
   endfacet
   facet normal -1.83697e-16 1 0
      outer loop
         vertex 3.12285e-19 -0.0017 0.004
         vertex 0.000650562 -0.0015706 0.004
         vertex 0.000650562 -0.0015706 0.003
      endloop
   endfacet
   facet normal 0.382683 0.92388 0
      outer loop
         vertex -0.000650562 -0.0015706 0.004
         vertex 3.12285e-19 -0.0017 0.004
         vertex 3.12285e-19 -0.0017 0.003
      endloop
   endfacet
   facet normal 0.707107 0.707107 0
      outer loop
         vertex -0.00120208 -0.00120208 0.004
         vertex -0.000650562 -0.0015706 0.004
         vertex -0.000650562 -0.0015706 0.003
      endloop
   endfacet
   facet normal 0.92388 0.382683 0
      outer loop
         vertex -0.0015706 -0.000650562 0.004
         vertex -0.00120208 -0.00120208 0.004
         vertex -0.00120208 -0.00120208 0.003
      endloop
   endfacet
   facet normal 1 0 0
      outer loop
         vertex -0.0017 0 0.004
         vertex -0.0015706 -0.000650562 0.004
         vertex -0.0015706 -0.000650562 0.003
      endloop
   endfacet
   facet normal 0 0 1
      outer loop
         vertex 0.0045 0 0.004
         vertex 0.00415746 0.00172208 0.004
         vertex 0.00323358 0.00133939 0.004
      endloop
   endfacet
   facet normal 0 0 1
      outer loop
         vertex 0.00415746 0.00172208 0.004
         vertex 0.00318198 0.00318198 0.004
         vertex 0.00247487 0.00247487 0.004
      endloop
   endfacet
   facet normal 0 0 1
      outer loop
         vertex 0.00247487 0.00247487 0.004
         vertex 0.00323358 0.00133939 0.004
         vertex 0.00415746 0.00172208 0.004
      endloop
   endfacet
   facet normal 0 0 1
      outer loop
         vertex 0.00172208 0.00415746 0.004
         vertex 0.00133939 0.00323358 0.004
         vertex 0.00247487 0.00247487 0.004
      endloop
   endfacet
   facet normal 0 0 1
      outer loop
         vertex -7.23655e-19 0.0045 0.004
         vertex -5.62843e-19 0.0035 0.004
         vertex 0.00133939 0.00323358 0.004
      endloop
   endfacet
   facet normal 0 0 1
      outer loop
         vertex -7.23655e-19 0.0045 0.004
         vertex -0.00172208 0.00415746 0.004
         vertex -0.00133939 0.00323358 0.004
      endloop
   endfacet
   facet normal 0 0 1
      outer loop
         vertex 0.00247487 0.00247487 0.004
         vertex 0.00318198 0.00318198 0.004
         vertex 0.00172208 0.00415746 0.004
      endloop
   endfacet
   facet normal 0 0 1
      outer loop
         vertex -0.00133939 0.00323358 0.004
         vertex -5.62843e-19 0.0035 0.004
         vertex -7.23655e-19 0.0045 0.004
      endloop
   endfacet
   facet normal 0 0 1
      outer loop
         vertex -0.00415746 0.00172208 0.004
         vertex -0.00323358 0.00133939 0.004
         vertex -0.00247487 0.00247487 0.004
      endloop
   endfacet
   facet normal 0 0 1
      outer loop
         vertex -0.00415746 0.00172208 0.004
         vertex -0.0045 5.51091e-19 0.004
         vertex -0.0035 4.28626e-19 0.004
      endloop
   endfacet
   facet normal 0 0 1
      outer loop
         vertex -0.00172208 -0.00415746 0.004
         vertex -0.00133939 -0.00323358 0.004
         vertex -0.00247487 -0.00247487 0.004
      endloop
   endfacet
   facet normal 0 0 1
      outer loop
         vertex -0.00172208 -0.00415746 0.004
         vertex -8.26637e-19 -0.0045 0.004
         vertex -6.4294e-19 -0.0035 0.004
      endloop
   endfacet
   facet normal 0 0 1
      outer loop
         vertex 0.00172208 -0.00415746 0.004
         vertex 0.00133939 -0.00323358 0.004
         vertex -6.4294e-19 -0.0035 0.004
      endloop
   endfacet
   facet normal 0 0 1
      outer loop
         vertex 0.00172208 -0.00415746 0.004
         vertex 0.00318198 -0.00318198 0.004
         vertex 0.00247487 -0.00247487 0.004
      endloop
   endfacet
   facet normal 0 0 1
      outer loop
         vertex 0.00133939 0.00323358 0.004
         vertex 0.00172208 0.00415746 0.004
         vertex -7.23655e-19 0.0045 0.004
      endloop
   endfacet
   facet normal 0 0 1
      outer loop
         vertex -0.00318198 0.00318198 0.004
         vertex -0.00247487 0.00247487 0.004
         vertex -0.00133939 0.00323358 0.004
      endloop
   endfacet
   facet normal 0 0 1
      outer loop
         vertex -0.0035 4.28626e-19 0.004
         vertex -0.00323358 0.00133939 0.004
         vertex -0.00415746 0.00172208 0.004
      endloop
   endfacet
   facet normal 0 0 1
      outer loop
         vertex -0.0045 5.51091e-19 0.004
         vertex -0.00415746 -0.00172208 0.004
         vertex -0.00323358 -0.00133939 0.004
      endloop
   endfacet
   facet normal 0 0 1
      outer loop
         vertex -6.4294e-19 -0.0035 0.004
         vertex -0.00133939 -0.00323358 0.004
         vertex -0.00172208 -0.00415746 0.004
      endloop
   endfacet
   facet normal 0 0 1
      outer loop
         vertex 0.00247487 -0.00247487 0.004
         vertex 0.00133939 -0.00323358 0.004
         vertex 0.00172208 -0.00415746 0.004
      endloop
   endfacet
   facet normal 0 0 1
      outer loop
         vertex -0.00133939 0.00323358 0.004
         vertex -0.00172208 0.00415746 0.004
         vertex -0.00318198 0.00318198 0.004
      endloop
   endfacet
   facet normal 0 0 1
      outer loop
         vertex -0.00323358 -0.00133939 0.004
         vertex -0.0035 4.28626e-19 0.004
         vertex -0.0045 5.51091e-19 0.004
      endloop
   endfacet
   facet normal 0 0 1
      outer loop
         vertex -6.4294e-19 -0.0035 0.004
         vertex -8.26637e-19 -0.0045 0.004
         vertex 0.00172208 -0.00415746 0.004
      endloop
   endfacet
   facet normal 0 0 1
      outer loop
         vertex 0.00318198 -0.00318198 0.004
         vertex 0.00415746 -0.00172208 0.004
         vertex 0.00323358 -0.00133939 0.004
      endloop
   endfacet
   facet normal 0 0 1
      outer loop
         vertex -0.00247487 0.00247487 0.004
         vertex -0.00318198 0.00318198 0.004
         vertex -0.00415746 0.00172208 0.004
      endloop
   endfacet
   facet normal 0 0 1
      outer loop
         vertex -0.00415746 -0.00172208 0.004
         vertex -0.00318198 -0.00318198 0.004
         vertex -0.00247487 -0.00247487 0.004
      endloop
   endfacet
   facet normal 0 0 1
      outer loop
         vertex 0.00323358 -0.00133939 0.004
         vertex 0.00247487 -0.00247487 0.004
         vertex 0.00318198 -0.00318198 0.004
      endloop
   endfacet
   facet normal 0 0 1
      outer loop
         vertex 0.00415746 -0.00172208 0.004
         vertex 0.0045 0 0.004
         vertex 0.0035 -8.57253e-19 0.004
      endloop
   endfacet
   facet normal 0 0 1
      outer loop
         vertex -0.00247487 -0.00247487 0.004
         vertex -0.00323358 -0.00133939 0.004
         vertex -0.00415746 -0.00172208 0.004
      endloop
   endfacet
   facet normal 0 0 1
      outer loop
         vertex 0.0035 -8.57253e-19 0.004
         vertex 0.00323358 -0.00133939 0.004
         vertex 0.00415746 -0.00172208 0.004
      endloop
   endfacet
   facet normal 0 0 1
      outer loop
         vertex -0.00247487 -0.00247487 0.004
         vertex -0.00318198 -0.00318198 0.004
         vertex -0.00172208 -0.00415746 0.004
      endloop
   endfacet
   facet normal 0 0 1
      outer loop
         vertex 0.00323358 0.00133939 0.004
         vertex 0.0035 -8.57253e-19 0.004
         vertex 0.0045 0 0.004
      endloop
   endfacet
   facet normal -0.92388 0.382683 0
      outer loop
         vertex 0.00415746 -0.00172208 0.00475
         vertex 0.0045 0 0.00475
         vertex 0.0045 0 0.004
      endloop
   endfacet
   facet normal -0.707107 0.707107 0
      outer loop
         vertex 0.00318198 -0.00318198 0.00475
         vertex 0.00415746 -0.00172208 0.00475
         vertex 0.00415746 -0.00172208 0.004
      endloop
   endfacet
   facet normal -0.382683 0.92388 0
      outer loop
         vertex 0.00172208 -0.00415746 0.00475
         vertex 0.00318198 -0.00318198 0.00475
         vertex 0.00318198 -0.00318198 0.004
      endloop
   endfacet
   facet normal 1.83697e-16 1 0
      outer loop
         vertex -8.26637e-19 -0.0045 0.00475
         vertex 0.00172208 -0.00415746 0.00475
         vertex 0.00172208 -0.00415746 0.004
      endloop
   endfacet
   facet normal 0.382683 0.92388 0
      outer loop
         vertex -0.00172208 -0.00415746 0.00475
         vertex -8.26637e-19 -0.0045 0.00475
         vertex -8.26637e-19 -0.0045 0.004
      endloop
   endfacet
   facet normal 0.707107 0.707107 0
      outer loop
         vertex -0.00318198 -0.00318198 0.00475
         vertex -0.00172208 -0.00415746 0.00475
         vertex -0.00172208 -0.00415746 0.004
      endloop
   endfacet
   facet normal 0.92388 0.382683 0
      outer loop
         vertex -0.00415746 -0.00172208 0.00475
         vertex -0.00318198 -0.00318198 0.00475
         vertex -0.00318198 -0.00318198 0.004
      endloop
   endfacet
   facet normal 1 -1.22465e-16 0
      outer loop
         vertex -0.0045 5.51091e-19 0.00475
         vertex -0.00415746 -0.00172208 0.00475
         vertex -0.00415746 -0.00172208 0.004
      endloop
   endfacet
   facet normal 0.92388 -0.382683 0
      outer loop
         vertex -0.00415746 0.00172208 0.00475
         vertex -0.0045 5.51091e-19 0.00475
         vertex -0.0045 5.51091e-19 0.004
      endloop
   endfacet
   facet normal 0.707107 -0.707107 0
      outer loop
         vertex -0.00318198 0.00318198 0.00475
         vertex -0.00415746 0.00172208 0.00475
         vertex -0.00415746 0.00172208 0.004
      endloop
   endfacet
   facet normal 0.382683 -0.92388 0
      outer loop
         vertex -0.00172208 0.00415746 0.00475
         vertex -0.00318198 0.00318198 0.00475
         vertex -0.00318198 0.00318198 0.004
      endloop
   endfacet
   facet normal 1.60812e-16 -1 0
      outer loop
         vertex 2.75546e-19 0.0045 0.00475
         vertex -0.00172208 0.00415746 0.00475
         vertex -0.00172208 0.00415746 0.004
      endloop
   endfacet
   facet normal -0.382683 -0.92388 0
      outer loop
         vertex 0.00172208 0.00415746 0.00475
         vertex 2.75546e-19 0.0045 0.00475
         vertex -7.23655e-19 0.0045 0.004
      endloop
   endfacet
   facet normal -0.707107 -0.707107 0
      outer loop
         vertex 0.00318198 0.00318198 0.00475
         vertex 0.00172208 0.00415746 0.00475
         vertex 0.00172208 0.00415746 0.004
      endloop
   endfacet
   facet normal -0.92388 -0.382683 0
      outer loop
         vertex 0.00415746 0.00172208 0.00475
         vertex 0.00318198 0.00318198 0.00475
         vertex 0.00318198 0.00318198 0.004
      endloop
   endfacet
   facet normal -1 0 0
      outer loop
         vertex 0.0045 0 0.00475
         vertex 0.00415746 0.00172208 0.00475
         vertex 0.00415746 0.00172208 0.004
      endloop
   endfacet
   facet normal -0.92388 -0.382683 0
      outer loop
         vertex 0.00415746 0.00172208 0.004
         vertex 0.0045 0 0.004
         vertex 0.0045 0 0.00475
      endloop
   endfacet
   facet normal -0.707107 -0.707107 0
      outer loop
         vertex 0.00318198 0.00318198 0.004
         vertex 0.00415746 0.00172208 0.004
         vertex 0.00415746 0.00172208 0.00475
      endloop
   endfacet
   facet normal -0.382683 -0.92388 0
      outer loop
         vertex 0.00172208 0.00415746 0.004
         vertex 0.00318198 0.00318198 0.004
         vertex 0.00318198 0.00318198 0.00475
      endloop
   endfacet
   facet normal 1.60812e-16 -1 0
      outer loop
         vertex -7.23655e-19 0.0045 0.004
         vertex 0.00172208 0.00415746 0.004
         vertex 0.00172208 0.00415746 0.00475
      endloop
   endfacet
   facet normal 0.382683 -0.92388 0
      outer loop
         vertex -0.00172208 0.00415746 0.004
         vertex -7.23655e-19 0.0045 0.004
         vertex 2.75546e-19 0.0045 0.00475
      endloop
   endfacet
   facet normal 0.707107 -0.707107 0
      outer loop
         vertex -0.00318198 0.00318198 0.004
         vertex -0.00172208 0.00415746 0.004
         vertex -0.00172208 0.00415746 0.00475
      endloop
   endfacet
   facet normal 0.92388 -0.382683 0
      outer loop
         vertex -0.00415746 0.00172208 0.004
         vertex -0.00318198 0.00318198 0.004
         vertex -0.00318198 0.00318198 0.00475
      endloop
   endfacet
   facet normal 1 -1.22465e-16 0
      outer loop
         vertex -0.0045 5.51091e-19 0.004
         vertex -0.00415746 0.00172208 0.004
         vertex -0.00415746 0.00172208 0.00475
      endloop
   endfacet
   facet normal 0.92388 0.382683 0
      outer loop
         vertex -0.00415746 -0.00172208 0.004
         vertex -0.0045 5.51091e-19 0.004
         vertex -0.0045 5.51091e-19 0.00475
      endloop
   endfacet
   facet normal 0.707107 0.707107 0
      outer loop
         vertex -0.00318198 -0.00318198 0.004
         vertex -0.00415746 -0.00172208 0.004
         vertex -0.00415746 -0.00172208 0.00475
      endloop
   endfacet
   facet normal 0.382683 0.92388 0
      outer loop
         vertex -0.00172208 -0.00415746 0.004
         vertex -0.00318198 -0.00318198 0.004
         vertex -0.00318198 -0.00318198 0.00475
      endloop
   endfacet
   facet normal 1.83697e-16 1 0
      outer loop
         vertex -8.26637e-19 -0.0045 0.004
         vertex -0.00172208 -0.00415746 0.004
         vertex -0.00172208 -0.00415746 0.00475
      endloop
   endfacet
   facet normal -0.382683 0.92388 0
      outer loop
         vertex 0.00172208 -0.00415746 0.004
         vertex -8.26637e-19 -0.0045 0.004
         vertex -8.26637e-19 -0.0045 0.00475
      endloop
   endfacet
   facet normal -0.707107 0.707107 0
      outer loop
         vertex 0.00318198 -0.00318198 0.004
         vertex 0.00172208 -0.00415746 0.004
         vertex 0.00172208 -0.00415746 0.00475
      endloop
   endfacet
   facet normal -0.92388 0.382683 0
      outer loop
         vertex 0.00415746 -0.00172208 0.004
         vertex 0.00318198 -0.00318198 0.004
         vertex 0.00318198 -0.00318198 0.00475
      endloop
   endfacet
   facet normal -1 0 0
      outer loop
         vertex 0.0045 0 0.004
         vertex 0.00415746 -0.00172208 0.004
         vertex 0.00415746 -0.00172208 0.00475
      endloop
   endfacet
   facet normal -0.382683 0 0.92388
      outer loop
         vertex 0.00465433 0 0.00498097
         vertex 0.00475 -1.16341e-18 0.005
         vertex 0.00438843 0.00181775 0.005
      endloop
   endfacet
   facet normal -0.353553 -0.146447 0.92388
      outer loop
         vertex 0.00430004 0.00178113 0.00498097
         vertex 0.00438843 0.00181775 0.005
         vertex 0.00335876 0.00335876 0.005
      endloop
   endfacet
   facet normal -0.146447 -0.353553 0.92388
      outer loop
         vertex 0.00178113 0.00430004 0.00498097
         vertex 0.00329111 0.00329111 0.00498097
         vertex 0.00314737 0.0035 0.005
      endloop
   endfacet
   facet normal -0.270598 -0.270598 0.92388
      outer loop
         vertex 0.00329111 0.00329111 0.00498097
         vertex 0.00335876 0.00335876 0.005
         vertex 0.00314737 0.0035 0.005
      endloop
   endfacet
   facet normal -0.146447 -0.353553 0.92388
      outer loop
         vertex 0.00178113 0.00430004 0.00498097
         vertex 0.00181775 0.00438843 0.005
         vertex 2.90854e-19 0.00475 0.005
      endloop
   endfacet
   facet normal 4.24864e-17 -0.382683 0.92388
      outer loop
         vertex -5.16734e-19 0.00465433 0.00498097
         vertex 2.90854e-19 0.00475 0.005
         vertex -0.00181775 0.00438843 0.005
      endloop
   endfacet
   facet normal 0.146447 -0.353553 0.92388
      outer loop
         vertex -0.00178113 0.00430004 0.00498097
         vertex -0.00181775 0.00438843 0.005
         vertex -0.002875 0.00368199 0.005
      endloop
   endfacet
   facet normal 0.18442 -0.236186 0.954047
      outer loop
         vertex -0.002875 0.00368199 0.005
         vertex -0.00329111 0.00329111 0.00498097
         vertex -0.00178113 0.00430004 0.00498097
      endloop
   endfacet
   facet normal 0.18442 -0.236186 0.954047
      outer loop
         vertex -0.002875 0.00368199 0.005
         vertex -0.00314737 0.0035 0.005
         vertex -0.00329111 0.00329111 0.00498097
      endloop
   endfacet
   facet normal 0.270598 -0.270598 0.92388
      outer loop
         vertex -0.00329111 0.00329111 0.00498097
         vertex -0.00335876 0.00335876 0.005
         vertex -0.00438843 0.00181775 0.005
      endloop
   endfacet
   facet normal 0.353553 -0.146447 0.92388
      outer loop
         vertex -0.00430004 0.00178113 0.00498097
         vertex -0.00438843 0.00181775 0.005
         vertex -0.00475 5.81707e-19 0.005
      endloop
   endfacet
   facet normal 0.382683 6.37296e-17 0.92388
      outer loop
         vertex -0.00465433 -7.75102e-19 0.00498097
         vertex -0.00475 5.81707e-19 0.005
         vertex -0.00438843 -0.00181775 0.005
      endloop
   endfacet
   facet normal 0.353553 0.146447 0.92388
      outer loop
         vertex -0.00430004 -0.00178113 0.00498097
         vertex -0.00438843 -0.00181775 0.005
         vertex -0.00335876 -0.00335876 0.005
      endloop
   endfacet
   facet normal 0.146447 0.353553 0.92388
      outer loop
         vertex -0.00178113 -0.00430004 0.00498097
         vertex -0.00329111 -0.00329111 0.00498097
         vertex -0.002875 -0.00368199 0.005
      endloop
   endfacet
   facet normal 0.270598 0.270598 0.92388
      outer loop
         vertex -0.00329111 -0.00329111 0.00498097
         vertex -0.00335876 -0.00335876 0.005
         vertex -0.002875 -0.00368199 0.005
      endloop
   endfacet
   facet normal 0.146447 0.353553 0.92388
      outer loop
         vertex -0.00178113 -0.00430004 0.00498097
         vertex -0.00181775 -0.00438843 0.005
         vertex -8.72561e-19 -0.00475 0.005
      endloop
   endfacet
   facet normal -1.06216e-16 0.382683 0.92388
      outer loop
         vertex 1.29184e-18 -0.00465433 0.00498097
         vertex -8.72561e-19 -0.00475 0.005
         vertex 0.00181775 -0.00438843 0.005
      endloop
   endfacet
   facet normal -0.146447 0.353553 0.92388
      outer loop
         vertex 0.00178113 -0.00430004 0.00498097
         vertex 0.00181775 -0.00438843 0.005
         vertex 0.00335876 -0.00335876 0.005
      endloop
   endfacet
   facet normal -0.270598 0.270598 0.92388
      outer loop
         vertex 0.00329111 -0.00329111 0.00498097
         vertex 0.00335876 -0.00335876 0.005
         vertex 0.00438843 -0.00181775 0.005
      endloop
   endfacet
   facet normal -0.353553 0.146447 0.92388
      outer loop
         vertex 0.00430004 -0.00178113 0.00498097
         vertex 0.00438843 -0.00181775 0.005
         vertex 0.00475 -1.16341e-18 0.005
      endloop
   endfacet
   facet normal -0.707107 0 0.707107
      outer loop
         vertex 0.00457322 0 0.00492678
         vertex 0.00465433 0 0.00498097
         vertex 0.00430004 0.00178113 0.00498097
      endloop
   endfacet
   facet normal -0.653281 -0.270598 0.707107
      outer loop
         vertex 0.00422511 0.0017501 0.00492678
         vertex 0.00430004 0.00178113 0.00498097
         vertex 0.00329111 0.00329111 0.00498097
      endloop
   endfacet
   facet normal -0.5 -0.5 0.707107
      outer loop
         vertex 0.00323376 0.00323376 0.00492678
         vertex 0.00329111 0.00329111 0.00498097
         vertex 0.00178113 0.00430004 0.00498097
      endloop
   endfacet
   facet normal -0.270598 -0.653281 0.707107
      outer loop
         vertex 0.0017501 0.00422511 0.00492678
         vertex 0.00178113 0.00430004 0.00498097
         vertex -5.16734e-19 0.00465433 0.00498097
      endloop
   endfacet
   facet normal 7.85046e-17 -0.707107 0.707107
      outer loop
         vertex -5.0773e-19 0.00457322 0.00492678
         vertex -5.16734e-19 0.00465433 0.00498097
         vertex -0.00178113 0.00430004 0.00498097
      endloop
   endfacet
   facet normal 0.270598 -0.653281 0.707107
      outer loop
         vertex -0.0017501 0.00422511 0.00492678
         vertex -0.00178113 0.00430004 0.00498097
         vertex -0.00329111 0.00329111 0.00498097
      endloop
   endfacet
   facet normal 0.5 -0.5 0.707107
      outer loop
         vertex -0.00323376 0.00323376 0.00492678
         vertex -0.00329111 0.00329111 0.00498097
         vertex -0.00430004 0.00178113 0.00498097
      endloop
   endfacet
   facet normal 0.653281 -0.270598 0.707107
      outer loop
         vertex -0.00422511 0.0017501 0.00492678
         vertex -0.00430004 0.00178113 0.00498097
         vertex -0.00465433 -7.75102e-19 0.00498097
      endloop
   endfacet
   facet normal 0.707107 1.17757e-16 0.707107
      outer loop
         vertex -0.00457322 -7.61595e-19 0.00492678
         vertex -0.00465433 -7.75102e-19 0.00498097
         vertex -0.00430004 -0.00178113 0.00498097
      endloop
   endfacet
   facet normal 0.653281 0.270598 0.707107
      outer loop
         vertex -0.00422511 -0.0017501 0.00492678
         vertex -0.00430004 -0.00178113 0.00498097
         vertex -0.00329111 -0.00329111 0.00498097
      endloop
   endfacet
   facet normal 0.5 0.5 0.707107
      outer loop
         vertex -0.00323376 -0.00323376 0.00492678
         vertex -0.00329111 -0.00329111 0.00498097
         vertex -0.00178113 -0.00430004 0.00498097
      endloop
   endfacet
   facet normal 0.270598 0.653281 0.707107
      outer loop
         vertex -0.0017501 -0.00422511 0.00492678
         vertex -0.00178113 -0.00430004 0.00498097
         vertex 1.29184e-18 -0.00465433 0.00498097
      endloop
   endfacet
   facet normal -1.96262e-16 0.707107 0.707107
      outer loop
         vertex 1.26932e-18 -0.00457322 0.00492678
         vertex 1.29184e-18 -0.00465433 0.00498097
         vertex 0.00178113 -0.00430004 0.00498097
      endloop
   endfacet
   facet normal -0.270598 0.653281 0.707107
      outer loop
         vertex 0.0017501 -0.00422511 0.00492678
         vertex 0.00178113 -0.00430004 0.00498097
         vertex 0.00329111 -0.00329111 0.00498097
      endloop
   endfacet
   facet normal -0.5 0.5 0.707107
      outer loop
         vertex 0.00323376 -0.00323376 0.00492678
         vertex 0.00329111 -0.00329111 0.00498097
         vertex 0.00430004 -0.00178113 0.00498097
      endloop
   endfacet
   facet normal -0.653281 0.270598 0.707107
      outer loop
         vertex 0.00422511 -0.0017501 0.00492678
         vertex 0.00430004 -0.00178113 0.00498097
         vertex 0.00465433 0 0.00498097
      endloop
   endfacet
   facet normal -0.92388 0 0.382683
      outer loop
         vertex 0.00451903 0 0.00484567
         vertex 0.00457322 0 0.00492678
         vertex 0.00422511 0.0017501 0.00492678
      endloop
   endfacet
   facet normal -0.853553 -0.353553 0.382683
      outer loop
         vertex 0.00417504 0.00172936 0.00484567
         vertex 0.00422511 0.0017501 0.00492678
         vertex 0.00323376 0.00323376 0.00492678
      endloop
   endfacet
   facet normal -0.653281 -0.653281 0.382683
      outer loop
         vertex 0.00319544 0.00319544 0.00484567
         vertex 0.00323376 0.00323376 0.00492678
         vertex 0.0017501 0.00422511 0.00492678
      endloop
   endfacet
   facet normal -0.353553 -0.853553 0.382683
      outer loop
         vertex 0.00172936 0.00417504 0.00484567
         vertex 0.0017501 0.00422511 0.00492678
         vertex -5.0773e-19 0.00457322 0.00492678
      endloop
   endfacet
   facet normal 1.02571e-16 -0.92388 0.382683
      outer loop
         vertex -5.01713e-19 0.00451903 0.00484567
         vertex -5.0773e-19 0.00457322 0.00492678
         vertex -0.0017501 0.00422511 0.00492678
      endloop
   endfacet
   facet normal 0.353553 -0.853553 0.382683
      outer loop
         vertex -0.00172936 0.00417504 0.00484567
         vertex -0.0017501 0.00422511 0.00492678
         vertex -0.00323376 0.00323376 0.00492678
      endloop
   endfacet
   facet normal 0.653281 -0.653281 0.382683
      outer loop
         vertex -0.00319544 0.00319544 0.00484567
         vertex -0.00323376 0.00323376 0.00492678
         vertex -0.00422511 0.0017501 0.00492678
      endloop
   endfacet
   facet normal 0.853553 -0.353553 0.382683
      outer loop
         vertex -0.00417504 0.00172936 0.00484567
         vertex -0.00422511 0.0017501 0.00492678
         vertex -0.00457322 -7.61595e-19 0.00492678
      endloop
   endfacet
   facet normal 0.92388 1.53857e-16 0.382683
      outer loop
         vertex -0.00451903 -7.5257e-19 0.00484567
         vertex -0.00457322 -7.61595e-19 0.00492678
         vertex -0.00422511 -0.0017501 0.00492678
      endloop
   endfacet
   facet normal 0.853553 0.353553 0.382683
      outer loop
         vertex -0.00417504 -0.00172936 0.00484567
         vertex -0.00422511 -0.0017501 0.00492678
         vertex -0.00323376 -0.00323376 0.00492678
      endloop
   endfacet
   facet normal 0.653281 0.653281 0.382683
      outer loop
         vertex -0.00319544 -0.00319544 0.00484567
         vertex -0.00323376 -0.00323376 0.00492678
         vertex -0.0017501 -0.00422511 0.00492678
      endloop
   endfacet
   facet normal 0.353553 0.853553 0.382683
      outer loop
         vertex -0.00172936 -0.00417504 0.00484567
         vertex -0.0017501 -0.00422511 0.00492678
         vertex 1.26932e-18 -0.00457322 0.00492678
      endloop
   endfacet
   facet normal -2.56428e-16 0.92388 0.382683
      outer loop
         vertex 1.25428e-18 -0.00451903 0.00484567
         vertex 1.26932e-18 -0.00457322 0.00492678
         vertex 0.0017501 -0.00422511 0.00492678
      endloop
   endfacet
   facet normal -0.353553 0.853553 0.382683
      outer loop
         vertex 0.00172936 -0.00417504 0.00484567
         vertex 0.0017501 -0.00422511 0.00492678
         vertex 0.00323376 -0.00323376 0.00492678
      endloop
   endfacet
   facet normal -0.653281 0.653281 0.382683
      outer loop
         vertex 0.00319544 -0.00319544 0.00484567
         vertex 0.00323376 -0.00323376 0.00492678
         vertex 0.00422511 -0.0017501 0.00492678
      endloop
   endfacet
   facet normal -0.853553 0.353553 0.382683
      outer loop
         vertex 0.00417504 -0.00172936 0.00484567
         vertex 0.00422511 -0.0017501 0.00492678
         vertex 0.00457322 0 0.00492678
      endloop
   endfacet
   facet normal -1 0 0
      outer loop
         vertex 0.0045 0 0.00475
         vertex 0.00451903 0 0.00484567
         vertex 0.00417504 0.00172936 0.00484567
      endloop
   endfacet
   facet normal -0.92388 -0.382683 1.22465e-16
      outer loop
         vertex 0.00415746 0.00172208 0.00475
         vertex 0.00417504 0.00172936 0.00484567
         vertex 0.00319544 0.00319544 0.00484567
      endloop
   endfacet
   facet normal -0.707107 -0.707107 1.22465e-16
      outer loop
         vertex 0.00318198 0.00318198 0.00475
         vertex 0.00319544 0.00319544 0.00484567
         vertex 0.00172936 0.00417504 0.00484567
      endloop
   endfacet
   facet normal -0.382683 -0.92388 1.22465e-16
      outer loop
         vertex 0.00172208 0.00415746 0.00475
         vertex 0.00172936 0.00417504 0.00484567
         vertex -5.01713e-19 0.00451903 0.00484567
      endloop
   endfacet
   facet normal 1.11022e-16 -1 1.22465e-16
      outer loop
         vertex 2.75546e-19 0.0045 0.00475
         vertex -5.01713e-19 0.00451903 0.00484567
         vertex -0.00172936 0.00417504 0.00484567
      endloop
   endfacet
   facet normal 0.382683 -0.92388 1.22465e-16
      outer loop
         vertex -0.00172208 0.00415746 0.00475
         vertex -0.00172936 0.00417504 0.00484567
         vertex -0.00319544 0.00319544 0.00484567
      endloop
   endfacet
   facet normal 0.707107 -0.707107 1.22465e-16
      outer loop
         vertex -0.00318198 0.00318198 0.00475
         vertex -0.00319544 0.00319544 0.00484567
         vertex -0.00417504 0.00172936 0.00484567
      endloop
   endfacet
   facet normal 0.92388 -0.382683 1.22465e-16
      outer loop
         vertex -0.00415746 0.00172208 0.00475
         vertex -0.00417504 0.00172936 0.00484567
         vertex -0.00451903 -7.5257e-19 0.00484567
      endloop
   endfacet
   facet normal 1 1.66533e-16 1.22465e-16
      outer loop
         vertex -0.0045 5.51091e-19 0.00475
         vertex -0.00451903 -7.5257e-19 0.00484567
         vertex -0.00417504 -0.00172936 0.00484567
      endloop
   endfacet
   facet normal 0.92388 0.382683 1.22465e-16
      outer loop
         vertex -0.00415746 -0.00172208 0.00475
         vertex -0.00417504 -0.00172936 0.00484567
         vertex -0.00319544 -0.00319544 0.00484567
      endloop
   endfacet
   facet normal 0.707107 0.707107 1.22465e-16
      outer loop
         vertex -0.00318198 -0.00318198 0.00475
         vertex -0.00319544 -0.00319544 0.00484567
         vertex -0.00172936 -0.00417504 0.00484567
      endloop
   endfacet
   facet normal 0.382683 0.92388 1.22465e-16
      outer loop
         vertex -0.00172208 -0.00415746 0.00475
         vertex -0.00172936 -0.00417504 0.00484567
         vertex 1.25428e-18 -0.00451903 0.00484567
      endloop
   endfacet
   facet normal -2.77556e-16 1 1.22465e-16
      outer loop
         vertex -8.26637e-19 -0.0045 0.00475
         vertex 1.25428e-18 -0.00451903 0.00484567
         vertex 0.00172936 -0.00417504 0.00484567
      endloop
   endfacet
   facet normal -0.382683 0.92388 1.22465e-16
      outer loop
         vertex 0.00172208 -0.00415746 0.00475
         vertex 0.00172936 -0.00417504 0.00484567
         vertex 0.00319544 -0.00319544 0.00484567
      endloop
   endfacet
   facet normal -0.707107 0.707107 1.22465e-16
      outer loop
         vertex 0.00318198 -0.00318198 0.00475
         vertex 0.00319544 -0.00319544 0.00484567
         vertex 0.00417504 -0.00172936 0.00484567
      endloop
   endfacet
   facet normal -0.92388 0.382683 1.22465e-16
      outer loop
         vertex 0.00415746 -0.00172208 0.00475
         vertex 0.00417504 -0.00172936 0.00484567
         vertex 0.00451903 0 0.00484567
      endloop
   endfacet
   facet normal -0.92388 0 0.382683
      outer loop
         vertex 0.00451903 0 0.00484567
         vertex 0.0045 0 0.00475
         vertex 0.00415746 -0.00172208 0.00475
      endloop
   endfacet
   facet normal -0.853553 0.353553 0.382683
      outer loop
         vertex 0.00417504 -0.00172936 0.00484567
         vertex 0.00415746 -0.00172208 0.00475
         vertex 0.00318198 -0.00318198 0.00475
      endloop
   endfacet
   facet normal -0.653281 0.653281 0.382683
      outer loop
         vertex 0.00319544 -0.00319544 0.00484567
         vertex 0.00318198 -0.00318198 0.00475
         vertex 0.00172208 -0.00415746 0.00475
      endloop
   endfacet
   facet normal -0.353553 0.853553 0.382683
      outer loop
         vertex 0.00172936 -0.00417504 0.00484567
         vertex 0.00172208 -0.00415746 0.00475
         vertex -8.26637e-19 -0.0045 0.00475
      endloop
   endfacet
   facet normal -2.56428e-16 0.92388 0.382683
      outer loop
         vertex 1.25428e-18 -0.00451903 0.00484567
         vertex -8.26637e-19 -0.0045 0.00475
         vertex -0.00172208 -0.00415746 0.00475
      endloop
   endfacet
   facet normal 0.353553 0.853553 0.382683
      outer loop
         vertex -0.00172936 -0.00417504 0.00484567
         vertex -0.00172208 -0.00415746 0.00475
         vertex -0.00318198 -0.00318198 0.00475
      endloop
   endfacet
   facet normal 0.653281 0.653281 0.382683
      outer loop
         vertex -0.00319544 -0.00319544 0.00484567
         vertex -0.00318198 -0.00318198 0.00475
         vertex -0.00415746 -0.00172208 0.00475
      endloop
   endfacet
   facet normal 0.853553 0.353553 0.382683
      outer loop
         vertex -0.00417504 -0.00172936 0.00484567
         vertex -0.00415746 -0.00172208 0.00475
         vertex -0.0045 5.51091e-19 0.00475
      endloop
   endfacet
   facet normal 0.92388 1.53857e-16 0.382683
      outer loop
         vertex -0.00451903 -7.5257e-19 0.00484567
         vertex -0.0045 5.51091e-19 0.00475
         vertex -0.00415746 0.00172208 0.00475
      endloop
   endfacet
   facet normal 0.853553 -0.353553 0.382683
      outer loop
         vertex -0.00417504 0.00172936 0.00484567
         vertex -0.00415746 0.00172208 0.00475
         vertex -0.00318198 0.00318198 0.00475
      endloop
   endfacet
   facet normal 0.653281 -0.653281 0.382683
      outer loop
         vertex -0.00319544 0.00319544 0.00484567
         vertex -0.00318198 0.00318198 0.00475
         vertex -0.00172208 0.00415746 0.00475
      endloop
   endfacet
   facet normal 0.353553 -0.853553 0.382683
      outer loop
         vertex -0.00172936 0.00417504 0.00484567
         vertex -0.00172208 0.00415746 0.00475
         vertex 2.75546e-19 0.0045 0.00475
      endloop
   endfacet
   facet normal 1.02571e-16 -0.92388 0.382683
      outer loop
         vertex -5.01713e-19 0.00451903 0.00484567
         vertex 2.75546e-19 0.0045 0.00475
         vertex 0.00172208 0.00415746 0.00475
      endloop
   endfacet
   facet normal -0.353553 -0.853553 0.382683
      outer loop
         vertex 0.00172936 0.00417504 0.00484567
         vertex 0.00172208 0.00415746 0.00475
         vertex 0.00318198 0.00318198 0.00475
      endloop
   endfacet
   facet normal -0.653281 -0.653281 0.382683
      outer loop
         vertex 0.00319544 0.00319544 0.00484567
         vertex 0.00318198 0.00318198 0.00475
         vertex 0.00415746 0.00172208 0.00475
      endloop
   endfacet
   facet normal -0.853553 -0.353553 0.382683
      outer loop
         vertex 0.00417504 0.00172936 0.00484567
         vertex 0.00415746 0.00172208 0.00475
         vertex 0.0045 0 0.00475
      endloop
   endfacet
   facet normal -0.707107 0 0.707107
      outer loop
         vertex 0.00457322 0 0.00492678
         vertex 0.00451903 0 0.00484567
         vertex 0.00417504 -0.00172936 0.00484567
      endloop
   endfacet
   facet normal -0.653281 0.270598 0.707107
      outer loop
         vertex 0.00422511 -0.0017501 0.00492678
         vertex 0.00417504 -0.00172936 0.00484567
         vertex 0.00319544 -0.00319544 0.00484567
      endloop
   endfacet
   facet normal -0.5 0.5 0.707107
      outer loop
         vertex 0.00323376 -0.00323376 0.00492678
         vertex 0.00319544 -0.00319544 0.00484567
         vertex 0.00172936 -0.00417504 0.00484567
      endloop
   endfacet
   facet normal -0.270598 0.653281 0.707107
      outer loop
         vertex 0.0017501 -0.00422511 0.00492678
         vertex 0.00172936 -0.00417504 0.00484567
         vertex 1.25428e-18 -0.00451903 0.00484567
      endloop
   endfacet
   facet normal -1.96262e-16 0.707107 0.707107
      outer loop
         vertex 1.26932e-18 -0.00457322 0.00492678
         vertex 1.25428e-18 -0.00451903 0.00484567
         vertex -0.00172936 -0.00417504 0.00484567
      endloop
   endfacet
   facet normal 0.270598 0.653281 0.707107
      outer loop
         vertex -0.0017501 -0.00422511 0.00492678
         vertex -0.00172936 -0.00417504 0.00484567
         vertex -0.00319544 -0.00319544 0.00484567
      endloop
   endfacet
   facet normal 0.5 0.5 0.707107
      outer loop
         vertex -0.00323376 -0.00323376 0.00492678
         vertex -0.00319544 -0.00319544 0.00484567
         vertex -0.00417504 -0.00172936 0.00484567
      endloop
   endfacet
   facet normal 0.653281 0.270598 0.707107
      outer loop
         vertex -0.00422511 -0.0017501 0.00492678
         vertex -0.00417504 -0.00172936 0.00484567
         vertex -0.00451903 -7.5257e-19 0.00484567
      endloop
   endfacet
   facet normal 0.707107 1.17757e-16 0.707107
      outer loop
         vertex -0.00457322 -7.61595e-19 0.00492678
         vertex -0.00451903 -7.5257e-19 0.00484567
         vertex -0.00417504 0.00172936 0.00484567
      endloop
   endfacet
   facet normal 0.653281 -0.270598 0.707107
      outer loop
         vertex -0.00422511 0.0017501 0.00492678
         vertex -0.00417504 0.00172936 0.00484567
         vertex -0.00319544 0.00319544 0.00484567
      endloop
   endfacet
   facet normal 0.5 -0.5 0.707107
      outer loop
         vertex -0.00323376 0.00323376 0.00492678
         vertex -0.00319544 0.00319544 0.00484567
         vertex -0.00172936 0.00417504 0.00484567
      endloop
   endfacet
   facet normal 0.270598 -0.653281 0.707107
      outer loop
         vertex -0.0017501 0.00422511 0.00492678
         vertex -0.00172936 0.00417504 0.00484567
         vertex -5.01713e-19 0.00451903 0.00484567
      endloop
   endfacet
   facet normal 7.85046e-17 -0.707107 0.707107
      outer loop
         vertex -5.0773e-19 0.00457322 0.00492678
         vertex -5.01713e-19 0.00451903 0.00484567
         vertex 0.00172936 0.00417504 0.00484567
      endloop
   endfacet
   facet normal -0.270598 -0.653281 0.707107
      outer loop
         vertex 0.0017501 0.00422511 0.00492678
         vertex 0.00172936 0.00417504 0.00484567
         vertex 0.00319544 0.00319544 0.00484567
      endloop
   endfacet
   facet normal -0.5 -0.5 0.707107
      outer loop
         vertex 0.00323376 0.00323376 0.00492678
         vertex 0.00319544 0.00319544 0.00484567
         vertex 0.00417504 0.00172936 0.00484567
      endloop
   endfacet
   facet normal -0.653281 -0.270598 0.707107
      outer loop
         vertex 0.00422511 0.0017501 0.00492678
         vertex 0.00417504 0.00172936 0.00484567
         vertex 0.00451903 0 0.00484567
      endloop
   endfacet
   facet normal -0.382683 0 0.92388
      outer loop
         vertex 0.00465433 0 0.00498097
         vertex 0.00457322 0 0.00492678
         vertex 0.00422511 -0.0017501 0.00492678
      endloop
   endfacet
   facet normal -0.353553 0.146447 0.92388
      outer loop
         vertex 0.00430004 -0.00178113 0.00498097
         vertex 0.00422511 -0.0017501 0.00492678
         vertex 0.00323376 -0.00323376 0.00492678
      endloop
   endfacet
   facet normal -0.270598 0.270598 0.92388
      outer loop
         vertex 0.00329111 -0.00329111 0.00498097
         vertex 0.00323376 -0.00323376 0.00492678
         vertex 0.0017501 -0.00422511 0.00492678
      endloop
   endfacet
   facet normal -0.146447 0.353553 0.92388
      outer loop
         vertex 0.00178113 -0.00430004 0.00498097
         vertex 0.0017501 -0.00422511 0.00492678
         vertex 1.26932e-18 -0.00457322 0.00492678
      endloop
   endfacet
   facet normal -1.06216e-16 0.382683 0.92388
      outer loop
         vertex 1.29184e-18 -0.00465433 0.00498097
         vertex 1.26932e-18 -0.00457322 0.00492678
         vertex -0.0017501 -0.00422511 0.00492678
      endloop
   endfacet
   facet normal 0.146447 0.353553 0.92388
      outer loop
         vertex -0.00178113 -0.00430004 0.00498097
         vertex -0.0017501 -0.00422511 0.00492678
         vertex -0.00323376 -0.00323376 0.00492678
      endloop
   endfacet
   facet normal 0.270598 0.270598 0.92388
      outer loop
         vertex -0.00329111 -0.00329111 0.00498097
         vertex -0.00323376 -0.00323376 0.00492678
         vertex -0.00422511 -0.0017501 0.00492678
      endloop
   endfacet
   facet normal 0.353553 0.146447 0.92388
      outer loop
         vertex -0.00430004 -0.00178113 0.00498097
         vertex -0.00422511 -0.0017501 0.00492678
         vertex -0.00457322 -7.61595e-19 0.00492678
      endloop
   endfacet
   facet normal 0.382683 6.37296e-17 0.92388
      outer loop
         vertex -0.00465433 -7.75102e-19 0.00498097
         vertex -0.00457322 -7.61595e-19 0.00492678
         vertex -0.00422511 0.0017501 0.00492678
      endloop
   endfacet
   facet normal 0.353553 -0.146447 0.92388
      outer loop
         vertex -0.00430004 0.00178113 0.00498097
         vertex -0.00422511 0.0017501 0.00492678
         vertex -0.00323376 0.00323376 0.00492678
      endloop
   endfacet
   facet normal 0.270598 -0.270598 0.92388
      outer loop
         vertex -0.00329111 0.00329111 0.00498097
         vertex -0.00323376 0.00323376 0.00492678
         vertex -0.0017501 0.00422511 0.00492678
      endloop
   endfacet
   facet normal 0.146447 -0.353553 0.92388
      outer loop
         vertex -0.00178113 0.00430004 0.00498097
         vertex -0.0017501 0.00422511 0.00492678
         vertex -5.0773e-19 0.00457322 0.00492678
      endloop
   endfacet
   facet normal 4.24864e-17 -0.382683 0.92388
      outer loop
         vertex -5.16734e-19 0.00465433 0.00498097
         vertex -5.0773e-19 0.00457322 0.00492678
         vertex 0.0017501 0.00422511 0.00492678
      endloop
   endfacet
   facet normal -0.146447 -0.353553 0.92388
      outer loop
         vertex 0.00178113 0.00430004 0.00498097
         vertex 0.0017501 0.00422511 0.00492678
         vertex 0.00323376 0.00323376 0.00492678
      endloop
   endfacet
   facet normal -0.270598 -0.270598 0.92388
      outer loop
         vertex 0.00329111 0.00329111 0.00498097
         vertex 0.00323376 0.00323376 0.00492678
         vertex 0.00422511 0.0017501 0.00492678
      endloop
   endfacet
   facet normal -0.353553 -0.146447 0.92388
      outer loop
         vertex 0.00430004 0.00178113 0.00498097
         vertex 0.00422511 0.0017501 0.00492678
         vertex 0.00457322 0 0.00492678
      endloop
   endfacet
   facet normal 0 0 1
      outer loop
         vertex 0.00475 -1.16341e-18 0.005
         vertex 0.00465433 0 0.00498097
         vertex 0.00430004 -0.00178113 0.00498097
      endloop
   endfacet
   facet normal 4.32978e-17 -4.32978e-17 1
      outer loop
         vertex 0.00438843 -0.00181775 0.005
         vertex 0.00430004 -0.00178113 0.00498097
         vertex 0.00329111 -0.00329111 0.00498097
      endloop
   endfacet
   facet normal 4.32978e-17 -4.32978e-17 1
      outer loop
         vertex 0.00335876 -0.00335876 0.005
         vertex 0.00329111 -0.00329111 0.00498097
         vertex 0.00178113 -0.00430004 0.00498097
      endloop
   endfacet
   facet normal -2.34326e-17 -5.65713e-17 1
      outer loop
         vertex 0.00181775 -0.00438843 0.005
         vertex 0.00178113 -0.00430004 0.00498097
         vertex 1.29184e-18 -0.00465433 0.00498097
      endloop
   endfacet
   facet normal -2.34326e-17 -5.65713e-17 1
      outer loop
         vertex -8.72561e-19 -0.00475 0.005
         vertex 1.29184e-18 -0.00465433 0.00498097
         vertex -0.00178113 -0.00430004 0.00498097
      endloop
   endfacet
   facet normal 0.18442 0.236186 0.954047
      outer loop
         vertex -0.002875 -0.00368199 0.005
         vertex -0.00181775 -0.00438843 0.005
         vertex -0.00178113 -0.00430004 0.00498097
      endloop
   endfacet
   facet normal -5.65713e-17 -2.34326e-17 1
      outer loop
         vertex -0.00335876 -0.00335876 0.005
         vertex -0.00329111 -0.00329111 0.00498097
         vertex -0.00430004 -0.00178113 0.00498097
      endloop
   endfacet
   facet normal -5.65713e-17 -2.34326e-17 1
      outer loop
         vertex -0.00438843 -0.00181775 0.005
         vertex -0.00430004 -0.00178113 0.00498097
         vertex -0.00465433 -7.75102e-19 0.00498097
      endloop
   endfacet
   facet normal -4.32978e-17 4.32978e-17 1
      outer loop
         vertex -0.00475 5.81707e-19 0.005
         vertex -0.00465433 -7.75102e-19 0.00498097
         vertex -0.00430004 0.00178113 0.00498097
      endloop
   endfacet
   facet normal -4.32978e-17 4.32978e-17 1
      outer loop
         vertex -0.00438843 0.00181775 0.005
         vertex -0.00430004 0.00178113 0.00498097
         vertex -0.00329111 0.00329111 0.00498097
      endloop
   endfacet
   facet normal 0.113316 -0.126012 0.985536
      outer loop
         vertex -0.00314737 0.0035 0.005
         vertex -0.00335876 0.00335876 0.005
         vertex -0.00329111 0.00329111 0.00498097
      endloop
   endfacet
   facet normal 2.34326e-17 5.65713e-17 1
      outer loop
         vertex -0.00181775 0.00438843 0.005
         vertex -0.00178113 0.00430004 0.00498097
         vertex -5.16734e-19 0.00465433 0.00498097
      endloop
   endfacet
   facet normal 2.34326e-17 5.65713e-17 1
      outer loop
         vertex 2.90854e-19 0.00475 0.005
         vertex -5.16734e-19 0.00465433 0.00498097
         vertex 0.00178113 0.00430004 0.00498097
      endloop
   endfacet
   facet normal -0.113316 -0.126012 0.985536
      outer loop
         vertex 0.00314737 0.0035 0.005
         vertex 0.00181775 0.00438843 0.005
         vertex 0.00178113 0.00430004 0.00498097
      endloop
   endfacet
   facet normal 0 0 1
      outer loop
         vertex 0.00335876 0.00335876 0.005
         vertex 0.00329111 0.00329111 0.00498097
         vertex 0.00430004 0.00178113 0.00498097
      endloop
   endfacet
   facet normal 0 0 1
      outer loop
         vertex 0.00438843 0.00181775 0.005
         vertex 0.00430004 0.00178113 0.00498097
         vertex 0.00465433 0 0.00498097
      endloop
   endfacet
   facet normal 0 0 1
      outer loop
         vertex -0.00779423 -0.00525 0.005
         vertex -0.00779423 -0.006375 0.005
         vertex -0.002875 -0.006375 0.005
      endloop
   endfacet
   facet normal 0 0 1
      outer loop
         vertex -0.002875 -0.00525 0.005
         vertex -0.002875 -0.006375 0.005
         vertex 0.0051226 -0.006375 0.005
      endloop
   endfacet
   facet normal 0 0 1
      outer loop
         vertex 0.0051226 -0.00525 0.005
         vertex 0.0051226 -0.006375 0.005
         vertex 0.00779423 -0.006375 0.005
      endloop
   endfacet
   facet normal 0 0 1
      outer loop
         vertex -0.00779423 0.006375 0.005
         vertex -0.00779423 0.00525 0.005
         vertex -0.002875 0.00525 0.005
      endloop
   endfacet
   facet normal 0 0 1
      outer loop
         vertex -0.002875 0.006375 0.005
         vertex -0.002875 0.00525 0.005
         vertex 0.0051226 0.00525 0.005
      endloop
   endfacet
   facet normal 0 0 1
      outer loop
         vertex 0.0051226 0.006375 0.005
         vertex 0.0051226 0.00525 0.005
         vertex 0.00779423 0.00525 0.005
      endloop
   endfacet
   facet normal 0 0 1
      outer loop
         vertex 0.0051226 -0.00525 0.005
         vertex 0.00181775 -0.00438843 0.005
         vertex -8.72561e-19 -0.00475 0.005
      endloop
   endfacet
   facet normal 0 0 1
      outer loop
         vertex -0.002875 -0.00525 0.005
         vertex -8.72561e-19 -0.00475 0.005
         vertex -0.00181775 -0.00438843 0.005
      endloop
   endfacet
   facet normal 0 0 1
      outer loop
         vertex 0.0051226 -0.00525 0.005
         vertex 0.00335876 -0.00335876 0.005
         vertex 0.00181775 -0.00438843 0.005
      endloop
   endfacet
   facet normal 0 0 1
      outer loop
         vertex 0.0051226 0 0.005
         vertex 0.00475 -1.16341e-18 0.005
         vertex 0.00438843 -0.00181775 0.005
      endloop
   endfacet
   facet normal 0 0 1
      outer loop
         vertex -8.72561e-19 -0.00475 0.005
         vertex -0.002875 -0.00525 0.005
         vertex 0.0051226 -0.00525 0.005
      endloop
   endfacet
   facet normal 0 0 1
      outer loop
         vertex 0.00438843 -0.00181775 0.005
         vertex 0.0051226 -0.00525 0.005
         vertex 0.0051226 0 0.005
      endloop
   endfacet
   facet normal 0 0 1
      outer loop
         vertex 0.00438843 -0.00181775 0.005
         vertex 0.00335876 -0.00335876 0.005
         vertex 0.0051226 -0.00525 0.005
      endloop
   endfacet
   facet normal 0 0 1
      outer loop
         vertex 0.0051226 0.00525 0.005
         vertex -0.002875 0.00525 0.005
         vertex 2.90854e-19 0.00475 0.005
      endloop
   endfacet
   facet normal 0 0 1
      outer loop
         vertex 0.0051226 0.00525 0.005
         vertex 0.00181775 0.00438843 0.005
         vertex 0.00314737 0.0035 0.005
      endloop
   endfacet
   facet normal 0 0 1
      outer loop
         vertex -0.002875 0.00525 0.005
         vertex -0.00181775 0.00438843 0.005
         vertex 2.90854e-19 0.00475 0.005
      endloop
   endfacet
   facet normal 0 0 1
      outer loop
         vertex 2.90854e-19 0.00475 0.005
         vertex 0.00181775 0.00438843 0.005
         vertex 0.0051226 0.00525 0.005
      endloop
   endfacet
   facet normal 0 0 1
      outer loop
         vertex -0.002875 0.00525 0.005
         vertex -0.002875 0.00368199 0.005
         vertex -0.00181775 0.00438843 0.005
      endloop
   endfacet
   facet normal 0 0 1
      outer loop
         vertex 0.0051226 0 0.005
         vertex 0.0051226 0.0035 0.005
         vertex 0.00438843 0.00181775 0.005
      endloop
   endfacet
   facet normal 0 0 1
      outer loop
         vertex 0.0051226 0.0035 0.005
         vertex 0.00335876 0.00335876 0.005
         vertex 0.00438843 0.00181775 0.005
      endloop
   endfacet
   facet normal 0 0 1
      outer loop
         vertex 0.0051226 0.0035 0.005
         vertex 0.00314737 0.0035 0.005
         vertex 0.00335876 0.00335876 0.005
      endloop
   endfacet
   facet normal 0 0 1
      outer loop
         vertex -0.00779423 0.006375 0.005
         vertex -0.002875 0.006375 0.005
         vertex -0.00375 0.00649519 0.005
      endloop
   endfacet
   facet normal 0 0 1
      outer loop
         vertex -0.002875 0.006375 0.005
         vertex -0.002875 0.008125 0.005
         vertex -0.00338095 0.008125 0.005
      endloop
   endfacet
   facet normal 0 0 1
      outer loop
         vertex -0.00338095 0.008125 0.005
         vertex -0.00375 0.00649519 0.005
         vertex -0.002875 0.006375 0.005
      endloop
   endfacet
   facet normal 0 0 1
      outer loop
         vertex -0.00779423 0.006375 0.005
         vertex -0.00779423 0.00775028 0.005
         vertex -0.00900167 0.008125 0.005
      endloop
   endfacet
   facet normal 0 0 1
      outer loop
         vertex -0.00900167 0.008125 0.005
         vertex -0.0103923 0.006375 0.005
         vertex -0.00779423 0.006375 0.005
      endloop
   endfacet
   facet normal 0 0 1
      outer loop
         vertex -0.0134078 0.008125 0.005
         vertex -0.0115316 0.00891013 0.005
         vertex -0.0122927 0.0089929 0.005
      endloop
   endfacet
   facet normal 0 0 1
      outer loop
         vertex -0.0122927 0.0089929 0.005
         vertex -0.0130291 0.00878365 0.005
         vertex -0.0134078 0.008125 0.005
      endloop
   endfacet
   facet normal 0 0 1
      outer loop
         vertex -0.0103923 0.008125 0.005
         vertex -0.0103923 0.00855657 0.005
         vertex -0.0115316 0.00891013 0.005
      endloop
   endfacet
   facet normal 0 0 1
      outer loop
         vertex -0.0115316 0.00891013 0.005
         vertex -0.0134078 0.008125 0.005
         vertex -0.0103923 0.008125 0.005
      endloop
   endfacet
   facet normal 0 0 1
      outer loop
         vertex -0.0134078 0.008125 0.005
         vertex -0.0134078 0.00848849 0.005
         vertex -0.013633 0.00831303 0.005
      endloop
   endfacet
   facet normal 0 0 1
      outer loop
         vertex -0.0134078 0.006375 0.005
         vertex -0.0140158 0.00765 0.005
         vertex -0.0141214 0.00689172 0.005
      endloop
   endfacet
   facet normal 0 0 1
      outer loop
         vertex -0.0134078 0.008125 0.005
         vertex -0.0137415 0.008125 0.005
         vertex -0.0140158 0.00765 0.005
      endloop
   endfacet
   facet normal 0 0 1
      outer loop
         vertex -0.0140158 0.00765 0.005
         vertex -0.0134078 0.006375 0.005
         vertex -0.0134078 0.008125 0.005
      endloop
   endfacet
   facet normal 0 0 1
      outer loop
         vertex -0.0134078 0.006375 0.005
         vertex -0.0139913 0.006375 0.005
         vertex -0.0139344 0.00614932 0.005
      endloop
   endfacet
   facet normal 0 0 1
      outer loop
         vertex -0.0139344 0.00614932 0.005
         vertex -0.0134822 0.00553156 0.005
         vertex -0.0134078 0.006375 0.005
      endloop
   endfacet
   facet normal 0 0 1
      outer loop
         vertex -0.0103923 0.00525 0.005
         vertex -0.0131777 0.00525 0.005
         vertex -0.0112851 0.0035 0.005
      endloop
   endfacet
   facet normal 0 0 1
      outer loop
         vertex -0.00779423 0.0035 0.005
         vertex -0.0103923 0.0035 0.005
         vertex -0.0103923 0.00267444 0.005
      endloop
   endfacet
   facet normal 0 0 1
      outer loop
         vertex -0.00649519 -0.00275 0.005
         vertex -0.0075 -2.64545e-17 0.005
         vertex -0.00779423 -0.000272065 0.005
      endloop
   endfacet
   facet normal 0 0 1
      outer loop
         vertex -0.00779423 -0.000272065 0.005
         vertex -0.0072023 -0.00304289 0.005
         vertex -0.00699519 -0.00288397 0.005
      endloop
   endfacet
   facet normal 0 0 1
      outer loop
         vertex -0.00699519 -0.00288397 0.005
         vertex -0.00687787 -0.00282612 0.005
         vertex -0.00779423 -0.000272065 0.005
      endloop
   endfacet
   facet normal 0 0 1
      outer loop
         vertex -0.00611251 -0.00282612 0.005
         vertex -0.00578808 -0.00304289 0.005
         vertex -0.00438843 -0.00181775 0.005
      endloop
   endfacet
   facet normal 0 0 1
      outer loop
         vertex -0.00475 5.81707e-19 0.005
         vertex -0.0075 -2.64545e-17 0.005
         vertex -0.00649519 -0.00275 0.005
      endloop
   endfacet
   facet normal 0 0 1
      outer loop
         vertex -0.00779423 -0.000272065 0.005
         vertex -0.00741907 -0.00336732 0.005
         vertex -0.0072023 -0.00304289 0.005
      endloop
   endfacet
   facet normal 0 0 1
      outer loop
         vertex -0.00779423 -0.000272065 0.005
         vertex -0.00779423 -0.00525 0.005
         vertex -0.00749519 -0.00375 0.005
      endloop
   endfacet
   facet normal 0 0 1
      outer loop
         vertex -0.00649519 -0.00275 0.005
         vertex -0.00611251 -0.00282612 0.005
         vertex -0.00475 5.81707e-19 0.005
      endloop
   endfacet
   facet normal 0 0 1
      outer loop
         vertex -0.00749519 -0.00375 0.005
         vertex -0.00741907 -0.00336732 0.005
         vertex -0.00779423 -0.000272065 0.005
      endloop
   endfacet
   facet normal 0 0 1
      outer loop
         vertex -0.00779423 -0.00525 0.005
         vertex -0.0072023 -0.00445711 0.005
         vertex -0.00741907 -0.00413268 0.005
      endloop
   endfacet
   facet normal 0 0 1
      outer loop
         vertex -0.002875 -0.00525 0.005
         vertex -0.00611251 -0.00467388 0.005
         vertex -0.00649519 -0.00475 0.005
      endloop
   endfacet
   facet normal 0 0 1
      outer loop
         vertex -0.00779423 -0.000272065 0.005
         vertex -0.00687787 -0.00282612 0.005
         vertex -0.00649519 -0.00275 0.005
      endloop
   endfacet
   facet normal 0 0 1
      outer loop
         vertex -0.00779423 -0.00525 0.005
         vertex -0.00687787 -0.00467388 0.005
         vertex -0.0072023 -0.00445711 0.005
      endloop
   endfacet
   facet normal 0 0 1
      outer loop
         vertex -0.002875 -0.00525 0.005
         vertex -0.00578808 -0.00445711 0.005
         vertex -0.00611251 -0.00467388 0.005
      endloop
   endfacet
   facet normal 0 0 1
      outer loop
         vertex -0.00438843 -0.00181775 0.005
         vertex -0.00578808 -0.00304289 0.005
         vertex -0.00557131 -0.00336732 0.005
      endloop
   endfacet
   facet normal 0 0 1
      outer loop
         vertex -0.00741907 -0.00413268 0.005
         vertex -0.00749519 -0.00375 0.005
         vertex -0.00779423 -0.00525 0.005
      endloop
   endfacet
   facet normal 0 0 1
      outer loop
         vertex -0.00649519 -0.00475 0.005
         vertex -0.00779423 -0.00525 0.005
         vertex -0.002875 -0.00525 0.005
      endloop
   endfacet
   facet normal 0 0 1
      outer loop
         vertex -0.002875 -0.00525 0.005
         vertex -0.002875 -0.00368199 0.005
         vertex -0.00549519 -0.00375 0.005
      endloop
   endfacet
   facet normal 0 0 1
      outer loop
         vertex -0.00557131 -0.00336732 0.005
         vertex -0.00335876 -0.00335876 0.005
         vertex -0.00438843 -0.00181775 0.005
      endloop
   endfacet
   facet normal 0 0 1
      outer loop
         vertex -0.00649519 -0.00475 0.005
         vertex -0.00687787 -0.00467388 0.005
         vertex -0.00779423 -0.00525 0.005
      endloop
   endfacet
   facet normal 0 0 1
      outer loop
         vertex -0.00549519 -0.00375 0.005
         vertex -0.00557131 -0.00413268 0.005
         vertex -0.002875 -0.00525 0.005
      endloop
   endfacet
   facet normal 0 0 1
      outer loop
         vertex -0.00549519 -0.00375 0.005
         vertex -0.002875 -0.00368199 0.005
         vertex -0.00335876 -0.00335876 0.005
      endloop
   endfacet
   facet normal 0 0 1
      outer loop
         vertex -0.00557131 -0.00413268 0.005
         vertex -0.00578808 -0.00445711 0.005
         vertex -0.002875 -0.00525 0.005
      endloop
   endfacet
   facet normal 0 0 1
      outer loop
         vertex -0.00438843 -0.00181775 0.005
         vertex -0.00475 5.81707e-19 0.005
         vertex -0.00611251 -0.00282612 0.005
      endloop
   endfacet
   facet normal 0 0 1
      outer loop
         vertex -0.0134078 -0.006375 0.005
         vertex -0.0134822 -0.00553156 0.005
         vertex -0.0139344 -0.00614932 0.005
      endloop
   endfacet
   facet normal 0 0 1
      outer loop
         vertex -0.0134078 -0.006375 0.005
         vertex -0.0134078 -0.00546283 0.005
         vertex -0.0134822 -0.00553156 0.005
      endloop
   endfacet
   facet normal 0 0 1
      outer loop
         vertex -0.0134078 -0.006375 0.005
         vertex -0.0141214 -0.00689172 0.005
         vertex -0.0140158 -0.00765 0.005
      endloop
   endfacet
   facet normal 0 0 1
      outer loop
         vertex -0.0140158 -0.00765 0.005
         vertex -0.013633 -0.00831303 0.005
         vertex -0.0134078 -0.006375 0.005
      endloop
   endfacet
   facet normal 0 0 1
      outer loop
         vertex -0.0134078 -0.006375 0.005
         vertex -0.0139913 -0.006375 0.005
         vertex -0.0141214 -0.00689172 0.005
      endloop
   endfacet
   facet normal 0 0 1
      outer loop
         vertex -0.0103923 -0.006375 0.005
         vertex -0.0103923 -0.00855657 0.005
         vertex -0.00779423 -0.00775028 0.005
      endloop
   endfacet
   facet normal 0 0 1
      outer loop
         vertex -0.002875 -0.006375 0.005
         vertex -0.00375 -0.00649519 0.005
         vertex -0.00318282 -0.009 0.005
      endloop
   endfacet
   facet normal 0 0 1
      outer loop
         vertex -0.00779423 -0.006375 0.005
         vertex -0.00779423 -0.00775028 0.005
         vertex -0.00375 -0.00649519 0.005
      endloop
   endfacet
   facet normal 0 0 1
      outer loop
         vertex -0.00375 -0.00649519 0.005
         vertex -0.002875 -0.006375 0.005
         vertex -0.00779423 -0.006375 0.005
      endloop
   endfacet
   facet normal 0 0 1
      outer loop
         vertex -0.00250351 -0.012 0.005
         vertex -0.00195062 -0.0144417 0.005
         vertex -0.001 -0.0135 0.005
      endloop
   endfacet
   facet normal 0 0 1
      outer loop
         vertex -0.000382799 -0.015963 0.005
         vertex -1.83697e-19 -0.0145 0.005
         vertex -0.000382683 -0.0144239 0.005
      endloop
   endfacet
   facet normal 0 0 1
      outer loop
         vertex -0.00250351 -0.012 0.005
         vertex -0.00092388 -0.0131173 0.005
         vertex -0.000707107 -0.0127929 0.005
      endloop
   endfacet
   facet normal 0 0 1
      outer loop
         vertex -0.00195062 -0.0144417 0.005
         vertex -0.00092388 -0.0138827 0.005
         vertex -0.001 -0.0135 0.005
      endloop
   endfacet
   facet normal 0 0 1
      outer loop
         vertex -0.000382683 -0.0144239 0.005
         vertex -0.0010923 -0.0156754 0.005
         vertex -0.000382799 -0.015963 0.005
      endloop
   endfacet
   facet normal 0 0 1
      outer loop
         vertex 0.000382799 -0.015963 0.005
         vertex 0.0010923 -0.0156754 0.005
         vertex 0.000382683 -0.0144239 0.005
      endloop
   endfacet
   facet normal 0 0 1
      outer loop
         vertex -0.001 -0.0135 0.005
         vertex -0.00092388 -0.0131173 0.005
         vertex -0.00250351 -0.012 0.005
      endloop
   endfacet
   facet normal 0 0 1
      outer loop
         vertex -0.00195062 -0.0144417 0.005
         vertex -0.00164175 -0.0151422 0.005
         vertex -0.000707107 -0.0142071 0.005
      endloop
   endfacet
   facet normal 0 0 1
      outer loop
         vertex 0.000382683 -0.0144239 0.005
         vertex -1.83697e-19 -0.0145 0.005
         vertex 0.000382799 -0.015963 0.005
      endloop
   endfacet
   facet normal 0 0 1
      outer loop
         vertex 0.0010923 -0.0156754 0.005
         vertex 0.00164175 -0.0151422 0.005
         vertex 0.000707107 -0.0142071 0.005
      endloop
   endfacet
   facet normal 0 0 1
      outer loop
         vertex 0.00195062 -0.0144417 0.005
         vertex 0.00092388 -0.0138827 0.005
         vertex 0.000707107 -0.0142071 0.005
      endloop
   endfacet
   facet normal 0 0 1
      outer loop
         vertex 0.00250351 -0.012 0.005
         vertex 0.00092388 -0.0131173 0.005
         vertex 0.001 -0.0135 0.005
      endloop
   endfacet
   facet normal 0 0 1
      outer loop
         vertex 0.00250351 -0.012 0.005
         vertex 0.000382683 -0.0125761 0.005
         vertex 0.000707107 -0.0127929 0.005
      endloop
   endfacet
   facet normal 0 0 1
      outer loop
         vertex 0.00250351 -0.012 0.005
         vertex -0.00250351 -0.012 0.005
         vertex -1.60812e-19 -0.0125 0.005
      endloop
   endfacet
   facet normal 0 0 1
      outer loop
         vertex -0.000707107 -0.0142071 0.005
         vertex -0.00092388 -0.0138827 0.005
         vertex -0.00195062 -0.0144417 0.005
      endloop
   endfacet
   facet normal 0 0 1
      outer loop
         vertex -0.0010923 -0.0156754 0.005
         vertex -0.000382683 -0.0144239 0.005
         vertex -0.000707107 -0.0142071 0.005
      endloop
   endfacet
   facet normal 0 0 1
      outer loop
         vertex 0.000707107 -0.0142071 0.005
         vertex 0.000382683 -0.0144239 0.005
         vertex 0.0010923 -0.0156754 0.005
      endloop
   endfacet
   facet normal 0 0 1
      outer loop
         vertex 0.00195062 -0.0144417 0.005
         vertex 0.001 -0.0135 0.005
         vertex 0.00092388 -0.0138827 0.005
      endloop
   endfacet
   facet normal 0 0 1
      outer loop
         vertex 0.000707107 -0.0127929 0.005
         vertex 0.00092388 -0.0131173 0.005
         vertex 0.00250351 -0.012 0.005
      endloop
   endfacet
   facet normal 0 0 1
      outer loop
         vertex -0.00250351 -0.012 0.005
         vertex -0.000382683 -0.0125761 0.005
         vertex -1.60812e-19 -0.0125 0.005
      endloop
   endfacet
   facet normal 0 0 1
      outer loop
         vertex -0.000707107 -0.0142071 0.005
         vertex -0.00164175 -0.0151422 0.005
         vertex -0.0010923 -0.0156754 0.005
      endloop
   endfacet
   facet normal 0 0 1
      outer loop
         vertex 0.000707107 -0.0142071 0.005
         vertex 0.00164175 -0.0151422 0.005
         vertex 0.00195062 -0.0144417 0.005
      endloop
   endfacet
   facet normal 0 0 1
      outer loop
         vertex -1.60812e-19 -0.0125 0.005
         vertex 0.000382683 -0.0125761 0.005
         vertex 0.00250351 -0.012 0.005
      endloop
   endfacet
   facet normal 0 0 1
      outer loop
         vertex -0.000382799 -0.015963 0.005
         vertex 0.000382799 -0.015963 0.005
         vertex -1.83697e-19 -0.0145 0.005
      endloop
   endfacet
   facet normal 0 0 1
      outer loop
         vertex -0.000707107 -0.0127929 0.005
         vertex -0.000382683 -0.0125761 0.005
         vertex -0.00250351 -0.012 0.005
      endloop
   endfacet
   facet normal 0 0 1
      outer loop
         vertex -0.002875 -0.0103594 0.005
         vertex -0.001 -0.0105 0.005
         vertex -0.00092388 -0.0101173 0.005
      endloop
   endfacet
   facet normal 0 0 1
      outer loop
         vertex -0.002875 -0.0103594 0.005
         vertex -0.00250351 -0.012 0.005
         vertex -0.00092388 -0.0108827 0.005
      endloop
   endfacet
   facet normal 0 0 1
      outer loop
         vertex -0.002875 -0.009 0.005
         vertex -0.00092388 -0.0101173 0.005
         vertex -0.000707107 -0.00979289 0.005
      endloop
   endfacet
   facet normal 0 0 1
      outer loop
         vertex -0.00092388 -0.0108827 0.005
         vertex -0.001 -0.0105 0.005
         vertex -0.002875 -0.0103594 0.005
      endloop
   endfacet
   facet normal 0 0 1
      outer loop
         vertex -0.00250351 -0.012 0.005
         vertex 0.00250351 -0.012 0.005
         vertex -1.83697e-19 -0.0115 0.005
      endloop
   endfacet
   facet normal 0 0 1
      outer loop
         vertex -0.00092388 -0.0101173 0.005
         vertex -0.002875 -0.009 0.005
         vertex -0.002875 -0.0103594 0.005
      endloop
   endfacet
   facet normal 0 0 1
      outer loop
         vertex 0.00250351 -0.012 0.005
         vertex 0.000382683 -0.0114239 0.005
         vertex -1.83697e-19 -0.0115 0.005
      endloop
   endfacet
   facet normal 0 0 1
      outer loop
         vertex 0.00250351 -0.012 0.005
         vertex 0.00318282 -0.009 0.005
         vertex 0.001 -0.0105 0.005
      endloop
   endfacet
   facet normal 0 0 1
      outer loop
         vertex 0.00318282 -0.009 0.005
         vertex 0.000382683 -0.00957612 0.005
         vertex 0.000707107 -0.00979289 0.005
      endloop
   endfacet
   facet normal 0 0 1
      outer loop
         vertex 0.00318282 -0.009 0.005
         vertex -0.002875 -0.009 0.005
         vertex -1.60812e-19 -0.0095 0.005
      endloop
   endfacet
   facet normal 0 0 1
      outer loop
         vertex -0.00250351 -0.012 0.005
         vertex -0.000707107 -0.0112071 0.005
         vertex -0.00092388 -0.0108827 0.005
      endloop
   endfacet
   facet normal 0 0 1
      outer loop
         vertex 0.00250351 -0.012 0.005
         vertex 0.000707107 -0.0112071 0.005
         vertex 0.000382683 -0.0114239 0.005
      endloop
   endfacet
   facet normal 0 0 1
      outer loop
         vertex 0.001 -0.0105 0.005
         vertex 0.00092388 -0.0108827 0.005
         vertex 0.00250351 -0.012 0.005
      endloop
   endfacet
   facet normal 0 0 1
      outer loop
         vertex 0.000707107 -0.00979289 0.005
         vertex 0.00092388 -0.0101173 0.005
         vertex 0.00318282 -0.009 0.005
      endloop
   endfacet
   facet normal 0 0 1
      outer loop
         vertex -0.002875 -0.009 0.005
         vertex -0.000382683 -0.00957612 0.005
         vertex -1.60812e-19 -0.0095 0.005
      endloop
   endfacet
   facet normal 0 0 1
      outer loop
         vertex -0.00250351 -0.012 0.005
         vertex -0.000382683 -0.0114239 0.005
         vertex -0.000707107 -0.0112071 0.005
      endloop
   endfacet
   facet normal 0 0 1
      outer loop
         vertex 0.00092388 -0.0108827 0.005
         vertex 0.000707107 -0.0112071 0.005
         vertex 0.00250351 -0.012 0.005
      endloop
   endfacet
   facet normal 0 0 1
      outer loop
         vertex -1.60812e-19 -0.0095 0.005
         vertex 0.000382683 -0.00957612 0.005
         vertex 0.00318282 -0.009 0.005
      endloop
   endfacet
   facet normal 0 0 1
      outer loop
         vertex -1.83697e-19 -0.0115 0.005
         vertex -0.000382683 -0.0114239 0.005
         vertex -0.00250351 -0.012 0.005
      endloop
   endfacet
   facet normal 0 0 1
      outer loop
         vertex -0.000707107 -0.00979289 0.005
         vertex -0.000382683 -0.00957612 0.005
         vertex -0.002875 -0.009 0.005
      endloop
   endfacet
   facet normal 0 0 1
      outer loop
         vertex -0.002875 -0.006375 0.005
         vertex -0.000707107 -0.00679289 0.005
         vertex -0.000382683 -0.00657612 0.005
      endloop
   endfacet
   facet normal 0 0 1
      outer loop
         vertex -0.002875 -0.009 0.005
         vertex -0.00092388 -0.00788268 0.005
         vertex -0.001 -0.0075 0.005
      endloop
   endfacet
   facet normal 0 0 1
      outer loop
         vertex -0.002875 -0.006375 0.005
         vertex -0.00092388 -0.00711732 0.005
         vertex -0.000707107 -0.00679289 0.005
      endloop
   endfacet
   facet normal 0 0 1
      outer loop
         vertex -0.001 -0.0075 0.005
         vertex -0.002875 -0.006375 0.005
         vertex -0.002875 -0.009 0.005
      endloop
   endfacet
   facet normal 0 0 1
      outer loop
         vertex 0.00375 -0.00649519 0.005
         vertex 0.00092388 -0.00711732 0.005
         vertex 0.001 -0.0075 0.005
      endloop
   endfacet
   facet normal 0 0 1
      outer loop
         vertex 0.00375 -0.00649519 0.005
         vertex -0.002875 -0.006375 0.005
         vertex -1.60812e-19 -0.0065 0.005
      endloop
   endfacet
   facet normal 0 0 1
      outer loop
         vertex -0.001 -0.0075 0.005
         vertex -0.00092388 -0.00711732 0.005
         vertex -0.002875 -0.006375 0.005
      endloop
   endfacet
   facet normal 0 0 1
      outer loop
         vertex 0.00375 -0.00649519 0.005
         vertex 0.000707107 -0.00679289 0.005
         vertex 0.00092388 -0.00711732 0.005
      endloop
   endfacet
   facet normal 0 0 1
      outer loop
         vertex -1.60812e-19 -0.0065 0.005
         vertex 0.000382683 -0.00657612 0.005
         vertex 0.00375 -0.00649519 0.005
      endloop
   endfacet
   facet normal 0 0 1
      outer loop
         vertex -0.002875 -0.009 0.005
         vertex -0.000707107 -0.00820711 0.005
         vertex -0.00092388 -0.00788268 0.005
      endloop
   endfacet
   facet normal 0 0 1
      outer loop
         vertex -0.002875 -0.009 0.005
         vertex -1.83697e-19 -0.0085 0.005
         vertex -0.000382683 -0.00842388 0.005
      endloop
   endfacet
   facet normal 0 0 1
      outer loop
         vertex 0.000382683 -0.00657612 0.005
         vertex 0.000707107 -0.00679289 0.005
         vertex 0.00375 -0.00649519 0.005
      endloop
   endfacet
   facet normal 0 0 1
      outer loop
         vertex -0.000382683 -0.00842388 0.005
         vertex -0.000707107 -0.00820711 0.005
         vertex -0.002875 -0.009 0.005
      endloop
   endfacet
   facet normal 0 0 1
      outer loop
         vertex -0.000382683 -0.00657612 0.005
         vertex -1.60812e-19 -0.0065 0.005
         vertex -0.002875 -0.006375 0.005
      endloop
   endfacet
   facet normal 0 0 1
      outer loop
         vertex 0.00318282 -0.009 0.005
         vertex 0.000382683 -0.00842388 0.005
         vertex -1.83697e-19 -0.0085 0.005
      endloop
   endfacet
   facet normal 0 0 1
      outer loop
         vertex 0.00318282 -0.009 0.005
         vertex 0.00092388 -0.00788268 0.005
         vertex 0.000707107 -0.00820711 0.005
      endloop
   endfacet
   facet normal 0 0 1
      outer loop
         vertex -1.83697e-19 -0.0085 0.005
         vertex -0.002875 -0.009 0.005
         vertex 0.00318282 -0.009 0.005
      endloop
   endfacet
   facet normal 0 0 1
      outer loop
         vertex 0.00318282 -0.009 0.005
         vertex 0.001 -0.0075 0.005
         vertex 0.00092388 -0.00788268 0.005
      endloop
   endfacet
   facet normal 0 0 1
      outer loop
         vertex 0.0051226 -0.006375 0.005
         vertex -0.002875 -0.006375 0.005
         vertex 0.00375 -0.00649519 0.005
      endloop
   endfacet
   facet normal 0 0 1
      outer loop
         vertex 0.000707107 -0.00820711 0.005
         vertex 0.000382683 -0.00842388 0.005
         vertex 0.00318282 -0.009 0.005
      endloop
   endfacet
   facet normal 0 0 1
      outer loop
         vertex 0.001 -0.0075 0.005
         vertex 0.00318282 -0.009 0.005
         vertex 0.00375 -0.00649519 0.005
      endloop
   endfacet
   facet normal 0 0 1
      outer loop
         vertex 0.00779423 -0.006375 0.005
         vertex 0.0051226 -0.006375 0.005
         vertex 0.0051226 -0.00692116 0.005
      endloop
   endfacet
   facet normal 0 0 1
      outer loop
         vertex 0.0103923 -0.006375 0.005
         vertex 0.00779423 -0.006375 0.005
         vertex 0.00779423 -0.00775028 0.005
      endloop
   endfacet
   facet normal 0 0 1
      outer loop
         vertex 0.0051226 -0.00525 0.005
         vertex 0.00611251 -0.00467388 0.005
         vertex 0.00599519 -0.00461603 0.005
      endloop
   endfacet
   facet normal 0 0 1
      outer loop
         vertex 0.0051226 -0.00525 0.005
         vertex 0.00779423 -0.00525 0.005
         vertex 0.00649519 -0.00475 0.005
      endloop
   endfacet
   facet normal 0 0 1
      outer loop
         vertex 0.00649519 -0.00475 0.005
         vertex 0.00611251 -0.00467388 0.005
         vertex 0.0051226 -0.00525 0.005
      endloop
   endfacet
   facet normal 0 0 1
      outer loop
         vertex 0.0051226 0 0.005
         vertex 0.0051226 -0.00525 0.005
         vertex 0.00549519 -0.00375 0.005
      endloop
   endfacet
   facet normal 0 0 1
      outer loop
         vertex 0.00599519 -0.00461603 0.005
         vertex 0.00578808 -0.00445711 0.005
         vertex 0.0051226 -0.00525 0.005
      endloop
   endfacet
   facet normal 0 0 1
      outer loop
         vertex 0.00649519 -0.00275 0.005
         vertex 0.00687787 -0.00282612 0.005
         vertex 0.00779423 -0.000272065 0.005
      endloop
   endfacet
   facet normal 0 0 1
      outer loop
         vertex 0.0051226 0 0.005
         vertex 0.00611251 -0.00282612 0.005
         vertex 0.00649519 -0.00275 0.005
      endloop
   endfacet
   facet normal 0 0 1
      outer loop
         vertex 0.00549519 -0.00375 0.005
         vertex 0.00557131 -0.00336732 0.005
         vertex 0.0051226 0 0.005
      endloop
   endfacet
   facet normal 0 0 1
      outer loop
         vertex 0.00578808 -0.00445711 0.005
         vertex 0.00557131 -0.00413268 0.005
         vertex 0.0051226 -0.00525 0.005
      endloop
   endfacet
   facet normal 0 0 1
      outer loop
         vertex 0.00779423 -0.000272065 0.005
         vertex 0.00741907 -0.00336732 0.005
         vertex 0.00749519 -0.00375 0.005
      endloop
   endfacet
   facet normal 0 0 1
      outer loop
         vertex 0.00779423 -0.000272065 0.005
         vertex 0.0075 7.84962e-17 0.005
         vertex 0.00649519 -0.00275 0.005
      endloop
   endfacet
   facet normal 0 0 1
      outer loop
         vertex 0.0051226 0 0.005
         vertex 0.00578808 -0.00304289 0.005
         vertex 0.00611251 -0.00282612 0.005
      endloop
   endfacet
   facet normal 0 0 1
      outer loop
         vertex 0.00557131 -0.00413268 0.005
         vertex 0.00549519 -0.00375 0.005
         vertex 0.0051226 -0.00525 0.005
      endloop
   endfacet
   facet normal 0 0 1
      outer loop
         vertex 0.00779423 -0.00525 0.005
         vertex 0.0072023 -0.00445711 0.005
         vertex 0.00687787 -0.00467388 0.005
      endloop
   endfacet
   facet normal 0 0 1
      outer loop
         vertex 0.00779423 -0.000272065 0.005
         vertex 0.0072023 -0.00304289 0.005
         vertex 0.00741907 -0.00336732 0.005
      endloop
   endfacet
   facet normal 0 0 1
      outer loop
         vertex 0.00649519 -0.00275 0.005
         vertex 0.0075 7.84962e-17 0.005
         vertex 0.0051226 0 0.005
      endloop
   endfacet
   facet normal 0 0 1
      outer loop
         vertex 0.00687787 -0.00467388 0.005
         vertex 0.00649519 -0.00475 0.005
         vertex 0.00779423 -0.00525 0.005
      endloop
   endfacet
   facet normal 0 0 1
      outer loop
         vertex 0.00779423 -0.00525 0.005
         vertex 0.00749519 -0.00375 0.005
         vertex 0.00741907 -0.00413268 0.005
      endloop
   endfacet
   facet normal 0 0 1
      outer loop
         vertex 0.00687787 -0.00282612 0.005
         vertex 0.0072023 -0.00304289 0.005
         vertex 0.00779423 -0.000272065 0.005
      endloop
   endfacet
   facet normal 0 0 1
      outer loop
         vertex 0.00741907 -0.00413268 0.005
         vertex 0.0072023 -0.00445711 0.005
         vertex 0.00779423 -0.00525 0.005
      endloop
   endfacet
   facet normal 0 0 1
      outer loop
         vertex 0.00557131 -0.00336732 0.005
         vertex 0.00578808 -0.00304289 0.005
         vertex 0.0051226 0 0.005
      endloop
   endfacet
   facet normal 0 0 1
      outer loop
         vertex 0.00779423 0.0035 0.005
         vertex 0.00779423 0.000272065 0.005
         vertex 0.0103923 0.00267444 0.005
      endloop
   endfacet
   facet normal 0 0 1
      outer loop
         vertex 0.0103923 0.00525 0.005
         vertex 0.0103923 0.0035 0.005
         vertex 0.0112851 0.0035 0.005
      endloop
   endfacet
   facet normal 0 0 1
      outer loop
         vertex 0.0137415 0.008125 0.005
         vertex 0.013633 0.00831303 0.005
         vertex 0.0130291 0.00878365 0.005
      endloop
   endfacet
   facet normal 0 0 1
      outer loop
         vertex 0.0103923 0.008125 0.005
         vertex 0.0137415 0.008125 0.005
         vertex 0.0115316 0.00891013 0.005
      endloop
   endfacet
   facet normal 0 0 1
      outer loop
         vertex 0.0130291 0.00878365 0.005
         vertex 0.0122927 0.0089929 0.005
         vertex 0.0137415 0.008125 0.005
      endloop
   endfacet
   facet normal 0 0 1
      outer loop
         vertex 0.0122927 0.0089929 0.005
         vertex 0.0115316 0.00891013 0.005
         vertex 0.0137415 0.008125 0.005
      endloop
   endfacet
   facet normal 0 0 1
      outer loop
         vertex 0.00779423 0.006375 0.005
         vertex 0.0103923 0.006375 0.005
         vertex 0.00900167 0.008125 0.005
      endloop
   endfacet
   facet normal 0 0 1
      outer loop
         vertex 0.0103923 0.006375 0.005
         vertex 0.0103923 0.008125 0.005
         vertex 0.00900167 0.008125 0.005
      endloop
   endfacet
   facet normal 0 0 1
      outer loop
         vertex 0.00779423 0.006375 0.005
         vertex 0.00779423 0.00775028 0.005
         vertex 0.0051226 0.00692116 0.005
      endloop
   endfacet
   facet normal 0 0 1
      outer loop
         vertex -0.0010923 0.0156754 0.005
         vertex -0.00164175 0.0151422 0.005
         vertex -0.000707107 0.0142071 0.005
      endloop
   endfacet
   facet normal 0 0 1
      outer loop
         vertex -0.00195062 0.0144417 0.005
         vertex -0.00092388 0.0138827 0.005
         vertex -0.000707107 0.0142071 0.005
      endloop
   endfacet
   facet normal 0 0 1
      outer loop
         vertex -0.00250351 0.012 0.005
         vertex -0.00092388 0.0131173 0.005
         vertex -0.001 0.0135 0.005
      endloop
   endfacet
   facet normal 0 0 1
      outer loop
         vertex -0.000707107 0.0142071 0.005
         vertex -0.00164175 0.0151422 0.005
         vertex -0.00195062 0.0144417 0.005
      endloop
   endfacet
   facet normal 0 0 1
      outer loop
         vertex -0.001 0.0135 0.005
         vertex -0.00195062 0.0144417 0.005
         vertex -0.00250351 0.012 0.005
      endloop
   endfacet
   facet normal 0 0 1
      outer loop
         vertex -0.00250351 0.012 0.005
         vertex 0.00250351 0.012 0.005
         vertex -1.83697e-19 0.0125 0.005
      endloop
   endfacet
   facet normal 0 0 1
      outer loop
         vertex 0.00195062 0.0144417 0.005
         vertex 0.00164175 0.0151422 0.005
         vertex 0.000707107 0.0142071 0.005
      endloop
   endfacet
   facet normal 0 0 1
      outer loop
         vertex 0.0010923 0.0156754 0.005
         vertex 0.000382683 0.0144239 0.005
         vertex 0.000707107 0.0142071 0.005
      endloop
   endfacet
   facet normal 0 0 1
      outer loop
         vertex 0.000382799 0.015963 0.005
         vertex -1.60812e-19 0.0145 0.005
         vertex 0.000382683 0.0144239 0.005
      endloop
   endfacet
   facet normal 0 0 1
      outer loop
         vertex -0.001 0.0135 0.005
         vertex -0.00092388 0.0138827 0.005
         vertex -0.00195062 0.0144417 0.005
      endloop
   endfacet
   facet normal 0 0 1
      outer loop
         vertex 0.00250351 0.012 0.005
         vertex 0.000382683 0.0125761 0.005
         vertex -1.83697e-19 0.0125 0.005
      endloop
   endfacet
   facet normal 0 0 1
      outer loop
         vertex 0.00250351 0.012 0.005
         vertex 0.00195062 0.0144417 0.005
         vertex 0.001 0.0135 0.005
      endloop
   endfacet
   facet normal 0 0 1
      outer loop
         vertex 0.000707107 0.0142071 0.005
         vertex 0.00164175 0.0151422 0.005
         vertex 0.0010923 0.0156754 0.005
      endloop
   endfacet
   facet normal 0 0 1
      outer loop
         vertex 0.000382683 0.0144239 0.005
         vertex 0.0010923 0.0156754 0.005
         vertex 0.000382799 0.015963 0.005
      endloop
   endfacet
   facet normal 0 0 1
      outer loop
         vertex -0.000382799 0.015963 0.005
         vertex -0.0010923 0.0156754 0.005
         vertex -0.000382683 0.0144239 0.005
      endloop
   endfacet
   facet normal 0 0 1
      outer loop
         vertex -0.00250351 0.012 0.005
         vertex -0.000707107 0.0127929 0.005
         vertex -0.00092388 0.0131173 0.005
      endloop
   endfacet
   facet normal 0 0 1
      outer loop
         vertex 0.00250351 0.012 0.005
         vertex 0.000707107 0.0127929 0.005
         vertex 0.000382683 0.0125761 0.005
      endloop
   endfacet
   facet normal 0 0 1
      outer loop
         vertex 0.001 0.0135 0.005
         vertex 0.00092388 0.0131173 0.005
         vertex 0.00250351 0.012 0.005
      endloop
   endfacet
   facet normal 0 0 1
      outer loop
         vertex 0.000707107 0.0142071 0.005
         vertex 0.00092388 0.0138827 0.005
         vertex 0.00195062 0.0144417 0.005
      endloop
   endfacet
   facet normal 0 0 1
      outer loop
         vertex -0.000382683 0.0144239 0.005
         vertex -1.60812e-19 0.0145 0.005
         vertex -0.000382799 0.015963 0.005
      endloop
   endfacet
   facet normal 0 0 1
      outer loop
         vertex -0.00250351 0.012 0.005
         vertex -0.000382683 0.0125761 0.005
         vertex -0.000707107 0.0127929 0.005
      endloop
   endfacet
   facet normal 0 0 1
      outer loop
         vertex 0.00092388 0.0131173 0.005
         vertex 0.000707107 0.0127929 0.005
         vertex 0.00250351 0.012 0.005
      endloop
   endfacet
   facet normal 0 0 1
      outer loop
         vertex 0.000382799 0.015963 0.005
         vertex -0.000382799 0.015963 0.005
         vertex -1.60812e-19 0.0145 0.005
      endloop
   endfacet
   facet normal 0 0 1
      outer loop
         vertex -1.83697e-19 0.0125 0.005
         vertex -0.000382683 0.0125761 0.005
         vertex -0.00250351 0.012 0.005
      endloop
   endfacet
   facet normal 0 0 1
      outer loop
         vertex -0.000707107 0.0142071 0.005
         vertex -0.000382683 0.0144239 0.005
         vertex -0.0010923 0.0156754 0.005
      endloop
   endfacet
   facet normal 0 0 1
      outer loop
         vertex 0.000382683 0.00957612 0.005
         vertex -1.83697e-19 0.0095 0.005
         vertex -1.60812e-19 0.0085 0.005
      endloop
   endfacet
   facet normal 0 0 1
      outer loop
         vertex 0.000382683 0.00842388 0.005
         vertex 0.000707107 0.00979289 0.005
         vertex 0.000382683 0.00957612 0.005
      endloop
   endfacet
   facet normal 0 0 1
      outer loop
         vertex -0.002875 0.0103594 0.005
         vertex -0.001 0.0105 0.005
         vertex -0.00092388 0.0108827 0.005
      endloop
   endfacet
   facet normal 0 0 1
      outer loop
         vertex -0.002875 0.0103594 0.005
         vertex -0.002875 0.008125 0.005
         vertex -0.00092388 0.0101173 0.005
      endloop
   endfacet
   facet normal 0 0 1
      outer loop
         vertex -1.60812e-19 0.0085 0.005
         vertex 0.000382683 0.00842388 0.005
         vertex 0.000382683 0.00957612 0.005
      endloop
   endfacet
   facet normal 0 0 1
      outer loop
         vertex -0.000382683 0.00957612 0.005
         vertex -0.000382683 0.00842388 0.005
         vertex -1.60812e-19 0.0085 0.005
      endloop
   endfacet
   facet normal 0 0 1
      outer loop
         vertex -0.00250351 0.012 0.005
         vertex -0.00092388 0.0108827 0.005
         vertex -0.000707107 0.0112071 0.005
      endloop
   endfacet
   facet normal 0 0 1
      outer loop
         vertex -0.00092388 0.0101173 0.005
         vertex -0.001 0.0105 0.005
         vertex -0.002875 0.0103594 0.005
      endloop
   endfacet
   facet normal 0 0 1
      outer loop
         vertex -1.60812e-19 0.0085 0.005
         vertex -1.83697e-19 0.0095 0.005
         vertex -0.000382683 0.00957612 0.005
      endloop
   endfacet
   facet normal 0 0 1
      outer loop
         vertex 0.000707107 0.00820711 0.005
         vertex 0.001 0.0105 0.005
         vertex 0.00092388 0.0101173 0.005
      endloop
   endfacet
   facet normal 0 0 1
      outer loop
         vertex -0.00092388 0.0108827 0.005
         vertex -0.00250351 0.012 0.005
         vertex -0.002875 0.0103594 0.005
      endloop
   endfacet
   facet normal 0 0 1
      outer loop
         vertex 0.00338095 0.008125 0.005
         vertex 0.001 0.0105 0.005
         vertex 0.000707107 0.00820711 0.005
      endloop
   endfacet
   facet normal 0 0 1
      outer loop
         vertex 0.00092388 0.0101173 0.005
         vertex 0.000707107 0.00979289 0.005
         vertex 0.000707107 0.00820711 0.005
      endloop
   endfacet
   facet normal 0 0 1
      outer loop
         vertex 0.00250351 0.012 0.005
         vertex 0.00092388 0.0108827 0.005
         vertex 0.001 0.0105 0.005
      endloop
   endfacet
   facet normal 0 0 1
      outer loop
         vertex 0.00250351 0.012 0.005
         vertex 0.000382683 0.0114239 0.005
         vertex 0.000707107 0.0112071 0.005
      endloop
   endfacet
   facet normal 0 0 1
      outer loop
         vertex -0.00250351 0.012 0.005
         vertex -0.000382683 0.0114239 0.005
         vertex -1.60812e-19 0.0115 0.005
      endloop
   endfacet
   facet normal 0 0 1
      outer loop
         vertex -0.002875 0.008125 0.005
         vertex -0.000707107 0.00979289 0.005
         vertex -0.00092388 0.0101173 0.005
      endloop
   endfacet
   facet normal 0 0 1
      outer loop
         vertex -0.002875 0.008125 0.005
         vertex -0.000761969 0.008125 0.005
         vertex -0.000382683 0.00957612 0.005
      endloop
   endfacet
   facet normal 0 0 1
      outer loop
         vertex 0.000382683 0.00842388 0.005
         vertex 0.000707107 0.00820711 0.005
         vertex 0.000707107 0.00979289 0.005
      endloop
   endfacet
   facet normal 0 0 1
      outer loop
         vertex -0.000382683 0.00957612 0.005
         vertex -0.000761969 0.008125 0.005
         vertex -0.000707107 0.00820711 0.005
      endloop
   endfacet
   facet normal 0 0 1
      outer loop
         vertex 0.000707107 0.0112071 0.005
         vertex 0.00092388 0.0108827 0.005
         vertex 0.00250351 0.012 0.005
      endloop
   endfacet
   facet normal 0 0 1
      outer loop
         vertex -1.60812e-19 0.0115 0.005
         vertex 0.00250351 0.012 0.005
         vertex -0.00250351 0.012 0.005
      endloop
   endfacet
   facet normal 0 0 1
      outer loop
         vertex -0.000382683 0.00957612 0.005
         vertex -0.000707107 0.00979289 0.005
         vertex -0.002875 0.008125 0.005
      endloop
   endfacet
   facet normal 0 0 1
      outer loop
         vertex -0.000707107 0.00820711 0.005
         vertex -0.000382683 0.00842388 0.005
         vertex -0.000382683 0.00957612 0.005
      endloop
   endfacet
   facet normal 0 0 1
      outer loop
         vertex -1.60812e-19 0.0115 0.005
         vertex 0.000382683 0.0114239 0.005
         vertex 0.00250351 0.012 0.005
      endloop
   endfacet
   facet normal 0 0 1
      outer loop
         vertex 0.000707107 0.00820711 0.005
         vertex 0.000761969 0.008125 0.005
         vertex 0.00338095 0.008125 0.005
      endloop
   endfacet
   facet normal 0 0 1
      outer loop
         vertex -0.000707107 0.0112071 0.005
         vertex -0.000382683 0.0114239 0.005
         vertex -0.00250351 0.012 0.005
      endloop
   endfacet
   facet normal 0 0 1
      outer loop
         vertex -0.002875 0.006375 0.005
         vertex -0.00092388 0.00711732 0.005
         vertex -0.001 0.0075 0.005
      endloop
   endfacet
   facet normal 0 0 1
      outer loop
         vertex 0.00375 0.00649519 0.005
         vertex 0.000382683 0.00657612 0.005
         vertex -1.83697e-19 0.0065 0.005
      endloop
   endfacet
   facet normal 0 0 1
      outer loop
         vertex 0.00375 0.00649519 0.005
         vertex 0.00092388 0.00711732 0.005
         vertex 0.000707107 0.00679289 0.005
      endloop
   endfacet
   facet normal 0 0 1
      outer loop
         vertex 0.00375 0.00649519 0.005
         vertex 0.00338095 0.008125 0.005
         vertex 0.001 0.0075 0.005
      endloop
   endfacet
   facet normal 0 0 1
      outer loop
         vertex -0.001 0.0075 0.005
         vertex -0.002875 0.008125 0.005
         vertex -0.002875 0.006375 0.005
      endloop
   endfacet
   facet normal 0 0 1
      outer loop
         vertex -0.002875 0.006375 0.005
         vertex -1.83697e-19 0.0065 0.005
         vertex -0.000382683 0.00657612 0.005
      endloop
   endfacet
   facet normal 0 0 1
      outer loop
         vertex 0.000707107 0.00679289 0.005
         vertex 0.000382683 0.00657612 0.005
         vertex 0.00375 0.00649519 0.005
      endloop
   endfacet
   facet normal 0 0 1
      outer loop
         vertex 0.00338095 0.008125 0.005
         vertex 0.00092388 0.00788268 0.005
         vertex 0.001 0.0075 0.005
      endloop
   endfacet
   facet normal 0 0 1
      outer loop
         vertex -0.001 0.0075 0.005
         vertex -0.00092388 0.00788268 0.005
         vertex -0.002875 0.008125 0.005
      endloop
   endfacet
   facet normal 0 0 1
      outer loop
         vertex -1.83697e-19 0.0065 0.005
         vertex -0.002875 0.006375 0.005
         vertex 0.00375 0.00649519 0.005
      endloop
   endfacet
   facet normal 0 0 1
      outer loop
         vertex 0.00338095 0.008125 0.005
         vertex 0.000761969 0.008125 0.005
         vertex 0.00092388 0.00788268 0.005
      endloop
   endfacet
   facet normal 0 0 1
      outer loop
         vertex -0.002875 0.006375 0.005
         vertex -0.000707107 0.00679289 0.005
         vertex -0.00092388 0.00711732 0.005
      endloop
   endfacet
   facet normal 0 0 1
      outer loop
         vertex 0.001 0.0075 0.005
         vertex 0.00092388 0.00711732 0.005
         vertex 0.00375 0.00649519 0.005
      endloop
   endfacet
   facet normal 0 0 1
      outer loop
         vertex -0.000382683 0.00657612 0.005
         vertex -0.000707107 0.00679289 0.005
         vertex -0.002875 0.006375 0.005
      endloop
   endfacet
   facet normal 0 0 1
      outer loop
         vertex 0.0051226 0.006375 0.005
         vertex 0.0051226 0.00692116 0.005
         vertex 0.00375 0.00649519 0.005
      endloop
   endfacet
   facet normal 0 0 1
      outer loop
         vertex 0.00375 0.00649519 0.005
         vertex -0.002875 0.006375 0.005
         vertex 0.0051226 0.006375 0.005
      endloop
   endfacet
   facet normal 0 0 1
      outer loop
         vertex -0.0134078 0.00546283 0.005
         vertex -0.0123984 0.00604289 0.005
         vertex -0.0126152 0.00636732 0.005
      endloop
   endfacet
   facet normal 0 0 1
      outer loop
         vertex -0.0126152 0.00636732 0.005
         vertex -0.0134078 0.006375 0.005
         vertex -0.0134078 0.00546283 0.005
      endloop
   endfacet
   facet normal 0 0 1
      outer loop
         vertex -0.0131777 0.00525 0.005
         vertex -0.012074 0.00582612 0.005
         vertex -0.0123984 0.00604289 0.005
      endloop
   endfacet
   facet normal 0 0 1
      outer loop
         vertex -0.0131777 0.00525 0.005
         vertex -0.0103923 0.00525 0.005
         vertex -0.0116913 0.00575 0.005
      endloop
   endfacet
   facet normal 0 0 1
      outer loop
         vertex -0.0103923 0.00525 0.005
         vertex -0.0109842 0.00604289 0.005
         vertex -0.0113087 0.00582612 0.005
      endloop
   endfacet
   facet normal 0 0 1
      outer loop
         vertex -0.0103923 0.00525 0.005
         vertex -0.0103923 0.006375 0.005
         vertex -0.0107675 0.00636732 0.005
      endloop
   endfacet
   facet normal 0 0 1
      outer loop
         vertex -0.0116913 0.00575 0.005
         vertex -0.012074 0.00582612 0.005
         vertex -0.0131777 0.00525 0.005
      endloop
   endfacet
   facet normal 0 0 1
      outer loop
         vertex -0.0107675 0.00636732 0.005
         vertex -0.0109842 0.00604289 0.005
         vertex -0.0103923 0.00525 0.005
      endloop
   endfacet
   facet normal 0 0 1
      outer loop
         vertex -0.0113087 0.00582612 0.005
         vertex -0.0116913 0.00575 0.005
         vertex -0.0103923 0.00525 0.005
      endloop
   endfacet
   facet normal 0 0 1
      outer loop
         vertex -0.0103923 0.006375 0.005
         vertex -0.0107659 0.006375 0.005
         vertex -0.0107675 0.00636732 0.005
      endloop
   endfacet
   facet normal 0 0 1
      outer loop
         vertex -0.0134078 0.00546283 0.005
         vertex -0.0131777 0.00525 0.005
         vertex -0.0123984 0.00604289 0.005
      endloop
   endfacet
   facet normal 0 0 1
      outer loop
         vertex -0.0103923 0.008125 0.005
         vertex -0.0113087 0.00767388 0.005
         vertex -0.0111913 0.00761603 0.005
      endloop
   endfacet
   facet normal 0 0 1
      outer loop
         vertex -0.0134078 0.008125 0.005
         vertex -0.012074 0.00767388 0.005
         vertex -0.0116913 0.00775 0.005
      endloop
   endfacet
   facet normal 0 0 1
      outer loop
         vertex -0.0103923 0.008125 0.005
         vertex -0.0116913 0.00775 0.005
         vertex -0.0113087 0.00767388 0.005
      endloop
   endfacet
   facet normal 0 0 1
      outer loop
         vertex -0.0134078 0.008125 0.005
         vertex -0.0123984 0.00745711 0.005
         vertex -0.012074 0.00767388 0.005
      endloop
   endfacet
   facet normal 0 0 1
      outer loop
         vertex -0.0111913 0.00761603 0.005
         vertex -0.0109842 0.00745711 0.005
         vertex -0.0103923 0.008125 0.005
      endloop
   endfacet
   facet normal 0 0 1
      outer loop
         vertex -0.0134078 0.008125 0.005
         vertex -0.0126152 0.00713268 0.005
         vertex -0.0123984 0.00745711 0.005
      endloop
   endfacet
   facet normal 0 0 1
      outer loop
         vertex -0.0134078 0.006375 0.005
         vertex -0.0126913 0.00675 0.005
         vertex -0.0126152 0.00713268 0.005
      endloop
   endfacet
   facet normal 0 0 1
      outer loop
         vertex -0.0103923 0.008125 0.005
         vertex -0.0107675 0.00713268 0.005
         vertex -0.0106913 0.00675 0.005
      endloop
   endfacet
   facet normal 0 0 1
      outer loop
         vertex -0.0116913 0.00775 0.005
         vertex -0.0103923 0.008125 0.005
         vertex -0.0134078 0.008125 0.005
      endloop
   endfacet
   facet normal 0 0 1
      outer loop
         vertex -0.0134078 0.006375 0.005
         vertex -0.0126168 0.006375 0.005
         vertex -0.0126913 0.00675 0.005
      endloop
   endfacet
   facet normal 0 0 1
      outer loop
         vertex -0.0106913 0.00675 0.005
         vertex -0.0103923 0.006375 0.005
         vertex -0.0103923 0.008125 0.005
      endloop
   endfacet
   facet normal 0 0 1
      outer loop
         vertex -0.0126152 0.00713268 0.005
         vertex -0.0134078 0.008125 0.005
         vertex -0.0134078 0.006375 0.005
      endloop
   endfacet
   facet normal 0 0 1
      outer loop
         vertex -0.0109842 0.00745711 0.005
         vertex -0.0107675 0.00713268 0.005
         vertex -0.0103923 0.008125 0.005
      endloop
   endfacet
   facet normal 0 0 1
      outer loop
         vertex -0.0103923 0.00525 0.005
         vertex -0.0103923 0.0035 0.005
         vertex -0.0100171 0.00486732 0.005
      endloop
   endfacet
   facet normal 0 0 1
      outer loop
         vertex -0.0103923 0.0035 0.005
         vertex -0.00980037 0.00454289 0.005
         vertex -0.0100171 0.00486732 0.005
      endloop
   endfacet
   facet normal 0 0 1
      outer loop
         vertex -0.00779423 0.0035 0.005
         vertex -0.00871058 0.00432612 0.005
         vertex -0.00909327 0.00425 0.005
      endloop
   endfacet
   facet normal 0 0 1
      outer loop
         vertex -0.0103923 0.0035 0.005
         vertex -0.00947595 0.00432612 0.005
         vertex -0.00980037 0.00454289 0.005
      endloop
   endfacet
   facet normal 0 0 1
      outer loop
         vertex -0.00779423 0.0035 0.005
         vertex -0.00838616 0.00454289 0.005
         vertex -0.00871058 0.00432612 0.005
      endloop
   endfacet
   facet normal 0 0 1
      outer loop
         vertex -0.0103923 0.0035 0.005
         vertex -0.00909327 0.00425 0.005
         vertex -0.00947595 0.00432612 0.005
      endloop
   endfacet
   facet normal 0 0 1
      outer loop
         vertex -0.00779423 0.0035 0.005
         vertex -0.00816939 0.00486732 0.005
         vertex -0.00838616 0.00454289 0.005
      endloop
   endfacet
   facet normal 0 0 1
      outer loop
         vertex -0.00909327 0.00425 0.005
         vertex -0.0103923 0.0035 0.005
         vertex -0.00779423 0.0035 0.005
      endloop
   endfacet
   facet normal 0 0 1
      outer loop
         vertex -0.00779423 0.00525 0.005
         vertex -0.00809327 0.00525 0.005
         vertex -0.00816939 0.00486732 0.005
      endloop
   endfacet
   facet normal 0 0 1
      outer loop
         vertex -0.00816939 0.00486732 0.005
         vertex -0.00779423 0.0035 0.005
         vertex -0.00779423 0.00525 0.005
      endloop
   endfacet
   facet normal 0 0 1
      outer loop
         vertex -0.00779423 0.006375 0.005
         vertex -0.00871058 0.00617388 0.005
         vertex -0.00859327 0.00611603 0.005
      endloop
   endfacet
   facet normal 0 0 1
      outer loop
         vertex -0.00779423 0.006375 0.005
         vertex -0.0103923 0.006375 0.005
         vertex -0.00909327 0.00625 0.005
      endloop
   endfacet
   facet normal 0 0 1
      outer loop
         vertex -0.00909327 0.00625 0.005
         vertex -0.00871058 0.00617388 0.005
         vertex -0.00779423 0.006375 0.005
      endloop
   endfacet
   facet normal 0 0 1
      outer loop
         vertex -0.0103923 0.006375 0.005
         vertex -0.00980037 0.00595711 0.005
         vertex -0.00947595 0.00617388 0.005
      endloop
   endfacet
   facet normal 0 0 1
      outer loop
         vertex -0.00859327 0.00611603 0.005
         vertex -0.00838616 0.00595711 0.005
         vertex -0.00779423 0.006375 0.005
      endloop
   endfacet
   facet normal 0 0 1
      outer loop
         vertex -0.0103923 0.006375 0.005
         vertex -0.0100171 0.00563268 0.005
         vertex -0.00980037 0.00595711 0.005
      endloop
   endfacet
   facet normal 0 0 1
      outer loop
         vertex -0.00947595 0.00617388 0.005
         vertex -0.00909327 0.00625 0.005
         vertex -0.0103923 0.006375 0.005
      endloop
   endfacet
   facet normal 0 0 1
      outer loop
         vertex -0.0103923 0.00525 0.005
         vertex -0.0100933 0.00525 0.005
         vertex -0.0100171 0.00563268 0.005
      endloop
   endfacet
   facet normal 0 0 1
      outer loop
         vertex -0.00779423 0.00525 0.005
         vertex -0.00779423 0.006375 0.005
         vertex -0.00816939 0.00563268 0.005
      endloop
   endfacet
   facet normal 0 0 1
      outer loop
         vertex -0.0100171 0.00563268 0.005
         vertex -0.0103923 0.006375 0.005
         vertex -0.0103923 0.00525 0.005
      endloop
   endfacet
   facet normal 0 0 1
      outer loop
         vertex -0.00838616 0.00595711 0.005
         vertex -0.00816939 0.00563268 0.005
         vertex -0.00779423 0.006375 0.005
      endloop
   endfacet
   facet normal 0 0 1
      outer loop
         vertex -0.00649519 0.00275 0.005
         vertex -0.00687787 0.00282612 0.005
         vertex -0.00779423 0.000272065 0.005
      endloop
   endfacet
   facet normal 0 0 1
      outer loop
         vertex -0.00475 5.81707e-19 0.005
         vertex -0.00611251 0.00282612 0.005
         vertex -0.00649519 0.00275 0.005
      endloop
   endfacet
   facet normal 0 0 1
      outer loop
         vertex -0.00611251 0.00282612 0.005
         vertex -0.00475 5.81707e-19 0.005
         vertex -0.00438843 0.00181775 0.005
      endloop
   endfacet
   facet normal 0 0 1
      outer loop
         vertex -0.00779423 0.000272065 0.005
         vertex -0.0072023 0.00304289 0.005
         vertex -0.00741907 0.00336732 0.005
      endloop
   endfacet
   facet normal 0 0 1
      outer loop
         vertex -0.00779423 0.000272065 0.005
         vertex -0.0075 -2.64545e-17 0.005
         vertex -0.00649519 0.00275 0.005
      endloop
   endfacet
   facet normal 0 0 1
      outer loop
         vertex -0.00438843 0.00181775 0.005
         vertex -0.00578808 0.00304289 0.005
         vertex -0.00611251 0.00282612 0.005
      endloop
   endfacet
   facet normal 0 0 1
      outer loop
         vertex -0.00438843 0.00181775 0.005
         vertex -0.00335876 0.00335876 0.005
         vertex -0.00557131 0.00336732 0.005
      endloop
   endfacet
   facet normal 0 0 1
      outer loop
         vertex -0.00741907 0.00336732 0.005
         vertex -0.00779423 0.0035 0.005
         vertex -0.00779423 0.000272065 0.005
      endloop
   endfacet
   facet normal 0 0 1
      outer loop
         vertex -0.00649519 0.00275 0.005
         vertex -0.0075 -2.64545e-17 0.005
         vertex -0.00475 5.81707e-19 0.005
      endloop
   endfacet
   facet normal 0 0 1
      outer loop
         vertex -0.00335876 0.00335876 0.005
         vertex -0.00554492 0.0035 0.005
         vertex -0.00557131 0.00336732 0.005
      endloop
   endfacet
   facet normal 0 0 1
      outer loop
         vertex -0.00687787 0.00282612 0.005
         vertex -0.0072023 0.00304289 0.005
         vertex -0.00779423 0.000272065 0.005
      endloop
   endfacet
   facet normal 0 0 1
      outer loop
         vertex -0.00557131 0.00336732 0.005
         vertex -0.00578808 0.00304289 0.005
         vertex -0.00438843 0.00181775 0.005
      endloop
   endfacet
   facet normal 0 0 1
      outer loop
         vertex -0.00335876 0.00335876 0.005
         vertex -0.00314737 0.0035 0.005
         vertex -0.00554492 0.0035 0.005
      endloop
   endfacet
   facet normal 0 0 1
      outer loop
         vertex -0.002875 0.00525 0.005
         vertex -0.00611251 0.00467388 0.005
         vertex -0.00599519 0.00461603 0.005
      endloop
   endfacet
   facet normal 0 0 1
      outer loop
         vertex -0.002875 0.00525 0.005
         vertex -0.00779423 0.00525 0.005
         vertex -0.00649519 0.00475 0.005
      endloop
   endfacet
   facet normal 0 0 1
      outer loop
         vertex -0.00549519 0.00375 0.005
         vertex -0.00554492 0.0035 0.005
         vertex -0.00314737 0.0035 0.005
      endloop
   endfacet
   facet normal 0 0 1
      outer loop
         vertex -0.002875 0.00525 0.005
         vertex -0.00557131 0.00413268 0.005
         vertex -0.00549519 0.00375 0.005
      endloop
   endfacet
   facet normal 0 0 1
      outer loop
         vertex -0.00649519 0.00475 0.005
         vertex -0.00611251 0.00467388 0.005
         vertex -0.002875 0.00525 0.005
      endloop
   endfacet
   facet normal 0 0 1
      outer loop
         vertex -0.00549519 0.00375 0.005
         vertex -0.002875 0.00368199 0.005
         vertex -0.002875 0.00525 0.005
      endloop
   endfacet
   facet normal 0 0 1
      outer loop
         vertex -0.00599519 0.00461603 0.005
         vertex -0.00578808 0.00445711 0.005
         vertex -0.002875 0.00525 0.005
      endloop
   endfacet
   facet normal 0 0 1
      outer loop
         vertex -0.00779423 0.0035 0.005
         vertex -0.00749519 0.00375 0.005
         vertex -0.00741907 0.00413268 0.005
      endloop
   endfacet
   facet normal 0 0 1
      outer loop
         vertex -0.00578808 0.00445711 0.005
         vertex -0.00557131 0.00413268 0.005
         vertex -0.002875 0.00525 0.005
      endloop
   endfacet
   facet normal 0 0 1
      outer loop
         vertex -0.00779423 0.00525 0.005
         vertex -0.0072023 0.00445711 0.005
         vertex -0.00687787 0.00467388 0.005
      endloop
   endfacet
   facet normal 0 0 1
      outer loop
         vertex -0.00741907 0.00413268 0.005
         vertex -0.00779423 0.00525 0.005
         vertex -0.00779423 0.0035 0.005
      endloop
   endfacet
   facet normal 0 0 1
      outer loop
         vertex -0.00687787 0.00467388 0.005
         vertex -0.00649519 0.00475 0.005
         vertex -0.00779423 0.00525 0.005
      endloop
   endfacet
   facet normal 0 0 1
      outer loop
         vertex -0.00779423 0.0035 0.005
         vertex -0.00744546 0.0035 0.005
         vertex -0.00749519 0.00375 0.005
      endloop
   endfacet
   facet normal 0 0 1
      outer loop
         vertex -0.00741907 0.00413268 0.005
         vertex -0.0072023 0.00445711 0.005
         vertex -0.00779423 0.00525 0.005
      endloop
   endfacet
   facet normal 0 0 1
      outer loop
         vertex -0.0134078 -0.006375 0.005
         vertex -0.0134078 -0.00848849 0.005
         vertex -0.0126152 -0.00713268 0.005
      endloop
   endfacet
   facet normal 0 0 1
      outer loop
         vertex -0.0126152 -0.00713268 0.005
         vertex -0.0126913 -0.00675 0.005
         vertex -0.0134078 -0.006375 0.005
      endloop
   endfacet
   facet normal 0 0 1
      outer loop
         vertex -0.0130291 -0.00878365 0.005
         vertex -0.0122927 -0.0089929 0.005
         vertex -0.012074 -0.00767388 0.005
      endloop
   endfacet
   facet normal 0 0 1
      outer loop
         vertex -0.0134078 -0.00848849 0.005
         vertex -0.0123984 -0.00745711 0.005
         vertex -0.0126152 -0.00713268 0.005
      endloop
   endfacet
   facet normal 0 0 1
      outer loop
         vertex -0.0123984 -0.00745711 0.005
         vertex -0.0134078 -0.00848849 0.005
         vertex -0.0130291 -0.00878365 0.005
      endloop
   endfacet
   facet normal 0 0 1
      outer loop
         vertex -0.0115316 -0.00891013 0.005
         vertex -0.0103923 -0.00855657 0.005
         vertex -0.0113087 -0.00767388 0.005
      endloop
   endfacet
   facet normal 0 0 1
      outer loop
         vertex -0.012074 -0.00767388 0.005
         vertex -0.0123984 -0.00745711 0.005
         vertex -0.0130291 -0.00878365 0.005
      endloop
   endfacet
   facet normal 0 0 1
      outer loop
         vertex -0.0122927 -0.0089929 0.005
         vertex -0.0115316 -0.00891013 0.005
         vertex -0.0116913 -0.00775 0.005
      endloop
   endfacet
   facet normal 0 0 1
      outer loop
         vertex -0.0103923 -0.00855657 0.005
         vertex -0.0109842 -0.00745711 0.005
         vertex -0.0113087 -0.00767388 0.005
      endloop
   endfacet
   facet normal 0 0 1
      outer loop
         vertex -0.0116913 -0.00775 0.005
         vertex -0.012074 -0.00767388 0.005
         vertex -0.0122927 -0.0089929 0.005
      endloop
   endfacet
   facet normal 0 0 1
      outer loop
         vertex -0.0103923 -0.00855657 0.005
         vertex -0.0107675 -0.00713268 0.005
         vertex -0.0109842 -0.00745711 0.005
      endloop
   endfacet
   facet normal 0 0 1
      outer loop
         vertex -0.0103923 -0.006375 0.005
         vertex -0.0106913 -0.00675 0.005
         vertex -0.0107675 -0.00713268 0.005
      endloop
   endfacet
   facet normal 0 0 1
      outer loop
         vertex -0.0113087 -0.00767388 0.005
         vertex -0.0116913 -0.00775 0.005
         vertex -0.0115316 -0.00891013 0.005
      endloop
   endfacet
   facet normal 0 0 1
      outer loop
         vertex -0.0103923 -0.006375 0.005
         vertex -0.0107659 -0.006375 0.005
         vertex -0.0106913 -0.00675 0.005
      endloop
   endfacet
   facet normal 0 0 1
      outer loop
         vertex -0.0107675 -0.00713268 0.005
         vertex -0.0103923 -0.00855657 0.005
         vertex -0.0103923 -0.006375 0.005
      endloop
   endfacet
   facet normal 0 0 1
      outer loop
         vertex -0.0103923 -0.00525 0.005
         vertex -0.0109842 -0.00604289 0.005
         vertex -0.0107675 -0.00636732 0.005
      endloop
   endfacet
   facet normal 0 0 1
      outer loop
         vertex -0.0131777 -0.00525 0.005
         vertex -0.012074 -0.00582612 0.005
         vertex -0.0116913 -0.00575 0.005
      endloop
   endfacet
   facet normal 0 0 1
      outer loop
         vertex -0.0131777 -0.00525 0.005
         vertex -0.0123984 -0.00604289 0.005
         vertex -0.0121913 -0.00588397 0.005
      endloop
   endfacet
   facet normal 0 0 1
      outer loop
         vertex -0.0134078 -0.00546283 0.005
         vertex -0.0134078 -0.006375 0.005
         vertex -0.0126152 -0.00636732 0.005
      endloop
   endfacet
   facet normal 0 0 1
      outer loop
         vertex -0.0103923 -0.00525 0.005
         vertex -0.0113087 -0.00582612 0.005
         vertex -0.0109842 -0.00604289 0.005
      endloop
   endfacet
   facet normal 0 0 1
      outer loop
         vertex -0.0121913 -0.00588397 0.005
         vertex -0.012074 -0.00582612 0.005
         vertex -0.0131777 -0.00525 0.005
      endloop
   endfacet
   facet normal 0 0 1
      outer loop
         vertex -0.0123984 -0.00604289 0.005
         vertex -0.0131777 -0.00525 0.005
         vertex -0.0134078 -0.00546283 0.005
      endloop
   endfacet
   facet normal 0 0 1
      outer loop
         vertex -0.0103923 -0.00525 0.005
         vertex -0.0116913 -0.00575 0.005
         vertex -0.0113087 -0.00582612 0.005
      endloop
   endfacet
   facet normal 0 0 1
      outer loop
         vertex -0.0126152 -0.00636732 0.005
         vertex -0.0123984 -0.00604289 0.005
         vertex -0.0134078 -0.00546283 0.005
      endloop
   endfacet
   facet normal 0 0 1
      outer loop
         vertex -0.0116913 -0.00575 0.005
         vertex -0.0103923 -0.00525 0.005
         vertex -0.0131777 -0.00525 0.005
      endloop
   endfacet
   facet normal 0 0 1
      outer loop
         vertex -0.0134078 -0.006375 0.005
         vertex -0.0126168 -0.006375 0.005
         vertex -0.0126152 -0.00636732 0.005
      endloop
   endfacet
   facet normal 0 0 1
      outer loop
         vertex -0.0107675 -0.00636732 0.005
         vertex -0.0103923 -0.006375 0.005
         vertex -0.0103923 -0.00525 0.005
      endloop
   endfacet
   facet normal 0 0 1
      outer loop
         vertex -0.00779423 -0.00525 0.005
         vertex -0.00809327 -0.00525 0.005
         vertex -0.00816939 -0.00563268 0.005
      endloop
   endfacet
   facet normal 0 0 1
      outer loop
         vertex -0.0103923 -0.006375 0.005
         vertex -0.00947595 -0.00617388 0.005
         vertex -0.00980037 -0.00595711 0.005
      endloop
   endfacet
   facet normal 0 0 1
      outer loop
         vertex -0.0103923 -0.006375 0.005
         vertex -0.00779423 -0.006375 0.005
         vertex -0.00909327 -0.00625 0.005
      endloop
   endfacet
   facet normal 0 0 1
      outer loop
         vertex -0.00779423 -0.006375 0.005
         vertex -0.00838616 -0.00595711 0.005
         vertex -0.00871058 -0.00617388 0.005
      endloop
   endfacet
   facet normal 0 0 1
      outer loop
         vertex -0.00816939 -0.00563268 0.005
         vertex -0.00779423 -0.006375 0.005
         vertex -0.00779423 -0.00525 0.005
      endloop
   endfacet
   facet normal 0 0 1
      outer loop
         vertex -0.00909327 -0.00625 0.005
         vertex -0.00947595 -0.00617388 0.005
         vertex -0.0103923 -0.006375 0.005
      endloop
   endfacet
   facet normal 0 0 1
      outer loop
         vertex -0.00816939 -0.00563268 0.005
         vertex -0.00838616 -0.00595711 0.005
         vertex -0.00779423 -0.006375 0.005
      endloop
   endfacet
   facet normal 0 0 1
      outer loop
         vertex -0.0103923 -0.00525 0.005
         vertex -0.0103923 -0.006375 0.005
         vertex -0.0100171 -0.00563268 0.005
      endloop
   endfacet
   facet normal 0 0 1
      outer loop
         vertex -0.00871058 -0.00617388 0.005
         vertex -0.00909327 -0.00625 0.005
         vertex -0.00779423 -0.006375 0.005
      endloop
   endfacet
   facet normal 0 0 1
      outer loop
         vertex -0.00980037 -0.00595711 0.005
         vertex -0.0100171 -0.00563268 0.005
         vertex -0.0103923 -0.006375 0.005
      endloop
   endfacet
   facet normal 0 0 1
      outer loop
         vertex -0.0103923 -0.00267444 0.005
         vertex -0.00947595 -0.00432612 0.005
         vertex -0.00909327 -0.00425 0.005
      endloop
   endfacet
   facet normal 0 0 1
      outer loop
         vertex -0.0103923 -0.00267444 0.005
         vertex -0.00980037 -0.00454289 0.005
         vertex -0.00959327 -0.00438397 0.005
      endloop
   endfacet
   facet normal 0 0 1
      outer loop
         vertex -0.00959327 -0.00438397 0.005
         vertex -0.00947595 -0.00432612 0.005
         vertex -0.0103923 -0.00267444 0.005
      endloop
   endfacet
   facet normal 0 0 1
      outer loop
         vertex -0.00779423 -0.000272065 0.005
         vertex -0.00871058 -0.00432612 0.005
         vertex -0.00838616 -0.00454289 0.005
      endloop
   endfacet
   facet normal 0 0 1
      outer loop
         vertex -0.0103923 -0.00267444 0.005
         vertex -0.0100171 -0.00486732 0.005
         vertex -0.00980037 -0.00454289 0.005
      endloop
   endfacet
   facet normal 0 0 1
      outer loop
         vertex -0.0103923 -0.00525 0.005
         vertex -0.0100933 -0.00525 0.005
         vertex -0.0100171 -0.00486732 0.005
      endloop
   endfacet
   facet normal 0 0 1
      outer loop
         vertex -0.00779423 -0.000272065 0.005
         vertex -0.00909327 -0.00425 0.005
         vertex -0.00871058 -0.00432612 0.005
      endloop
   endfacet
   facet normal 0 0 1
      outer loop
         vertex -0.0100171 -0.00486732 0.005
         vertex -0.0103923 -0.00267444 0.005
         vertex -0.0103923 -0.00525 0.005
      endloop
   endfacet
   facet normal 0 0 1
      outer loop
         vertex -0.00779423 -0.00525 0.005
         vertex -0.00779423 -0.000272065 0.005
         vertex -0.00816939 -0.00486732 0.005
      endloop
   endfacet
   facet normal 0 0 1
      outer loop
         vertex -0.00909327 -0.00425 0.005
         vertex -0.00779423 -0.000272065 0.005
         vertex -0.0103923 -0.00267444 0.005
      endloop
   endfacet
   facet normal 0 0 1
      outer loop
         vertex -0.00838616 -0.00454289 0.005
         vertex -0.00816939 -0.00486732 0.005
         vertex -0.00779423 -0.000272065 0.005
      endloop
   endfacet
   facet normal 0 0 1
      outer loop
         vertex 0.0134822 -0.00553156 0.005
         vertex 0.0131777 -0.00525 0.005
         vertex 0.0123984 -0.00604289 0.005
      endloop
   endfacet
   facet normal 0 0 1
      outer loop
         vertex 0.0139344 -0.00614932 0.005
         vertex 0.0126152 -0.00636732 0.005
         vertex 0.0126168 -0.006375 0.005
      endloop
   endfacet
   facet normal 0 0 1
      outer loop
         vertex 0.0126152 -0.00636732 0.005
         vertex 0.0139344 -0.00614932 0.005
         vertex 0.0134822 -0.00553156 0.005
      endloop
   endfacet
   facet normal 0 0 1
      outer loop
         vertex 0.0103923 -0.00525 0.005
         vertex 0.0103923 -0.006375 0.005
         vertex 0.0107675 -0.00636732 0.005
      endloop
   endfacet
   facet normal 0 0 1
      outer loop
         vertex 0.0123984 -0.00604289 0.005
         vertex 0.0126152 -0.00636732 0.005
         vertex 0.0134822 -0.00553156 0.005
      endloop
   endfacet
   facet normal 0 0 1
      outer loop
         vertex 0.0103923 -0.006375 0.005
         vertex 0.0107659 -0.006375 0.005
         vertex 0.0107675 -0.00636732 0.005
      endloop
   endfacet
   facet normal 0 0 1
      outer loop
         vertex 0.0131777 -0.00525 0.005
         vertex 0.012074 -0.00582612 0.005
         vertex 0.0123984 -0.00604289 0.005
      endloop
   endfacet
   facet normal 0 0 1
      outer loop
         vertex 0.0131777 -0.00525 0.005
         vertex 0.0103923 -0.00525 0.005
         vertex 0.0116913 -0.00575 0.005
      endloop
   endfacet
   facet normal 0 0 1
      outer loop
         vertex 0.0107675 -0.00636732 0.005
         vertex 0.0109842 -0.00604289 0.005
         vertex 0.0103923 -0.00525 0.005
      endloop
   endfacet
   facet normal 0 0 1
      outer loop
         vertex 0.0116913 -0.00575 0.005
         vertex 0.012074 -0.00582612 0.005
         vertex 0.0131777 -0.00525 0.005
      endloop
   endfacet
   facet normal 0 0 1
      outer loop
         vertex 0.0109842 -0.00604289 0.005
         vertex 0.0113087 -0.00582612 0.005
         vertex 0.0103923 -0.00525 0.005
      endloop
   endfacet
   facet normal 0 0 1
      outer loop
         vertex 0.0113087 -0.00582612 0.005
         vertex 0.0116913 -0.00575 0.005
         vertex 0.0103923 -0.00525 0.005
      endloop
   endfacet
   facet normal 0 0 1
      outer loop
         vertex 0.0130291 -0.00878365 0.005
         vertex 0.0123984 -0.00745711 0.005
         vertex 0.012074 -0.00767388 0.005
      endloop
   endfacet
   facet normal 0 0 1
      outer loop
         vertex 0.0103923 -0.00855657 0.005
         vertex 0.0113087 -0.00767388 0.005
         vertex 0.0111913 -0.00761603 0.005
      endloop
   endfacet
   facet normal 0 0 1
      outer loop
         vertex 0.0115316 -0.00891013 0.005
         vertex 0.0116913 -0.00775 0.005
         vertex 0.0113087 -0.00767388 0.005
      endloop
   endfacet
   facet normal 0 0 1
      outer loop
         vertex 0.0122927 -0.0089929 0.005
         vertex 0.012074 -0.00767388 0.005
         vertex 0.0116913 -0.00775 0.005
      endloop
   endfacet
   facet normal 0 0 1
      outer loop
         vertex 0.012074 -0.00767388 0.005
         vertex 0.0122927 -0.0089929 0.005
         vertex 0.0130291 -0.00878365 0.005
      endloop
   endfacet
   facet normal 0 0 1
      outer loop
         vertex 0.013633 -0.00831303 0.005
         vertex 0.0140158 -0.00765 0.005
         vertex 0.0126152 -0.00713268 0.005
      endloop
   endfacet
   facet normal 0 0 1
      outer loop
         vertex 0.0141214 -0.00689172 0.005
         vertex 0.0126913 -0.00675 0.005
         vertex 0.0126152 -0.00713268 0.005
      endloop
   endfacet
   facet normal 0 0 1
      outer loop
         vertex 0.0113087 -0.00767388 0.005
         vertex 0.0103923 -0.00855657 0.005
         vertex 0.0115316 -0.00891013 0.005
      endloop
   endfacet
   facet normal 0 0 1
      outer loop
         vertex 0.0130291 -0.00878365 0.005
         vertex 0.013633 -0.00831303 0.005
         vertex 0.0123984 -0.00745711 0.005
      endloop
   endfacet
   facet normal 0 0 1
      outer loop
         vertex 0.0126152 -0.00713268 0.005
         vertex 0.0140158 -0.00765 0.005
         vertex 0.0141214 -0.00689172 0.005
      endloop
   endfacet
   facet normal 0 0 1
      outer loop
         vertex 0.0111913 -0.00761603 0.005
         vertex 0.0109842 -0.00745711 0.005
         vertex 0.0103923 -0.00855657 0.005
      endloop
   endfacet
   facet normal 0 0 1
      outer loop
         vertex 0.0126152 -0.00713268 0.005
         vertex 0.0123984 -0.00745711 0.005
         vertex 0.013633 -0.00831303 0.005
      endloop
   endfacet
   facet normal 0 0 1
      outer loop
         vertex 0.0103923 -0.006375 0.005
         vertex 0.0103923 -0.00855657 0.005
         vertex 0.0107675 -0.00713268 0.005
      endloop
   endfacet
   facet normal 0 0 1
      outer loop
         vertex 0.0116913 -0.00775 0.005
         vertex 0.0115316 -0.00891013 0.005
         vertex 0.0122927 -0.0089929 0.005
      endloop
   endfacet
   facet normal 0 0 1
      outer loop
         vertex 0.0139913 -0.006375 0.005
         vertex 0.0126168 -0.006375 0.005
         vertex 0.0126913 -0.00675 0.005
      endloop
   endfacet
   facet normal 0 0 1
      outer loop
         vertex 0.0107675 -0.00713268 0.005
         vertex 0.0106913 -0.00675 0.005
         vertex 0.0103923 -0.006375 0.005
      endloop
   endfacet
   facet normal 0 0 1
      outer loop
         vertex 0.0126913 -0.00675 0.005
         vertex 0.0141214 -0.00689172 0.005
         vertex 0.0139913 -0.006375 0.005
      endloop
   endfacet
   facet normal 0 0 1
      outer loop
         vertex 0.0109842 -0.00745711 0.005
         vertex 0.0107675 -0.00713268 0.005
         vertex 0.0103923 -0.00855657 0.005
      endloop
   endfacet
   facet normal 0 0 1
      outer loop
         vertex 0.0103923 -0.00267444 0.005
         vertex 0.00947595 -0.00432612 0.005
         vertex 0.00980037 -0.00454289 0.005
      endloop
   endfacet
   facet normal 0 0 1
      outer loop
         vertex 0.0103923 -0.00267444 0.005
         vertex 0.00779423 -0.000272065 0.005
         vertex 0.00909327 -0.00425 0.005
      endloop
   endfacet
   facet normal 0 0 1
      outer loop
         vertex 0.00779423 -0.000272065 0.005
         vertex 0.00838616 -0.00454289 0.005
         vertex 0.00871058 -0.00432612 0.005
      endloop
   endfacet
   facet normal 0 0 1
      outer loop
         vertex 0.00909327 -0.00425 0.005
         vertex 0.00947595 -0.00432612 0.005
         vertex 0.0103923 -0.00267444 0.005
      endloop
   endfacet
   facet normal 0 0 1
      outer loop
         vertex 0.00779423 -0.000272065 0.005
         vertex 0.00816939 -0.00486732 0.005
         vertex 0.00838616 -0.00454289 0.005
      endloop
   endfacet
   facet normal 0 0 1
      outer loop
         vertex 0.00871058 -0.00432612 0.005
         vertex 0.00909327 -0.00425 0.005
         vertex 0.00779423 -0.000272065 0.005
      endloop
   endfacet
   facet normal 0 0 1
      outer loop
         vertex 0.00779423 -0.00525 0.005
         vertex 0.00809327 -0.00525 0.005
         vertex 0.00816939 -0.00486732 0.005
      endloop
   endfacet
   facet normal 0 0 1
      outer loop
         vertex 0.0103923 -0.00525 0.005
         vertex 0.0103923 -0.00267444 0.005
         vertex 0.0100171 -0.00486732 0.005
      endloop
   endfacet
   facet normal 0 0 1
      outer loop
         vertex 0.00816939 -0.00486732 0.005
         vertex 0.00779423 -0.000272065 0.005
         vertex 0.00779423 -0.00525 0.005
      endloop
   endfacet
   facet normal 0 0 1
      outer loop
         vertex 0.00980037 -0.00454289 0.005
         vertex 0.0100171 -0.00486732 0.005
         vertex 0.0103923 -0.00267444 0.005
      endloop
   endfacet
   facet normal 0 0 1
      outer loop
         vertex 0.00779423 -0.006375 0.005
         vertex 0.00871058 -0.00617388 0.005
         vertex 0.00859327 -0.00611603 0.005
      endloop
   endfacet
   facet normal 0 0 1
      outer loop
         vertex 0.00779423 -0.006375 0.005
         vertex 0.00909327 -0.00625 0.005
         vertex 0.00871058 -0.00617388 0.005
      endloop
   endfacet
   facet normal 0 0 1
      outer loop
         vertex 0.0103923 -0.006375 0.005
         vertex 0.00947595 -0.00617388 0.005
         vertex 0.00909327 -0.00625 0.005
      endloop
   endfacet
   facet normal 0 0 1
      outer loop
         vertex 0.00779423 -0.00525 0.005
         vertex 0.00779423 -0.006375 0.005
         vertex 0.00816939 -0.00563268 0.005
      endloop
   endfacet
   facet normal 0 0 1
      outer loop
         vertex 0.00859327 -0.00611603 0.005
         vertex 0.00838616 -0.00595711 0.005
         vertex 0.00779423 -0.006375 0.005
      endloop
   endfacet
   facet normal 0 0 1
      outer loop
         vertex 0.0103923 -0.006375 0.005
         vertex 0.00980037 -0.00595711 0.005
         vertex 0.00947595 -0.00617388 0.005
      endloop
   endfacet
   facet normal 0 0 1
      outer loop
         vertex 0.00838616 -0.00595711 0.005
         vertex 0.00816939 -0.00563268 0.005
         vertex 0.00779423 -0.006375 0.005
      endloop
   endfacet
   facet normal 0 0 1
      outer loop
         vertex 0.0103923 -0.006375 0.005
         vertex 0.0100171 -0.00563268 0.005
         vertex 0.00980037 -0.00595711 0.005
      endloop
   endfacet
   facet normal 0 0 1
      outer loop
         vertex 0.00909327 -0.00625 0.005
         vertex 0.00779423 -0.006375 0.005
         vertex 0.0103923 -0.006375 0.005
      endloop
   endfacet
   facet normal 0 0 1
      outer loop
         vertex 0.0103923 -0.00525 0.005
         vertex 0.0100933 -0.00525 0.005
         vertex 0.0100171 -0.00563268 0.005
      endloop
   endfacet
   facet normal 0 0 1
      outer loop
         vertex 0.0100171 -0.00563268 0.005
         vertex 0.0103923 -0.006375 0.005
         vertex 0.0103923 -0.00525 0.005
      endloop
   endfacet
   facet normal 0 0 1
      outer loop
         vertex 0.0137415 0.008125 0.005
         vertex 0.0123984 0.00745711 0.005
         vertex 0.0126152 0.00713268 0.005
      endloop
   endfacet
   facet normal 0 0 1
      outer loop
         vertex 0.0137415 0.008125 0.005
         vertex 0.012074 0.00767388 0.005
         vertex 0.0123984 0.00745711 0.005
      endloop
   endfacet
   facet normal 0 0 1
      outer loop
         vertex 0.0137415 0.008125 0.005
         vertex 0.0103923 0.008125 0.005
         vertex 0.0116913 0.00775 0.005
      endloop
   endfacet
   facet normal 0 0 1
      outer loop
         vertex 0.0103923 0.008125 0.005
         vertex 0.0107675 0.00713268 0.005
         vertex 0.0109842 0.00745711 0.005
      endloop
   endfacet
   facet normal 0 0 1
      outer loop
         vertex 0.0116913 0.00775 0.005
         vertex 0.012074 0.00767388 0.005
         vertex 0.0137415 0.008125 0.005
      endloop
   endfacet
   facet normal 0 0 1
      outer loop
         vertex 0.0109842 0.00745711 0.005
         vertex 0.0113087 0.00767388 0.005
         vertex 0.0103923 0.008125 0.005
      endloop
   endfacet
   facet normal 0 0 1
      outer loop
         vertex 0.0103923 0.008125 0.005
         vertex 0.0103923 0.006375 0.005
         vertex 0.0106913 0.00675 0.005
      endloop
   endfacet
   facet normal 0 0 1
      outer loop
         vertex 0.0139913 0.006375 0.005
         vertex 0.0141214 0.00689172 0.005
         vertex 0.0126913 0.00675 0.005
      endloop
   endfacet
   facet normal 0 0 1
      outer loop
         vertex 0.0141214 0.00689172 0.005
         vertex 0.0140158 0.00765 0.005
         vertex 0.0126152 0.00713268 0.005
      endloop
   endfacet
   facet normal 0 0 1
      outer loop
         vertex 0.0113087 0.00767388 0.005
         vertex 0.0116913 0.00775 0.005
         vertex 0.0103923 0.008125 0.005
      endloop
   endfacet
   facet normal 0 0 1
      outer loop
         vertex 0.0103923 0.006375 0.005
         vertex 0.0107659 0.006375 0.005
         vertex 0.0106913 0.00675 0.005
      endloop
   endfacet
   facet normal 0 0 1
      outer loop
         vertex 0.0126152 0.00713268 0.005
         vertex 0.0126913 0.00675 0.005
         vertex 0.0141214 0.00689172 0.005
      endloop
   endfacet
   facet normal 0 0 1
      outer loop
         vertex 0.0106913 0.00675 0.005
         vertex 0.0107675 0.00713268 0.005
         vertex 0.0103923 0.008125 0.005
      endloop
   endfacet
   facet normal 0 0 1
      outer loop
         vertex 0.0126152 0.00713268 0.005
         vertex 0.0140158 0.00765 0.005
         vertex 0.0137415 0.008125 0.005
      endloop
   endfacet
   facet normal 0 0 1
      outer loop
         vertex 0.0103923 0.00525 0.005
         vertex 0.0109842 0.00604289 0.005
         vertex 0.0107675 0.00636732 0.005
      endloop
   endfacet
   facet normal 0 0 1
      outer loop
         vertex 0.0131777 0.00525 0.005
         vertex 0.012074 0.00582612 0.005
         vertex 0.0116913 0.00575 0.005
      endloop
   endfacet
   facet normal 0 0 1
      outer loop
         vertex 0.0131777 0.00525 0.005
         vertex 0.0123984 0.00604289 0.005
         vertex 0.0121913 0.00588397 0.005
      endloop
   endfacet
   facet normal 0 0 1
      outer loop
         vertex 0.0134822 0.00553156 0.005
         vertex 0.0126152 0.00636732 0.005
         vertex 0.0123984 0.00604289 0.005
      endloop
   endfacet
   facet normal 0 0 1
      outer loop
         vertex 0.0103923 0.00525 0.005
         vertex 0.0113087 0.00582612 0.005
         vertex 0.0109842 0.00604289 0.005
      endloop
   endfacet
   facet normal 0 0 1
      outer loop
         vertex 0.0121913 0.00588397 0.005
         vertex 0.012074 0.00582612 0.005
         vertex 0.0131777 0.00525 0.005
      endloop
   endfacet
   facet normal 0 0 1
      outer loop
         vertex 0.0123984 0.00604289 0.005
         vertex 0.0131777 0.00525 0.005
         vertex 0.0134822 0.00553156 0.005
      endloop
   endfacet
   facet normal 0 0 1
      outer loop
         vertex 0.0103923 0.00525 0.005
         vertex 0.0116913 0.00575 0.005
         vertex 0.0113087 0.00582612 0.005
      endloop
   endfacet
   facet normal 0 0 1
      outer loop
         vertex 0.0134822 0.00553156 0.005
         vertex 0.0139344 0.00614932 0.005
         vertex 0.0126152 0.00636732 0.005
      endloop
   endfacet
   facet normal 0 0 1
      outer loop
         vertex 0.0116913 0.00575 0.005
         vertex 0.0103923 0.00525 0.005
         vertex 0.0131777 0.00525 0.005
      endloop
   endfacet
   facet normal 0 0 1
      outer loop
         vertex 0.0139344 0.00614932 0.005
         vertex 0.0139913 0.006375 0.005
         vertex 0.0126168 0.006375 0.005
      endloop
   endfacet
   facet normal 0 0 1
      outer loop
         vertex 0.0126168 0.006375 0.005
         vertex 0.0126152 0.00636732 0.005
         vertex 0.0139344 0.00614932 0.005
      endloop
   endfacet
   facet normal 0 0 1
      outer loop
         vertex 0.0107675 0.00636732 0.005
         vertex 0.0103923 0.006375 0.005
         vertex 0.0103923 0.00525 0.005
      endloop
   endfacet
   facet normal 0 0 1
      outer loop
         vertex 0.0103923 0.006375 0.005
         vertex 0.00947595 0.00617388 0.005
         vertex 0.00980037 0.00595711 0.005
      endloop
   endfacet
   facet normal 0 0 1
      outer loop
         vertex 0.0103923 0.006375 0.005
         vertex 0.00779423 0.006375 0.005
         vertex 0.00909327 0.00625 0.005
      endloop
   endfacet
   facet normal 0 0 1
      outer loop
         vertex 0.00779423 0.006375 0.005
         vertex 0.00816939 0.00563268 0.005
         vertex 0.00838616 0.00595711 0.005
      endloop
   endfacet
   facet normal 0 0 1
      outer loop
         vertex 0.00909327 0.00625 0.005
         vertex 0.00947595 0.00617388 0.005
         vertex 0.0103923 0.006375 0.005
      endloop
   endfacet
   facet normal 0 0 1
      outer loop
         vertex 0.00838616 0.00595711 0.005
         vertex 0.00871058 0.00617388 0.005
         vertex 0.00779423 0.006375 0.005
      endloop
   endfacet
   facet normal 0 0 1
      outer loop
         vertex 0.00871058 0.00617388 0.005
         vertex 0.00909327 0.00625 0.005
         vertex 0.00779423 0.006375 0.005
      endloop
   endfacet
   facet normal 0 0 1
      outer loop
         vertex 0.00779423 0.00525 0.005
         vertex 0.00809327 0.00525 0.005
         vertex 0.00816939 0.00563268 0.005
      endloop
   endfacet
   facet normal 0 0 1
      outer loop
         vertex 0.0103923 0.00525 0.005
         vertex 0.0103923 0.006375 0.005
         vertex 0.0100171 0.00563268 0.005
      endloop
   endfacet
   facet normal 0 0 1
      outer loop
         vertex 0.00816939 0.00563268 0.005
         vertex 0.00779423 0.006375 0.005
         vertex 0.00779423 0.00525 0.005
      endloop
   endfacet
   facet normal 0 0 1
      outer loop
         vertex 0.00980037 0.00595711 0.005
         vertex 0.0100171 0.00563268 0.005
         vertex 0.0103923 0.006375 0.005
      endloop
   endfacet
   facet normal 0 0 1
      outer loop
         vertex 0.00779423 0.00525 0.005
         vertex 0.00779423 0.0035 0.005
         vertex 0.00816939 0.00486732 0.005
      endloop
   endfacet
   facet normal 0 0 1
      outer loop
         vertex 0.00779423 0.0035 0.005
         vertex 0.00838616 0.00454289 0.005
         vertex 0.00816939 0.00486732 0.005
      endloop
   endfacet
   facet normal 0 0 1
      outer loop
         vertex 0.0103923 0.0035 0.005
         vertex 0.00947595 0.00432612 0.005
         vertex 0.00909327 0.00425 0.005
      endloop
   endfacet
   facet normal 0 0 1
      outer loop
         vertex 0.0103923 0.0035 0.005
         vertex 0.00980037 0.00454289 0.005
         vertex 0.00959327 0.00438397 0.005
      endloop
   endfacet
   facet normal 0 0 1
      outer loop
         vertex 0.00779423 0.0035 0.005
         vertex 0.00871058 0.00432612 0.005
         vertex 0.00838616 0.00454289 0.005
      endloop
   endfacet
   facet normal 0 0 1
      outer loop
         vertex 0.00959327 0.00438397 0.005
         vertex 0.00947595 0.00432612 0.005
         vertex 0.0103923 0.0035 0.005
      endloop
   endfacet
   facet normal 0 0 1
      outer loop
         vertex 0.00779423 0.0035 0.005
         vertex 0.00909327 0.00425 0.005
         vertex 0.00871058 0.00432612 0.005
      endloop
   endfacet
   facet normal 0 0 1
      outer loop
         vertex 0.0103923 0.0035 0.005
         vertex 0.0100171 0.00486732 0.005
         vertex 0.00980037 0.00454289 0.005
      endloop
   endfacet
   facet normal 0 0 1
      outer loop
         vertex 0.00909327 0.00425 0.005
         vertex 0.00779423 0.0035 0.005
         vertex 0.0103923 0.0035 0.005
      endloop
   endfacet
   facet normal 0 0 1
      outer loop
         vertex 0.0103923 0.00525 0.005
         vertex 0.0100933 0.00525 0.005
         vertex 0.0100171 0.00486732 0.005
      endloop
   endfacet
   facet normal 0 0 1
      outer loop
         vertex 0.0100171 0.00486732 0.005
         vertex 0.0103923 0.0035 0.005
         vertex 0.0103923 0.00525 0.005
      endloop
   endfacet
   facet normal 0 0 1
      outer loop
         vertex 0.0051226 0.00525 0.005
         vertex 0.00557131 0.00413268 0.005
         vertex 0.00578808 0.00445711 0.005
      endloop
   endfacet
   facet normal 0 0 1
      outer loop
         vertex 0.0051226 0.0035 0.005
         vertex 0.00549519 0.00375 0.005
         vertex 0.00557131 0.00413268 0.005
      endloop
   endfacet
   facet normal 0 0 1
      outer loop
         vertex 0.00779423 0.0035 0.005
         vertex 0.00779423 0.00525 0.005
         vertex 0.00741907 0.00413268 0.005
      endloop
   endfacet
   facet normal 0 0 1
      outer loop
         vertex 0.00779423 0.00525 0.005
         vertex 0.00649519 0.00475 0.005
         vertex 0.00687787 0.00467388 0.005
      endloop
   endfacet
   facet normal 0 0 1
      outer loop
         vertex 0.0051226 0.00525 0.005
         vertex 0.00611251 0.00467388 0.005
         vertex 0.00649519 0.00475 0.005
      endloop
   endfacet
   facet normal 0 0 1
      outer loop
         vertex 0.00557131 0.00413268 0.005
         vertex 0.0051226 0.00525 0.005
         vertex 0.0051226 0.0035 0.005
      endloop
   endfacet
   facet normal 0 0 1
      outer loop
         vertex 0.00779423 0.00525 0.005
         vertex 0.0072023 0.00445711 0.005
         vertex 0.00741907 0.00413268 0.005
      endloop
   endfacet
   facet normal 0 0 1
      outer loop
         vertex 0.00649519 0.00475 0.005
         vertex 0.00779423 0.00525 0.005
         vertex 0.0051226 0.00525 0.005
      endloop
   endfacet
   facet normal 0 0 1
      outer loop
         vertex 0.0051226 0.0035 0.005
         vertex 0.00554492 0.0035 0.005
         vertex 0.00549519 0.00375 0.005
      endloop
   endfacet
   facet normal 0 0 1
      outer loop
         vertex 0.00741907 0.00413268 0.005
         vertex 0.00749519 0.00375 0.005
         vertex 0.00779423 0.0035 0.005
      endloop
   endfacet
   facet normal 0 0 1
      outer loop
         vertex 0.00578808 0.00445711 0.005
         vertex 0.00611251 0.00467388 0.005
         vertex 0.0051226 0.00525 0.005
      endloop
   endfacet
   facet normal 0 0 1
      outer loop
         vertex 0.00687787 0.00467388 0.005
         vertex 0.0072023 0.00445711 0.005
         vertex 0.00779423 0.00525 0.005
      endloop
   endfacet
   facet normal 0 0 1
      outer loop
         vertex 0.00649519 0.00275 0.005
         vertex 0.0075 7.84962e-17 0.005
         vertex 0.00779423 0.000272065 0.005
      endloop
   endfacet
   facet normal 0 0 1
      outer loop
         vertex 0.00779423 0.000272065 0.005
         vertex 0.0072023 0.00304289 0.005
         vertex 0.00699519 0.00288397 0.005
      endloop
   endfacet
   facet normal 0 0 1
      outer loop
         vertex 0.00699519 0.00288397 0.005
         vertex 0.00687787 0.00282612 0.005
         vertex 0.00779423 0.000272065 0.005
      endloop
   endfacet
   facet normal 0 0 1
      outer loop
         vertex 0.00779423 0.000272065 0.005
         vertex 0.00779423 0.0035 0.005
         vertex 0.00741907 0.00336732 0.005
      endloop
   endfacet
   facet normal 0 0 1
      outer loop
         vertex 0.0051226 0 0.005
         vertex 0.0075 7.84962e-17 0.005
         vertex 0.00649519 0.00275 0.005
      endloop
   endfacet
   facet normal 0 0 1
      outer loop
         vertex 0.00741907 0.00336732 0.005
         vertex 0.0072023 0.00304289 0.005
         vertex 0.00779423 0.000272065 0.005
      endloop
   endfacet
   facet normal 0 0 1
      outer loop
         vertex 0.0051226 0 0.005
         vertex 0.00578808 0.00304289 0.005
         vertex 0.00557131 0.00336732 0.005
      endloop
   endfacet
   facet normal 0 0 1
      outer loop
         vertex 0.00649519 0.00275 0.005
         vertex 0.00611251 0.00282612 0.005
         vertex 0.0051226 0 0.005
      endloop
   endfacet
   facet normal 0 0 1
      outer loop
         vertex 0.00779423 0.0035 0.005
         vertex 0.00744546 0.0035 0.005
         vertex 0.00741907 0.00336732 0.005
      endloop
   endfacet
   facet normal 0 0 1
      outer loop
         vertex 0.00557131 0.00336732 0.005
         vertex 0.0051226 0.0035 0.005
         vertex 0.0051226 0 0.005
      endloop
   endfacet
   facet normal 0 0 1
      outer loop
         vertex 0.00779423 0.000272065 0.005
         vertex 0.00687787 0.00282612 0.005
         vertex 0.00649519 0.00275 0.005
      endloop
   endfacet
   facet normal 0 0 1
      outer loop
         vertex 0.00611251 0.00282612 0.005
         vertex 0.00578808 0.00304289 0.005
         vertex 0.0051226 0 0.005
      endloop
   endfacet
   facet normal 0 0 1
      outer loop
         vertex 0.00557131 0.00336732 0.005
         vertex 0.00554492 0.0035 0.005
         vertex 0.0051226 0.0035 0.005
      endloop
   endfacet
   facet normal 0 0 1
      outer loop
         vertex 0.00749519 0.00375 0.005
         vertex 0.00744546 0.0035 0.005
         vertex 0.00779423 0.0035 0.005
      endloop
   endfacet
   facet normal 0 0 1
      outer loop
         vertex 0.00816939 0.00486732 0.005
         vertex 0.00809327 0.00525 0.005
         vertex 0.00779423 0.00525 0.005
      endloop
   endfacet
   facet normal 0 0 1
      outer loop
         vertex 0.0100171 0.00563268 0.005
         vertex 0.0100933 0.00525 0.005
         vertex 0.0103923 0.00525 0.005
      endloop
   endfacet
   facet normal 0 0 1
      outer loop
         vertex 0.0107675 0.00636732 0.005
         vertex 0.0107659 0.006375 0.005
         vertex 0.0103923 0.006375 0.005
      endloop
   endfacet
   facet normal 0 0 1
      outer loop
         vertex 0.0126913 0.00675 0.005
         vertex 0.0126168 0.006375 0.005
         vertex 0.0139913 0.006375 0.005
      endloop
   endfacet
   facet normal 0 0 1
      outer loop
         vertex 0.00816939 -0.00563268 0.005
         vertex 0.00809327 -0.00525 0.005
         vertex 0.00779423 -0.00525 0.005
      endloop
   endfacet
   facet normal 0 0 1
      outer loop
         vertex 0.0100171 -0.00486732 0.005
         vertex 0.0100933 -0.00525 0.005
         vertex 0.0103923 -0.00525 0.005
      endloop
   endfacet
   facet normal 0 0 1
      outer loop
         vertex 0.0106913 -0.00675 0.005
         vertex 0.0107659 -0.006375 0.005
         vertex 0.0103923 -0.006375 0.005
      endloop
   endfacet
   facet normal 0 0 1
      outer loop
         vertex 0.0126168 -0.006375 0.005
         vertex 0.0139913 -0.006375 0.005
         vertex 0.0139344 -0.00614932 0.005
      endloop
   endfacet
   facet normal 0 0 1
      outer loop
         vertex -0.00816939 -0.00486732 0.005
         vertex -0.00809327 -0.00525 0.005
         vertex -0.00779423 -0.00525 0.005
      endloop
   endfacet
   facet normal 0 0 1
      outer loop
         vertex -0.0100171 -0.00563268 0.005
         vertex -0.0100933 -0.00525 0.005
         vertex -0.0103923 -0.00525 0.005
      endloop
   endfacet
   facet normal 0 0 1
      outer loop
         vertex -0.0107675 -0.00636732 0.005
         vertex -0.0107659 -0.006375 0.005
         vertex -0.0103923 -0.006375 0.005
      endloop
   endfacet
   facet normal 0 0 1
      outer loop
         vertex -0.0126913 -0.00675 0.005
         vertex -0.0126168 -0.006375 0.005
         vertex -0.0134078 -0.006375 0.005
      endloop
   endfacet
   facet normal 0 0 1
      outer loop
         vertex -0.00314737 0.0035 0.005
         vertex -0.002875 0.00368199 0.005
         vertex -0.00549519 0.00375 0.005
      endloop
   endfacet
   facet normal 0 0 1
      outer loop
         vertex -0.00741907 0.00336732 0.005
         vertex -0.00744546 0.0035 0.005
         vertex -0.00779423 0.0035 0.005
      endloop
   endfacet
   facet normal 0 0 1
      outer loop
         vertex -0.00816939 0.00563268 0.005
         vertex -0.00809327 0.00525 0.005
         vertex -0.00779423 0.00525 0.005
      endloop
   endfacet
   facet normal 0 0 1
      outer loop
         vertex -0.0100171 0.00486732 0.005
         vertex -0.0100933 0.00525 0.005
         vertex -0.0103923 0.00525 0.005
      endloop
   endfacet
   facet normal 0 0 1
      outer loop
         vertex -0.0106913 0.00675 0.005
         vertex -0.0107659 0.006375 0.005
         vertex -0.0103923 0.006375 0.005
      endloop
   endfacet
   facet normal 0 0 1
      outer loop
         vertex -0.0126152 0.00636732 0.005
         vertex -0.0126168 0.006375 0.005
         vertex -0.0134078 0.006375 0.005
      endloop
   endfacet
   facet normal 0 0 1
      outer loop
         vertex -0.00092388 0.00788268 0.005
         vertex -0.000761969 0.008125 0.005
         vertex -0.002875 0.008125 0.005
      endloop
   endfacet
   facet normal 0 0 1
      outer loop
         vertex 0.001 0.0105 0.005
         vertex 0.00338095 0.008125 0.005
         vertex 0.00250351 0.012 0.005
      endloop
   endfacet
   facet normal 0 0 1
      outer loop
         vertex 0.00092388 0.0138827 0.005
         vertex 0.001 0.0135 0.005
         vertex 0.00195062 0.0144417 0.005
      endloop
   endfacet
   facet normal 0 0 1
      outer loop
         vertex 0.0051226 0.00692116 0.005
         vertex 0.0051226 0.006375 0.005
         vertex 0.00779423 0.006375 0.005
      endloop
   endfacet
   facet normal 0 0 1
      outer loop
         vertex 0.00900167 0.008125 0.005
         vertex 0.00779423 0.00775028 0.005
         vertex 0.00779423 0.006375 0.005
      endloop
   endfacet
   facet normal 0 0 1
      outer loop
         vertex 0.00900167 0.008125 0.005
         vertex 0.0103923 0.008125 0.005
         vertex 0.0103923 0.00855657 0.005
      endloop
   endfacet
   facet normal 0 0 1
      outer loop
         vertex 0.0115316 0.00891013 0.005
         vertex 0.0103923 0.00855657 0.005
         vertex 0.0103923 0.008125 0.005
      endloop
   endfacet
   facet normal 0 0 1
      outer loop
         vertex 0.0112851 0.0035 0.005
         vertex 0.0131777 0.00525 0.005
         vertex 0.0103923 0.00525 0.005
      endloop
   endfacet
   facet normal 0 0 1
      outer loop
         vertex 0.0112851 0.0035 0.005
         vertex 0.0103923 0.0035 0.005
         vertex 0.0103923 0.00267444 0.005
      endloop
   endfacet
   facet normal 0 0 1
      outer loop
         vertex 0.0103923 0.00267444 0.005
         vertex 0.0103923 0.0035 0.005
         vertex 0.00779423 0.0035 0.005
      endloop
   endfacet
   facet normal 0 0 1
      outer loop
         vertex 0.00749519 -0.00375 0.005
         vertex 0.00779423 -0.00525 0.005
         vertex 0.00779423 -0.000272065 0.005
      endloop
   endfacet
   facet normal 0 0 1
      outer loop
         vertex 0.0103923 -0.00267444 0.005
         vertex 0.0103923 -0.00525 0.005
         vertex 0.0131777 -0.00525 0.005
      endloop
   endfacet
   facet normal 0 0 1
      outer loop
         vertex 0.00779423 -0.00775028 0.005
         vertex 0.0103923 -0.00855657 0.005
         vertex 0.0103923 -0.006375 0.005
      endloop
   endfacet
   facet normal 0 0 1
      outer loop
         vertex 0.0051226 -0.00692116 0.005
         vertex 0.00779423 -0.00775028 0.005
         vertex 0.00779423 -0.006375 0.005
      endloop
   endfacet
   facet normal 0 0 1
      outer loop
         vertex 0.00375 -0.00649519 0.005
         vertex 0.0051226 -0.00692116 0.005
         vertex 0.0051226 -0.006375 0.005
      endloop
   endfacet
   facet normal 0 0 1
      outer loop
         vertex 0.00092388 -0.0101173 0.005
         vertex 0.001 -0.0105 0.005
         vertex 0.00318282 -0.009 0.005
      endloop
   endfacet
   facet normal 0 0 1
      outer loop
         vertex 0.001 -0.0135 0.005
         vertex 0.00195062 -0.0144417 0.005
         vertex 0.00250351 -0.012 0.005
      endloop
   endfacet
   facet normal 0 0 1
      outer loop
         vertex -0.002875 -0.0103594 0.005
         vertex -0.002875 -0.009 0.005
         vertex -0.00318282 -0.009 0.005
      endloop
   endfacet
   facet normal 0 0 1
      outer loop
         vertex -0.00318282 -0.009 0.005
         vertex -0.002875 -0.009 0.005
         vertex -0.002875 -0.006375 0.005
      endloop
   endfacet
   facet normal 0 0 1
      outer loop
         vertex -0.00779423 -0.00775028 0.005
         vertex -0.00779423 -0.006375 0.005
         vertex -0.0103923 -0.006375 0.005
      endloop
   endfacet
   facet normal 0 0 1
      outer loop
         vertex -0.013633 -0.00831303 0.005
         vertex -0.0134078 -0.00848849 0.005
         vertex -0.0134078 -0.006375 0.005
      endloop
   endfacet
   facet normal 0 0 1
      outer loop
         vertex -0.0139344 -0.00614932 0.005
         vertex -0.0139913 -0.006375 0.005
         vertex -0.0134078 -0.006375 0.005
      endloop
   endfacet
   facet normal 0 0 1
      outer loop
         vertex -0.0131777 -0.00525 0.005
         vertex -0.0103923 -0.00525 0.005
         vertex -0.0103923 -0.00267444 0.005
      endloop
   endfacet
   facet normal 0 0 1
      outer loop
         vertex -0.00557131 -0.00336732 0.005
         vertex -0.00549519 -0.00375 0.005
         vertex -0.00335876 -0.00335876 0.005
      endloop
   endfacet
   facet normal 0 0 1
      outer loop
         vertex -0.0103923 0.00267444 0.005
         vertex -0.00779423 0.000272065 0.005
         vertex -0.00779423 0.0035 0.005
      endloop
   endfacet
   facet normal 0 0 1
      outer loop
         vertex -0.0103923 0.00267444 0.005
         vertex -0.0103923 0.0035 0.005
         vertex -0.0112851 0.0035 0.005
      endloop
   endfacet
   facet normal 0 0 1
      outer loop
         vertex -0.0112851 0.0035 0.005
         vertex -0.0103923 0.0035 0.005
         vertex -0.0103923 0.00525 0.005
      endloop
   endfacet
   facet normal 0 0 1
      outer loop
         vertex -0.0134822 0.00553156 0.005
         vertex -0.0134078 0.00546283 0.005
         vertex -0.0134078 0.006375 0.005
      endloop
   endfacet
   facet normal 0 0 1
      outer loop
         vertex -0.0141214 0.00689172 0.005
         vertex -0.0139913 0.006375 0.005
         vertex -0.0134078 0.006375 0.005
      endloop
   endfacet
   facet normal 0 0 1
      outer loop
         vertex -0.013633 0.00831303 0.005
         vertex -0.0137415 0.008125 0.005
         vertex -0.0134078 0.008125 0.005
      endloop
   endfacet
   facet normal 0 0 1
      outer loop
         vertex -0.0130291 0.00878365 0.005
         vertex -0.0134078 0.00848849 0.005
         vertex -0.0134078 0.008125 0.005
      endloop
   endfacet
   facet normal 0 0 1
      outer loop
         vertex -0.0103923 0.00855657 0.005
         vertex -0.0103923 0.008125 0.005
         vertex -0.00900167 0.008125 0.005
      endloop
   endfacet
   facet normal 0 0 1
      outer loop
         vertex -0.00900167 0.008125 0.005
         vertex -0.0103923 0.008125 0.005
         vertex -0.0103923 0.006375 0.005
      endloop
   endfacet
   facet normal 0 0 1
      outer loop
         vertex -0.00375 0.00649519 0.005
         vertex -0.00779423 0.00775028 0.005
         vertex -0.00779423 0.006375 0.005
      endloop
   endfacet
   facet normal 0 0 1
      outer loop
         vertex -0.00338095 0.008125 0.005
         vertex -0.002875 0.008125 0.005
         vertex -0.002875 0.0103594 0.005
      endloop
   endfacet
   facet normal 0 0 1
      outer loop
         vertex 0.00438843 0.00181775 0.005
         vertex 0.00475 -1.16341e-18 0.005
         vertex 0.0051226 0 0.005
      endloop
   endfacet
   facet normal 0 0 1
      outer loop
         vertex 0.00314737 0.0035 0.005
         vertex 0.0051226 0.0035 0.005
         vertex 0.0051226 0.00525 0.005
      endloop
   endfacet
   facet normal 0 0 1
      outer loop
         vertex -0.00181775 -0.00438843 0.005
         vertex -0.002875 -0.00368199 0.005
         vertex -0.002875 -0.00525 0.005
      endloop
   endfacet
   facet normal 0 0 1
      outer loop
         vertex 0.00779423 0.00525 0.005
         vertex 0.00779423 0.006375 0.005
         vertex 0.0051226 0.006375 0.005
      endloop
   endfacet
   facet normal 0 0 1
      outer loop
         vertex 0.0051226 0.00525 0.005
         vertex 0.0051226 0.006375 0.005
         vertex -0.002875 0.006375 0.005
      endloop
   endfacet
   facet normal 0 0 1
      outer loop
         vertex -0.002875 0.00525 0.005
         vertex -0.002875 0.006375 0.005
         vertex -0.00779423 0.006375 0.005
      endloop
   endfacet
   facet normal 0 0 1
      outer loop
         vertex 0.00779423 -0.006375 0.005
         vertex 0.00779423 -0.00525 0.005
         vertex 0.0051226 -0.00525 0.005
      endloop
   endfacet
   facet normal 0 0 1
      outer loop
         vertex 0.0051226 -0.006375 0.005
         vertex 0.0051226 -0.00525 0.005
         vertex -0.002875 -0.00525 0.005
      endloop
   endfacet
   facet normal 0 0 1
      outer loop
         vertex -0.002875 -0.006375 0.005
         vertex -0.002875 -0.00525 0.005
         vertex -0.00779423 -0.00525 0.005
      endloop
   endfacet
   facet normal 0.678913 -0.734219 0
      outer loop
         vertex 0.0134822 0.00553156 0.005
         vertex 0.0134822 0.00553156 0.003
         vertex 0.0139344 0.00614932 0.003
      endloop
   endfacet
   facet normal 0.998533 -0.0541381 0
      outer loop
         vertex 0.0141214 0.00689172 0.005
         vertex 0.0139913 0.006375 0.005
         vertex 0.0139913 0.006375 0.003
      endloop
   endfacet
   facet normal 0.905033 -0.425342 0
      outer loop
         vertex 0.0139344 0.00614932 0.003
         vertex 0.0139913 0.006375 0.003
         vertex 0.0139913 0.006375 0.005
      endloop
   endfacet
   facet normal 0.948272 -0.31746 0
      outer loop
         vertex 0.0139913 0.006375 0.005
         vertex 0.0139344 0.00614932 0.005
         vertex 0.0139344 0.00614932 0.003
      endloop
   endfacet
   facet normal 0.998533 -0.0541381 0
      outer loop
         vertex 0.0141214 0.00689172 0.005
         vertex 0.0141214 0.00689172 0.003
         vertex 0.0140158 0.00765 0.003
      endloop
   endfacet
   facet normal 0.754315 0.656513 0
      outer loop
         vertex 0.013633 0.00831303 0.005
         vertex 0.0137415 0.008125 0.005
         vertex 0.0137415 0.008125 0.003
      endloop
   endfacet
   facet normal 0.945714 0.324999 0
      outer loop
         vertex 0.0140158 0.00765 0.003
         vertex 0.0137415 0.008125 0.003
         vertex 0.0137415 0.008125 0.005
      endloop
   endfacet
   facet normal 0.820905 0.571065 0
      outer loop
         vertex 0.0137415 0.008125 0.005
         vertex 0.0140158 0.00765 0.005
         vertex 0.0140158 0.00765 0.003
      endloop
   endfacet
   facet normal 0.452382 0.891824 0
      outer loop
         vertex 0.0130291 0.00878365 0.005
         vertex 0.013633 0.00831303 0.005
         vertex 0.0134078 0.00848849 0.003
      endloop
   endfacet
   facet normal 0.754315 0.656513 0
      outer loop
         vertex 0.013633 0.00831303 0.005
         vertex 0.013633 0.00831303 0.003
         vertex 0.0134078 0.00848849 0.003
      endloop
   endfacet
   facet normal 0.452382 0.891824 0
      outer loop
         vertex 0.0130291 0.00878365 0.005
         vertex 0.0130291 0.00878365 0.003
         vertex 0.0122927 0.0089929 0.003
      endloop
   endfacet
   facet normal 0.084159 0.996452 0
      outer loop
         vertex 0.0122927 0.0089929 0.005
         vertex 0.0122927 0.0089929 0.003
         vertex 0.0115316 0.00891013 0.003
      endloop
   endfacet
   facet normal -0.296396 0.955065 0
      outer loop
         vertex 0.0115316 0.00891013 0.003
         vertex 0.0115316 0.00891013 0.005
         vertex 0.0122927 0.0089929 0.005
      endloop
   endfacet
   facet normal 0.084159 0.996452 0
      outer loop
         vertex 0.0122927 0.0089929 0.003
         vertex 0.0122927 0.0089929 0.005
         vertex 0.0130291 0.00878365 0.005
      endloop
   endfacet
   facet normal 0.653032 0.75733 0
      outer loop
         vertex 0.0134078 0.00848849 0.003
         vertex 0.0130291 0.00878365 0.003
         vertex 0.0130291 0.00878365 0.005
      endloop
   endfacet
   facet normal 0.820905 0.571065 0
      outer loop
         vertex 0.0137415 0.008125 0.003
         vertex 0.013633 0.00831303 0.003
         vertex 0.013633 0.00831303 0.005
      endloop
   endfacet
   facet normal 0.945714 0.324999 0
      outer loop
         vertex 0.0140158 0.00765 0.003
         vertex 0.0140158 0.00765 0.005
         vertex 0.0141214 0.00689172 0.005
      endloop
   endfacet
   facet normal 0.948272 -0.31746 0
      outer loop
         vertex 0.0139913 0.006375 0.003
         vertex 0.0141214 0.00689172 0.003
         vertex 0.0141214 0.00689172 0.005
      endloop
   endfacet
   facet normal 0.905033 -0.425342 0
      outer loop
         vertex 0.0139344 0.00614932 0.003
         vertex 0.0139344 0.00614932 0.005
         vertex 0.0134822 0.00553156 0.005
      endloop
   endfacet
   facet normal -0.296396 -0.955065 0
      outer loop
         vertex 0.0115316 -0.00891013 0.005
         vertex 0.0115316 -0.00891013 0.003
         vertex 0.0122927 -0.0089929 0.003
      endloop
   endfacet
   facet normal 0.084159 -0.996452 0
      outer loop
         vertex 0.0122927 -0.0089929 0.005
         vertex 0.0122927 -0.0089929 0.003
         vertex 0.0130291 -0.00878365 0.003
      endloop
   endfacet
   facet normal 0.452382 -0.891824 0
      outer loop
         vertex 0.0130291 -0.00878365 0.005
         vertex 0.0130291 -0.00878365 0.003
         vertex 0.0134078 -0.00848849 0.003
      endloop
   endfacet
   facet normal 0.653032 -0.75733 0
      outer loop
         vertex 0.0134078 -0.00848849 0.003
         vertex 0.013633 -0.00831303 0.005
         vertex 0.0130291 -0.00878365 0.005
      endloop
   endfacet
   facet normal 0.754315 -0.656513 0
      outer loop
         vertex 0.013633 -0.00831303 0.005
         vertex 0.013633 -0.00831303 0.003
         vertex 0.0140158 -0.00765 0.003
      endloop
   endfacet
   facet normal 0.945714 -0.324999 0
      outer loop
         vertex 0.0140158 -0.00765 0.005
         vertex 0.0140158 -0.00765 0.003
         vertex 0.0141214 -0.00689172 0.003
      endloop
   endfacet
   facet normal 0.905033 0.425342 0
      outer loop
         vertex 0.0139344 -0.00614932 0.005
         vertex 0.0139913 -0.006375 0.005
         vertex 0.0139913 -0.006375 0.003
      endloop
   endfacet
   facet normal 0.998533 0.0541381 0
      outer loop
         vertex 0.0141214 -0.00689172 0.003
         vertex 0.0139913 -0.006375 0.003
         vertex 0.0139913 -0.006375 0.005
      endloop
   endfacet
   facet normal 0.948272 0.31746 0
      outer loop
         vertex 0.0139913 -0.006375 0.005
         vertex 0.0141214 -0.00689172 0.005
         vertex 0.0141214 -0.00689172 0.003
      endloop
   endfacet
   facet normal 0.905033 0.425342 0
      outer loop
         vertex 0.0139344 -0.00614932 0.005
         vertex 0.0139344 -0.00614932 0.003
         vertex 0.0134822 -0.00553156 0.003
      endloop
   endfacet
   facet normal 0.678913 0.734219 0
      outer loop
         vertex 0.0134822 -0.00553156 0.003
         vertex 0.0134822 -0.00553156 0.005
         vertex 0.0139344 -0.00614932 0.005
      endloop
   endfacet
   facet normal 0.948272 0.31746 0
      outer loop
         vertex 0.0139913 -0.006375 0.003
         vertex 0.0139344 -0.00614932 0.003
         vertex 0.0139344 -0.00614932 0.005
      endloop
   endfacet
   facet normal 0.998533 0.0541381 0
      outer loop
         vertex 0.0141214 -0.00689172 0.003
         vertex 0.0141214 -0.00689172 0.005
         vertex 0.0140158 -0.00765 0.005
      endloop
   endfacet
   facet normal 0.945714 -0.324999 0
      outer loop
         vertex 0.0140158 -0.00765 0.003
         vertex 0.0140158 -0.00765 0.005
         vertex 0.013633 -0.00831303 0.005
      endloop
   endfacet
   facet normal 0.653032 -0.75733 0
      outer loop
         vertex 0.0134078 -0.00848849 0.003
         vertex 0.013633 -0.00831303 0.003
         vertex 0.013633 -0.00831303 0.005
      endloop
   endfacet
   facet normal 0.452382 -0.891824 0
      outer loop
         vertex 0.0130291 -0.00878365 0.003
         vertex 0.0130291 -0.00878365 0.005
         vertex 0.0122927 -0.0089929 0.005
      endloop
   endfacet
   facet normal 0.084159 -0.996452 0
      outer loop
         vertex 0.0122927 -0.0089929 0.003
         vertex 0.0122927 -0.0089929 0.005
         vertex 0.0115316 -0.00891013 0.005
      endloop
   endfacet
   facet normal 0.975309 0.220846 0
      outer loop
         vertex 0.00195062 0.0144417 0.005
         vertex 0.00195062 0.0144417 0.003
         vertex 0.00164175 0.0151422 0.003
      endloop
   endfacet
   facet normal 0.820874 0.57111 0
      outer loop
         vertex 0.00164175 0.0151422 0.005
         vertex 0.00164175 0.0151422 0.003
         vertex 0.0010923 0.0156754 0.003
      endloop
   endfacet
   facet normal 0.546152 0.837686 0
      outer loop
         vertex 0.0010923 0.0156754 0.005
         vertex 0.0010923 0.0156754 0.003
         vertex 0.000382799 0.015963 0.003
      endloop
   endfacet
   facet normal 0.191399 0.981512 0
      outer loop
         vertex 0.000382799 0.015963 0.005
         vertex 0.000382799 0.015963 0.003
         vertex -0.000382799 0.015963 0.003
      endloop
   endfacet
   facet normal -0.191399 0.981512 0
      outer loop
         vertex -0.000382799 0.015963 0.005
         vertex -0.000382799 0.015963 0.003
         vertex -0.0010923 0.0156754 0.003
      endloop
   endfacet
   facet normal -0.546152 0.837686 0
      outer loop
         vertex -0.0010923 0.0156754 0.005
         vertex -0.0010923 0.0156754 0.003
         vertex -0.00164175 0.0151422 0.003
      endloop
   endfacet
   facet normal -0.820874 0.57111 0
      outer loop
         vertex -0.00164175 0.0151422 0.005
         vertex -0.00164175 0.0151422 0.003
         vertex -0.00195062 0.0144417 0.003
      endloop
   endfacet
   facet normal -0.975309 0.220846 0
      outer loop
         vertex -0.00195062 0.0144417 0.003
         vertex -0.00195062 0.0144417 0.005
         vertex -0.00164175 0.0151422 0.005
      endloop
   endfacet
   facet normal -0.820874 0.57111 0
      outer loop
         vertex -0.00164175 0.0151422 0.003
         vertex -0.00164175 0.0151422 0.005
         vertex -0.0010923 0.0156754 0.005
      endloop
   endfacet
   facet normal -0.546152 0.837686 0
      outer loop
         vertex -0.0010923 0.0156754 0.003
         vertex -0.0010923 0.0156754 0.005
         vertex -0.000382799 0.015963 0.005
      endloop
   endfacet
   facet normal -0.191399 0.981512 0
      outer loop
         vertex -0.000382799 0.015963 0.003
         vertex -0.000382799 0.015963 0.005
         vertex 0.000382799 0.015963 0.005
      endloop
   endfacet
   facet normal 0.191399 0.981512 0
      outer loop
         vertex 0.000382799 0.015963 0.003
         vertex 0.000382799 0.015963 0.005
         vertex 0.0010923 0.0156754 0.005
      endloop
   endfacet
   facet normal 0.546152 0.837686 0
      outer loop
         vertex 0.0010923 0.0156754 0.003
         vertex 0.0010923 0.0156754 0.005
         vertex 0.00164175 0.0151422 0.005
      endloop
   endfacet
   facet normal 0.820874 0.57111 0
      outer loop
         vertex 0.00164175 0.0151422 0.003
         vertex 0.00164175 0.0151422 0.005
         vertex 0.00195062 0.0144417 0.005
      endloop
   endfacet
   facet normal 0.975309 0.220846 0
      outer loop
         vertex 0.00195062 0.0144417 0.005
         vertex 0.00250351 0.012 0.005
         vertex 0.00250351 0.012 0.003
      endloop
   endfacet
   facet normal 0.975309 0.220846 0
      outer loop
         vertex 0.00250351 0.012 0.005
         vertex 0.002625 0.0114635 0.003
         vertex 0.00250351 0.012 0.003
      endloop
   endfacet
   facet normal 0.975309 0.220846 0
      outer loop
         vertex 0.00338095 0.008125 0.005
         vertex 0.00338095 0.008125 0.003
         vertex 0.002625 0.0114635 0.003
      endloop
   endfacet
   facet normal 0.975309 0.220846 0
      outer loop
         vertex 0.002625 0.0114635 0.003
         vertex 0.00250351 0.012 0.005
         vertex 0.00338095 0.008125 0.005
      endloop
   endfacet
   facet normal 0.975309 0.220846 0
      outer loop
         vertex 0.00375 0.00649519 0.003
         vertex 0.00338095 0.008125 0.003
         vertex 0.00338095 0.008125 0.005
      endloop
   endfacet
   facet normal 0.975309 0.220846 0
      outer loop
         vertex 0.00338095 0.008125 0.005
         vertex 0.00375 0.00649519 0.005
         vertex 0.00375 0.00649519 0.003
      endloop
   endfacet
   facet normal 0.975309 0.220846 0
      outer loop
         vertex 0.00250351 0.012 0.003
         vertex 0.00195062 0.0144417 0.003
         vertex 0.00195062 0.0144417 0.005
      endloop
   endfacet
   facet normal -0.975309 0.220846 0
      outer loop
         vertex -0.00338095 0.008125 0.003
         vertex -0.00338095 0.008125 0.005
         vertex -0.002875 0.0103594 0.005
      endloop
   endfacet
   facet normal -0.975309 0.220846 0
      outer loop
         vertex -0.00375 0.00649519 0.003
         vertex -0.00375 0.00649519 0.005
         vertex -0.00338095 0.008125 0.005
      endloop
   endfacet
   facet normal -0.975309 0.220846 0
      outer loop
         vertex -0.002875 0.0103594 0.005
         vertex -0.00250351 0.012 0.003
         vertex -0.00338095 0.008125 0.003
      endloop
   endfacet
   facet normal -0.975309 0.220846 0
      outer loop
         vertex -0.002875 0.0103594 0.005
         vertex -0.00250351 0.012 0.005
         vertex -0.00250351 0.012 0.003
      endloop
   endfacet
   facet normal -0.975309 0.220846 0
      outer loop
         vertex -0.00195062 0.0144417 0.003
         vertex -0.00250351 0.012 0.003
         vertex -0.00250351 0.012 0.005
      endloop
   endfacet
   facet normal -0.975309 0.220846 0
      outer loop
         vertex -0.00250351 0.012 0.005
         vertex -0.00195062 0.0144417 0.005
         vertex -0.00195062 0.0144417 0.003
      endloop
   endfacet
   facet normal -0.975309 0.220846 0
      outer loop
         vertex -0.00338095 0.008125 0.005
         vertex -0.00338095 0.008125 0.003
         vertex -0.00375 0.00649519 0.003
      endloop
   endfacet
   facet normal 0.296396 0.955065 0
      outer loop
         vertex -0.0115316 0.00891013 0.005
         vertex -0.0115316 0.00891013 0.003
         vertex -0.0122927 0.0089929 0.003
      endloop
   endfacet
   facet normal -0.084159 0.996452 0
      outer loop
         vertex -0.0122927 0.0089929 0.005
         vertex -0.0122927 0.0089929 0.003
         vertex -0.0130291 0.00878365 0.003
      endloop
   endfacet
   facet normal -0.452382 0.891824 0
      outer loop
         vertex -0.0130291 0.00878365 0.003
         vertex -0.013633 0.00831303 0.003
         vertex -0.0134078 0.00848849 0.005
      endloop
   endfacet
   facet normal -0.754315 0.656513 0
      outer loop
         vertex -0.013633 0.00831303 0.003
         vertex -0.013633 0.00831303 0.005
         vertex -0.0134078 0.00848849 0.005
      endloop
   endfacet
   facet normal -0.945714 0.324999 0
      outer loop
         vertex -0.0140158 0.00765 0.003
         vertex -0.0140158 0.00765 0.005
         vertex -0.0137415 0.008125 0.005
      endloop
   endfacet
   facet normal -0.754315 0.656513 0
      outer loop
         vertex -0.013633 0.00831303 0.005
         vertex -0.013633 0.00831303 0.003
         vertex -0.0137415 0.008125 0.003
      endloop
   endfacet
   facet normal -0.820905 0.571065 0
      outer loop
         vertex -0.0137415 0.008125 0.003
         vertex -0.0137415 0.008125 0.005
         vertex -0.013633 0.00831303 0.005
      endloop
   endfacet
   facet normal -0.945714 0.324999 0
      outer loop
         vertex -0.0140158 0.00765 0.005
         vertex -0.0140158 0.00765 0.003
         vertex -0.0141214 0.00689172 0.003
      endloop
   endfacet
   facet normal -0.905033 -0.425342 0
      outer loop
         vertex -0.0139344 0.00614932 0.003
         vertex -0.0139344 0.00614932 0.005
         vertex -0.0139913 0.006375 0.005
      endloop
   endfacet
   facet normal -0.998533 -0.0541381 0
      outer loop
         vertex -0.0141214 0.00689172 0.005
         vertex -0.0141214 0.00689172 0.003
         vertex -0.0139913 0.006375 0.003
      endloop
   endfacet
   facet normal -0.948272 -0.31746 0
      outer loop
         vertex -0.0139913 0.006375 0.003
         vertex -0.0139913 0.006375 0.005
         vertex -0.0141214 0.00689172 0.005
      endloop
   endfacet
   facet normal -0.905033 -0.425342 0
      outer loop
         vertex -0.0139344 0.00614932 0.005
         vertex -0.0139344 0.00614932 0.003
         vertex -0.0134822 0.00553156 0.003
      endloop
   endfacet
   facet normal -0.678913 -0.734219 0
      outer loop
         vertex -0.0134822 0.00553156 0.003
         vertex -0.0134822 0.00553156 0.005
         vertex -0.0139344 0.00614932 0.005
      endloop
   endfacet
   facet normal -0.948272 -0.31746 0
      outer loop
         vertex -0.0139913 0.006375 0.005
         vertex -0.0139913 0.006375 0.003
         vertex -0.0139344 0.00614932 0.003
      endloop
   endfacet
   facet normal -0.998533 -0.0541381 0
      outer loop
         vertex -0.0141214 0.00689172 0.003
         vertex -0.0141214 0.00689172 0.005
         vertex -0.0140158 0.00765 0.005
      endloop
   endfacet
   facet normal -0.820905 0.571065 0
      outer loop
         vertex -0.0137415 0.008125 0.005
         vertex -0.0137415 0.008125 0.003
         vertex -0.0140158 0.00765 0.003
      endloop
   endfacet
   facet normal -0.653032 0.75733 0
      outer loop
         vertex -0.0134078 0.00848849 0.005
         vertex -0.0130291 0.00878365 0.005
         vertex -0.0130291 0.00878365 0.003
      endloop
   endfacet
   facet normal -0.452382 0.891824 0
      outer loop
         vertex -0.0130291 0.00878365 0.003
         vertex -0.0130291 0.00878365 0.005
         vertex -0.0122927 0.0089929 0.005
      endloop
   endfacet
   facet normal -0.084159 0.996452 0
      outer loop
         vertex -0.0122927 0.0089929 0.003
         vertex -0.0122927 0.0089929 0.005
         vertex -0.0115316 0.00891013 0.005
      endloop
   endfacet
   facet normal 0.296396 0.955065 0
      outer loop
         vertex -0.0115316 0.00891013 0.003
         vertex -0.0115316 0.00891013 0.005
         vertex -0.0103923 0.00855657 0.005
      endloop
   endfacet
   facet normal 0.296396 0.955065 0
      outer loop
         vertex -0.0103923 0.00855657 0.005
         vertex -0.00900167 0.008125 0.005
         vertex -0.00900167 0.008125 0.003
      endloop
   endfacet
   facet normal 0.296396 0.955065 0
      outer loop
         vertex -0.00900167 0.008125 0.003
         vertex -0.0103923 0.00855657 0.003
         vertex -0.0103923 0.00855657 0.005
      endloop
   endfacet
   facet normal 0.296396 0.955065 0
      outer loop
         vertex -0.00779423 0.00775028 0.003
         vertex -0.00900167 0.008125 0.003
         vertex -0.00900167 0.008125 0.005
      endloop
   endfacet
   facet normal 0.296396 0.955065 0
      outer loop
         vertex -0.00900167 0.008125 0.005
         vertex -0.00779423 0.00775028 0.005
         vertex -0.00779423 0.00775028 0.003
      endloop
   endfacet
   facet normal 0.296396 0.955065 0
      outer loop
         vertex -0.00779423 0.00775028 0.005
         vertex -0.00375 0.00649519 0.005
         vertex -0.0048726 0.00684358 0.003
      endloop
   endfacet
   facet normal 0.296396 0.955065 0
      outer loop
         vertex -0.0048726 0.00684358 0.003
         vertex -0.00779423 0.00775028 0.003
         vertex -0.00779423 0.00775028 0.005
      endloop
   endfacet
   facet normal 0.296396 0.955065 0
      outer loop
         vertex -0.00375 0.00649519 0.005
         vertex -0.00375 0.00649519 0.003
         vertex -0.0048726 0.00684358 0.003
      endloop
   endfacet
   facet normal 0.296396 0.955065 0
      outer loop
         vertex -0.0103923 0.00855657 0.005
         vertex -0.0103923 0.00855657 0.003
         vertex -0.0115316 0.00891013 0.003
      endloop
   endfacet
   facet normal -0.678913 -0.734219 0
      outer loop
         vertex -0.0075 -2.64545e-17 0.005
         vertex -0.00779423 0.000272065 0.005
         vertex -0.00779423 0.000272065 0.003
      endloop
   endfacet
   facet normal -0.678913 -0.734219 0
      outer loop
         vertex -0.0103923 0.00267444 0.003
         vertex -0.00779423 0.000272065 0.003
         vertex -0.00779423 0.000272065 0.005
      endloop
   endfacet
   facet normal -0.678913 -0.734219 0
      outer loop
         vertex -0.00779423 0.000272065 0.005
         vertex -0.0103923 0.00267444 0.005
         vertex -0.0103923 0.00267444 0.003
      endloop
   endfacet
   facet normal -0.678913 -0.734219 0
      outer loop
         vertex -0.0103923 0.00267444 0.003
         vertex -0.0103923 0.00267444 0.005
         vertex -0.0112851 0.0035 0.005
      endloop
   endfacet
   facet normal -0.678913 -0.734219 0
      outer loop
         vertex -0.0112851 0.0035 0.005
         vertex -0.0112851 0.0035 0.003
         vertex -0.0103923 0.00267444 0.003
      endloop
   endfacet
   facet normal -0.678913 -0.734219 0
      outer loop
         vertex -0.0112851 0.0035 0.003
         vertex -0.0112851 0.0035 0.005
         vertex -0.0131777 0.00525 0.005
      endloop
   endfacet
   facet normal -0.678913 -0.734219 0
      outer loop
         vertex -0.0131777 0.00525 0.003
         vertex -0.0131777 0.00525 0.005
         vertex -0.0134078 0.00546283 0.005
      endloop
   endfacet
   facet normal -0.678913 -0.734219 0
      outer loop
         vertex -0.0131777 0.00525 0.005
         vertex -0.0131777 0.00525 0.003
         vertex -0.0112851 0.0035 0.003
      endloop
   endfacet
   facet normal -0.678913 -0.734219 0
      outer loop
         vertex -0.0134078 0.00546283 0.005
         vertex -0.0134822 0.00553156 0.003
         vertex -0.0131777 0.00525 0.003
      endloop
   endfacet
   facet normal -0.678913 -0.734219 0
      outer loop
         vertex -0.0134078 0.00546283 0.005
         vertex -0.0134822 0.00553156 0.005
         vertex -0.0134822 0.00553156 0.003
      endloop
   endfacet
   facet normal -0.678913 -0.734219 0
      outer loop
         vertex -0.00779423 0.000272065 0.003
         vertex -0.0075 -2.55872e-17 0.003
         vertex -0.0075 -2.64545e-17 0.005
      endloop
   endfacet
   facet normal -0.678913 0.734219 0
      outer loop
         vertex -0.0134822 -0.00553156 0.005
         vertex -0.0134822 -0.00553156 0.003
         vertex -0.0139344 -0.00614932 0.003
      endloop
   endfacet
   facet normal -0.998533 0.0541381 0
      outer loop
         vertex -0.0141214 -0.00689172 0.003
         vertex -0.0141214 -0.00689172 0.005
         vertex -0.0139913 -0.006375 0.005
      endloop
   endfacet
   facet normal -0.905033 0.425342 0
      outer loop
         vertex -0.0139344 -0.00614932 0.005
         vertex -0.0139344 -0.00614932 0.003
         vertex -0.0139913 -0.006375 0.003
      endloop
   endfacet
   facet normal -0.948272 0.31746 0
      outer loop
         vertex -0.0139913 -0.006375 0.003
         vertex -0.0139913 -0.006375 0.005
         vertex -0.0139344 -0.00614932 0.005
      endloop
   endfacet
   facet normal -0.998533 0.0541381 0
      outer loop
         vertex -0.0141214 -0.00689172 0.005
         vertex -0.0141214 -0.00689172 0.003
         vertex -0.0140158 -0.00765 0.003
      endloop
   endfacet
   facet normal -0.945714 -0.324999 0
      outer loop
         vertex -0.0140158 -0.00765 0.005
         vertex -0.0140158 -0.00765 0.003
         vertex -0.013633 -0.00831303 0.003
      endloop
   endfacet
   facet normal -0.452382 -0.891824 0
      outer loop
         vertex -0.0130291 -0.00878365 0.003
         vertex -0.0130291 -0.00878365 0.005
         vertex -0.0134078 -0.00848849 0.005
      endloop
   endfacet
   facet normal -0.653032 -0.75733 0
      outer loop
         vertex -0.0134078 -0.00848849 0.005
         vertex -0.013633 -0.00831303 0.003
         vertex -0.0130291 -0.00878365 0.003
      endloop
   endfacet
   facet normal -0.452382 -0.891824 0
      outer loop
         vertex -0.0130291 -0.00878365 0.005
         vertex -0.0130291 -0.00878365 0.003
         vertex -0.0122927 -0.0089929 0.003
      endloop
   endfacet
   facet normal -0.084159 -0.996452 0
      outer loop
         vertex -0.0122927 -0.0089929 0.005
         vertex -0.0122927 -0.0089929 0.003
         vertex -0.0115316 -0.00891013 0.003
      endloop
   endfacet
   facet normal 0.296396 -0.955065 0
      outer loop
         vertex -0.0115316 -0.00891013 0.003
         vertex -0.0115316 -0.00891013 0.005
         vertex -0.0122927 -0.0089929 0.005
      endloop
   endfacet
   facet normal -0.084159 -0.996452 0
      outer loop
         vertex -0.0122927 -0.0089929 0.003
         vertex -0.0122927 -0.0089929 0.005
         vertex -0.0130291 -0.00878365 0.005
      endloop
   endfacet
   facet normal -0.653032 -0.75733 0
      outer loop
         vertex -0.0134078 -0.00848849 0.005
         vertex -0.013633 -0.00831303 0.005
         vertex -0.013633 -0.00831303 0.003
      endloop
   endfacet
   facet normal -0.754315 -0.656513 0
      outer loop
         vertex -0.013633 -0.00831303 0.003
         vertex -0.013633 -0.00831303 0.005
         vertex -0.0140158 -0.00765 0.005
      endloop
   endfacet
   facet normal -0.945714 -0.324999 0
      outer loop
         vertex -0.0140158 -0.00765 0.003
         vertex -0.0140158 -0.00765 0.005
         vertex -0.0141214 -0.00689172 0.005
      endloop
   endfacet
   facet normal -0.948272 0.31746 0
      outer loop
         vertex -0.0139913 -0.006375 0.005
         vertex -0.0139913 -0.006375 0.003
         vertex -0.0141214 -0.00689172 0.003
      endloop
   endfacet
   facet normal -0.905033 0.425342 0
      outer loop
         vertex -0.0139344 -0.00614932 0.003
         vertex -0.0139344 -0.00614932 0.005
         vertex -0.0134822 -0.00553156 0.005
      endloop
   endfacet
   facet normal -0.678913 0.734219 0
      outer loop
         vertex -0.0131777 -0.00525 0.003
         vertex -0.0134822 -0.00553156 0.003
         vertex -0.0134078 -0.00546283 0.005
      endloop
   endfacet
   facet normal -0.678913 0.734219 0
      outer loop
         vertex -0.0134822 -0.00553156 0.003
         vertex -0.0134822 -0.00553156 0.005
         vertex -0.0134078 -0.00546283 0.005
      endloop
   endfacet
   facet normal -0.678913 0.734219 0
      outer loop
         vertex -0.0103923 -0.00267444 0.005
         vertex -0.0103923 -0.00267444 0.003
         vertex -0.0131777 -0.00525 0.003
      endloop
   endfacet
   facet normal -0.678913 0.734219 0
      outer loop
         vertex -0.0131777 -0.00525 0.003
         vertex -0.0131777 -0.00525 0.005
         vertex -0.0103923 -0.00267444 0.005
      endloop
   endfacet
   facet normal -0.678913 0.734219 0
      outer loop
         vertex -0.0103923 -0.00267444 0.003
         vertex -0.0103923 -0.00267444 0.005
         vertex -0.00779423 -0.000272065 0.005
      endloop
   endfacet
   facet normal -0.678913 0.734219 0
      outer loop
         vertex -0.00779423 -0.000272065 0.005
         vertex -0.00779423 -0.000272065 0.003
         vertex -0.0103923 -0.00267444 0.003
      endloop
   endfacet
   facet normal -0.678913 0.734219 0
      outer loop
         vertex -0.0075 -2.64545e-17 0.005
         vertex -0.0075 -2.55872e-17 0.003
         vertex -0.00779423 -0.000272065 0.003
      endloop
   endfacet
   facet normal -0.678913 0.734219 0
      outer loop
         vertex -0.00779423 -0.000272065 0.003
         vertex -0.00779423 -0.000272065 0.005
         vertex -0.0075 -2.64545e-17 0.005
      endloop
   endfacet
   facet normal -0.678913 0.734219 0
      outer loop
         vertex -0.0134078 -0.00546283 0.005
         vertex -0.0131777 -0.00525 0.005
         vertex -0.0131777 -0.00525 0.003
      endloop
   endfacet
   facet normal 0.296396 -0.955065 0
      outer loop
         vertex -0.00779423 -0.00775028 0.005
         vertex -0.00779423 -0.00775028 0.003
         vertex -0.0048726 -0.00684358 0.003
      endloop
   endfacet
   facet normal 0.296396 -0.955065 0
      outer loop
         vertex -0.0048726 -0.00684358 0.003
         vertex -0.00375 -0.00649519 0.005
         vertex -0.00779423 -0.00775028 0.005
      endloop
   endfacet
   facet normal 0.296396 -0.955065 0
      outer loop
         vertex -0.0103923 -0.00855657 0.003
         vertex -0.00779423 -0.00775028 0.003
         vertex -0.00779423 -0.00775028 0.005
      endloop
   endfacet
   facet normal 0.296396 -0.955065 0
      outer loop
         vertex -0.00779423 -0.00775028 0.005
         vertex -0.0103923 -0.00855657 0.005
         vertex -0.0103923 -0.00855657 0.003
      endloop
   endfacet
   facet normal 0.296396 -0.955065 0
      outer loop
         vertex -0.0115316 -0.00891013 0.003
         vertex -0.0103923 -0.00855657 0.003
         vertex -0.0103923 -0.00855657 0.005
      endloop
   endfacet
   facet normal 0.296396 -0.955065 0
      outer loop
         vertex -0.0103923 -0.00855657 0.005
         vertex -0.0115316 -0.00891013 0.005
         vertex -0.0115316 -0.00891013 0.003
      endloop
   endfacet
   facet normal 0.296396 -0.955065 0
      outer loop
         vertex -0.0048726 -0.00684358 0.003
         vertex -0.00375 -0.00649519 0.003
         vertex -0.00375 -0.00649519 0.005
      endloop
   endfacet
   facet normal -0.975309 -0.220846 0
      outer loop
         vertex -0.00195062 -0.0144417 0.005
         vertex -0.00195062 -0.0144417 0.003
         vertex -0.00164175 -0.0151422 0.003
      endloop
   endfacet
   facet normal -0.820874 -0.57111 0
      outer loop
         vertex -0.00164175 -0.0151422 0.005
         vertex -0.00164175 -0.0151422 0.003
         vertex -0.0010923 -0.0156754 0.003
      endloop
   endfacet
   facet normal -0.546152 -0.837686 0
      outer loop
         vertex -0.0010923 -0.0156754 0.005
         vertex -0.0010923 -0.0156754 0.003
         vertex -0.000382799 -0.015963 0.003
      endloop
   endfacet
   facet normal -0.191399 -0.981512 0
      outer loop
         vertex -0.000382799 -0.015963 0.005
         vertex -0.000382799 -0.015963 0.003
         vertex 0.000382799 -0.015963 0.003
      endloop
   endfacet
   facet normal 0.191399 -0.981512 0
      outer loop
         vertex 0.000382799 -0.015963 0.005
         vertex 0.000382799 -0.015963 0.003
         vertex 0.0010923 -0.0156754 0.003
      endloop
   endfacet
   facet normal 0.546152 -0.837686 0
      outer loop
         vertex 0.0010923 -0.0156754 0.005
         vertex 0.0010923 -0.0156754 0.003
         vertex 0.00164175 -0.0151422 0.003
      endloop
   endfacet
   facet normal 0.820874 -0.57111 0
      outer loop
         vertex 0.00164175 -0.0151422 0.005
         vertex 0.00164175 -0.0151422 0.003
         vertex 0.00195062 -0.0144417 0.003
      endloop
   endfacet
   facet normal 0.975309 -0.220846 0
      outer loop
         vertex 0.00195062 -0.0144417 0.003
         vertex 0.00195062 -0.0144417 0.005
         vertex 0.00164175 -0.0151422 0.005
      endloop
   endfacet
   facet normal 0.820874 -0.57111 0
      outer loop
         vertex 0.00164175 -0.0151422 0.003
         vertex 0.00164175 -0.0151422 0.005
         vertex 0.0010923 -0.0156754 0.005
      endloop
   endfacet
   facet normal 0.546152 -0.837686 0
      outer loop
         vertex 0.0010923 -0.0156754 0.003
         vertex 0.0010923 -0.0156754 0.005
         vertex 0.000382799 -0.015963 0.005
      endloop
   endfacet
   facet normal 0.191399 -0.981512 0
      outer loop
         vertex 0.000382799 -0.015963 0.003
         vertex 0.000382799 -0.015963 0.005
         vertex -0.000382799 -0.015963 0.005
      endloop
   endfacet
   facet normal -0.191399 -0.981512 0
      outer loop
         vertex -0.000382799 -0.015963 0.003
         vertex -0.000382799 -0.015963 0.005
         vertex -0.0010923 -0.0156754 0.005
      endloop
   endfacet
   facet normal -0.546152 -0.837686 0
      outer loop
         vertex -0.0010923 -0.0156754 0.003
         vertex -0.0010923 -0.0156754 0.005
         vertex -0.00164175 -0.0151422 0.005
      endloop
   endfacet
   facet normal -0.820874 -0.57111 0
      outer loop
         vertex -0.00164175 -0.0151422 0.003
         vertex -0.00164175 -0.0151422 0.005
         vertex -0.00195062 -0.0144417 0.005
      endloop
   endfacet
   facet normal -0.975309 -0.220846 0
      outer loop
         vertex -0.00250351 -0.012 0.003
         vertex -0.00250351 -0.012 0.005
         vertex -0.002875 -0.0103594 0.005
      endloop
   endfacet
   facet normal -0.975309 -0.220846 0
      outer loop
         vertex -0.00195062 -0.0144417 0.005
         vertex -0.00250351 -0.012 0.005
         vertex -0.00250351 -0.012 0.003
      endloop
   endfacet
   facet normal -0.975309 -0.220846 0
      outer loop
         vertex -0.002875 -0.0103594 0.005
         vertex -0.00318282 -0.009 0.003
         vertex -0.00250351 -0.012 0.003
      endloop
   endfacet
   facet normal -0.975309 -0.220846 0
      outer loop
         vertex -0.002875 -0.0103594 0.005
         vertex -0.00318282 -0.009 0.005
         vertex -0.00318282 -0.009 0.003
      endloop
   endfacet
   facet normal -0.975309 -0.220846 0
      outer loop
         vertex -0.00318282 -0.009 0.003
         vertex -0.00318282 -0.009 0.005
         vertex -0.00375 -0.00649519 0.005
      endloop
   endfacet
   facet normal -0.975309 -0.220846 0
      outer loop
         vertex -0.00375 -0.00649519 0.005
         vertex -0.00375 -0.00649519 0.003
         vertex -0.00318282 -0.009 0.003
      endloop
   endfacet
   facet normal -0.975309 -0.220846 0
      outer loop
         vertex -0.00250351 -0.012 0.003
         vertex -0.00195062 -0.0144417 0.003
         vertex -0.00195062 -0.0144417 0.005
      endloop
   endfacet
   facet normal 0.975309 -0.220846 0
      outer loop
         vertex 0.00318282 -0.009 0.003
         vertex 0.00375 -0.00649519 0.003
         vertex 0.00375 -0.00649519 0.005
      endloop
   endfacet
   facet normal 0.975309 -0.220846 0
      outer loop
         vertex 0.00318282 -0.009 0.005
         vertex 0.00250351 -0.012 0.005
         vertex 0.002625 -0.0114635 0.003
      endloop
   endfacet
   facet normal 0.975309 -0.220846 0
      outer loop
         vertex 0.002625 -0.0114635 0.003
         vertex 0.00318282 -0.009 0.003
         vertex 0.00318282 -0.009 0.005
      endloop
   endfacet
   facet normal 0.975309 -0.220846 0
      outer loop
         vertex 0.00250351 -0.012 0.005
         vertex 0.00250351 -0.012 0.003
         vertex 0.002625 -0.0114635 0.003
      endloop
   endfacet
   facet normal 0.975309 -0.220846 0
      outer loop
         vertex 0.00195062 -0.0144417 0.003
         vertex 0.00250351 -0.012 0.003
         vertex 0.00250351 -0.012 0.005
      endloop
   endfacet
   facet normal 0.975309 -0.220846 0
      outer loop
         vertex 0.00250351 -0.012 0.005
         vertex 0.00195062 -0.0144417 0.005
         vertex 0.00195062 -0.0144417 0.003
      endloop
   endfacet
   facet normal 0.975309 -0.220846 0
      outer loop
         vertex 0.00375 -0.00649519 0.005
         vertex 0.00318282 -0.009 0.005
         vertex 0.00318282 -0.009 0.003
      endloop
   endfacet
   facet normal -0.296396 -0.955065 0
      outer loop
         vertex 0.0115316 -0.00891013 0.003
         vertex 0.0115316 -0.00891013 0.005
         vertex 0.0103923 -0.00855657 0.005
      endloop
   endfacet
   facet normal -0.296396 -0.955065 0
      outer loop
         vertex 0.00779423 -0.00775028 0.005
         vertex 0.00779423 -0.00775028 0.003
         vertex 0.0103923 -0.00855657 0.003
      endloop
   endfacet
   facet normal -0.296396 -0.955065 0
      outer loop
         vertex 0.00779423 -0.00775028 0.003
         vertex 0.00779423 -0.00775028 0.005
         vertex 0.0051226 -0.00692116 0.005
      endloop
   endfacet
   facet normal -0.296396 -0.955065 0
      outer loop
         vertex 0.0103923 -0.00855657 0.003
         vertex 0.0103923 -0.00855657 0.005
         vertex 0.00779423 -0.00775028 0.005
      endloop
   endfacet
   facet normal -0.296396 -0.955065 0
      outer loop
         vertex 0.0051226 -0.00692116 0.005
         vertex 0.00375 -0.00649519 0.003
         vertex 0.00779423 -0.00775028 0.003
      endloop
   endfacet
   facet normal -0.296396 -0.955065 0
      outer loop
         vertex 0.0051226 -0.00692116 0.005
         vertex 0.00375 -0.00649519 0.005
         vertex 0.00375 -0.00649519 0.003
      endloop
   endfacet
   facet normal -0.296396 -0.955065 0
      outer loop
         vertex 0.0103923 -0.00855657 0.005
         vertex 0.0103923 -0.00855657 0.003
         vertex 0.0115316 -0.00891013 0.003
      endloop
   endfacet
   facet normal 0.678913 0.734219 0
      outer loop
         vertex 0.0075 7.84962e-17 0.005
         vertex 0.00779423 -0.000272065 0.005
         vertex 0.00779423 -0.000272065 0.003
      endloop
   endfacet
   facet normal 0.678913 0.734219 0
      outer loop
         vertex 0.00779423 -0.000272065 0.005
         vertex 0.0103923 -0.00267444 0.005
         vertex 0.0103923 -0.00267444 0.003
      endloop
   endfacet
   facet normal 0.678913 0.734219 0
      outer loop
         vertex 0.0103923 -0.00267444 0.003
         vertex 0.00779423 -0.000272065 0.003
         vertex 0.00779423 -0.000272065 0.005
      endloop
   endfacet
   facet normal 0.678913 0.734219 0
      outer loop
         vertex 0.0131777 -0.00525 0.003
         vertex 0.0103923 -0.00267444 0.003
         vertex 0.0103923 -0.00267444 0.005
      endloop
   endfacet
   facet normal 0.678913 0.734219 0
      outer loop
         vertex 0.0103923 -0.00267444 0.005
         vertex 0.0131777 -0.00525 0.005
         vertex 0.0131777 -0.00525 0.003
      endloop
   endfacet
   facet normal 0.678913 0.734219 0
      outer loop
         vertex 0.0131777 -0.00525 0.005
         vertex 0.0134822 -0.00553156 0.005
         vertex 0.0134078 -0.00546283 0.003
      endloop
   endfacet
   facet normal 0.678913 0.734219 0
      outer loop
         vertex 0.0134078 -0.00546283 0.003
         vertex 0.0131777 -0.00525 0.003
         vertex 0.0131777 -0.00525 0.005
      endloop
   endfacet
   facet normal 0.678913 0.734219 0
      outer loop
         vertex 0.0134822 -0.00553156 0.005
         vertex 0.0134822 -0.00553156 0.003
         vertex 0.0134078 -0.00546283 0.003
      endloop
   endfacet
   facet normal 0.678913 0.734219 0
      outer loop
         vertex 0.00779423 -0.000272065 0.003
         vertex 0.0075 7.80626e-17 0.003
         vertex 0.0075 7.84962e-17 0.005
      endloop
   endfacet
   facet normal 0.678913 -0.734219 0
      outer loop
         vertex 0.0131777 0.00525 0.005
         vertex 0.0131777 0.00525 0.003
         vertex 0.0134078 0.00546283 0.003
      endloop
   endfacet
   facet normal 0.678913 -0.734219 0
      outer loop
         vertex 0.0134078 0.00546283 0.003
         vertex 0.0134822 0.00553156 0.005
         vertex 0.0131777 0.00525 0.005
      endloop
   endfacet
   facet normal 0.678913 -0.734219 0
      outer loop
         vertex 0.0112851 0.0035 0.003
         vertex 0.0131777 0.00525 0.003
         vertex 0.0131777 0.00525 0.005
      endloop
   endfacet
   facet normal 0.678913 -0.734219 0
      outer loop
         vertex 0.0131777 0.00525 0.005
         vertex 0.0112851 0.0035 0.005
         vertex 0.0112851 0.0035 0.003
      endloop
   endfacet
   facet normal 0.678913 -0.734219 0
      outer loop
         vertex 0.0112851 0.0035 0.003
         vertex 0.0112851 0.0035 0.005
         vertex 0.0103923 0.00267444 0.005
      endloop
   endfacet
   facet normal 0.678913 -0.734219 0
      outer loop
         vertex 0.0103923 0.00267444 0.005
         vertex 0.0103923 0.00267444 0.003
         vertex 0.0112851 0.0035 0.003
      endloop
   endfacet
   facet normal 0.678913 -0.734219 0
      outer loop
         vertex 0.00779423 0.000272065 0.005
         vertex 0.00779423 0.000272065 0.003
         vertex 0.0103923 0.00267444 0.003
      endloop
   endfacet
   facet normal 0.678913 -0.734219 0
      outer loop
         vertex 0.0103923 0.00267444 0.003
         vertex 0.0103923 0.00267444 0.005
         vertex 0.00779423 0.000272065 0.005
      endloop
   endfacet
   facet normal 0.678913 -0.734219 0
      outer loop
         vertex 0.0075 7.84962e-17 0.005
         vertex 0.0075 7.80626e-17 0.003
         vertex 0.00779423 0.000272065 0.003
      endloop
   endfacet
   facet normal 0.678913 -0.734219 0
      outer loop
         vertex 0.00779423 0.000272065 0.003
         vertex 0.00779423 0.000272065 0.005
         vertex 0.0075 7.84962e-17 0.005
      endloop
   endfacet
   facet normal 0.678913 -0.734219 0
      outer loop
         vertex 0.0134078 0.00546283 0.003
         vertex 0.0134822 0.00553156 0.003
         vertex 0.0134822 0.00553156 0.005
      endloop
   endfacet
   facet normal -0.296396 0.955065 0
      outer loop
         vertex 0.00779423 0.00775028 0.003
         vertex 0.00375 0.00649519 0.003
         vertex 0.0051226 0.00692116 0.005
      endloop
   endfacet
   facet normal -0.296396 0.955065 0
      outer loop
         vertex 0.00375 0.00649519 0.003
         vertex 0.00375 0.00649519 0.005
         vertex 0.0051226 0.00692116 0.005
      endloop
   endfacet
   facet normal -0.296396 0.955065 0
      outer loop
         vertex 0.00779423 0.00775028 0.003
         vertex 0.00779423 0.00775028 0.005
         vertex 0.00900167 0.008125 0.005
      endloop
   endfacet
   facet normal -0.296396 0.955065 0
      outer loop
         vertex 0.00900167 0.008125 0.005
         vertex 0.00900167 0.008125 0.003
         vertex 0.00779423 0.00775028 0.003
      endloop
   endfacet
   facet normal -0.296396 0.955065 0
      outer loop
         vertex 0.0103923 0.00855657 0.005
         vertex 0.0103923 0.00855657 0.003
         vertex 0.00900167 0.008125 0.003
      endloop
   endfacet
   facet normal -0.296396 0.955065 0
      outer loop
         vertex 0.00900167 0.008125 0.003
         vertex 0.00900167 0.008125 0.005
         vertex 0.0103923 0.00855657 0.005
      endloop
   endfacet
   facet normal -0.296396 0.955065 0
      outer loop
         vertex 0.0115316 0.00891013 0.003
         vertex 0.0103923 0.00855657 0.003
         vertex 0.0103923 0.00855657 0.005
      endloop
   endfacet
   facet normal -0.296396 0.955065 0
      outer loop
         vertex 0.0103923 0.00855657 0.005
         vertex 0.0115316 0.00891013 0.005
         vertex 0.0115316 0.00891013 0.003
      endloop
   endfacet
   facet normal -0.296396 0.955065 0
      outer loop
         vertex 0.0051226 0.00692116 0.005
         vertex 0.00779423 0.00775028 0.005
         vertex 0.00779423 0.00775028 0.003
      endloop
   endfacet
   facet normal -0.92388 0.382683 0
      outer loop
         vertex 0.0126152 0.00636732 0.003
         vertex 0.0126152 0.00636732 0.005
         vertex 0.0126168 0.006375 0.005
      endloop
   endfacet
   facet normal -1 2.44929e-16 0
      outer loop
         vertex 0.0126913 0.00675 0.005
         vertex 0.0126913 0.00675 0.003
         vertex 0.0126168 0.006375 0.003
      endloop
   endfacet
   facet normal -0.926797 0.375563 0
      outer loop
         vertex 0.0126168 0.006375 0.003
         vertex 0.0126168 0.006375 0.005
         vertex 0.0126913 0.00675 0.005
      endloop
   endfacet
   facet normal -0.707107 0.707107 0
      outer loop
         vertex 0.0123984 0.00604289 0.005
         vertex 0.0126152 0.00636732 0.005
         vertex 0.0126152 0.00636732 0.003
      endloop
   endfacet
   facet normal -0.382683 0.92388 0
      outer loop
         vertex 0.012074 0.00582612 0.003
         vertex 0.012074 0.00582612 0.005
         vertex 0.0121913 0.00588397 0.005
      endloop
   endfacet
   facet normal -0.707107 0.707107 0
      outer loop
         vertex 0.0123984 0.00604289 0.005
         vertex 0.0123984 0.00604289 0.003
         vertex 0.0121913 0.00588397 0.003
      endloop
   endfacet
   facet normal -0.5 0.866025 0
      outer loop
         vertex 0.0121913 0.00588397 0.003
         vertex 0.0121913 0.00588397 0.005
         vertex 0.0123984 0.00604289 0.005
      endloop
   endfacet
   facet normal 1.83697e-16 1 0
      outer loop
         vertex 0.0116913 0.00575 0.005
         vertex 0.012074 0.00582612 0.005
         vertex 0.012074 0.00582612 0.003
      endloop
   endfacet
   facet normal 0.382683 0.92388 0
      outer loop
         vertex 0.0113087 0.00582612 0.005
         vertex 0.0116913 0.00575 0.005
         vertex 0.0116913 0.00575 0.003
      endloop
   endfacet
   facet normal 0.707107 0.707107 0
      outer loop
         vertex 0.0109842 0.00604289 0.005
         vertex 0.0113087 0.00582612 0.005
         vertex 0.0113087 0.00582612 0.003
      endloop
   endfacet
   facet normal 0.92388 0.382683 0
      outer loop
         vertex 0.0107675 0.00636732 0.005
         vertex 0.0109842 0.00604289 0.005
         vertex 0.0109842 0.00604289 0.003
      endloop
   endfacet
   facet normal 1 -1.22465e-16 0
      outer loop
         vertex 0.0106913 0.00675 0.005
         vertex 0.0107659 0.006375 0.005
         vertex 0.0107659 0.006375 0.003
      endloop
   endfacet
   facet normal 0.92388 0.382683 0
      outer loop
         vertex 0.0107675 0.00636732 0.003
         vertex 0.0107659 0.006375 0.003
         vertex 0.0107659 0.006375 0.005
      endloop
   endfacet
   facet normal 0.926797 0.375563 0
      outer loop
         vertex 0.0107659 0.006375 0.005
         vertex 0.0107675 0.00636732 0.005
         vertex 0.0107675 0.00636732 0.003
      endloop
   endfacet
   facet normal 0.92388 -0.382683 0
      outer loop
         vertex 0.0107675 0.00713268 0.005
         vertex 0.0106913 0.00675 0.005
         vertex 0.0106913 0.00675 0.003
      endloop
   endfacet
   facet normal 0.707107 -0.707107 0
      outer loop
         vertex 0.0109842 0.00745711 0.005
         vertex 0.0107675 0.00713268 0.005
         vertex 0.0107675 0.00713268 0.003
      endloop
   endfacet
   facet normal 0.382683 -0.92388 0
      outer loop
         vertex 0.0113087 0.00767388 0.005
         vertex 0.0109842 0.00745711 0.005
         vertex 0.0109842 0.00745711 0.003
      endloop
   endfacet
   facet normal -6.12323e-17 -1 0
      outer loop
         vertex 0.0116913 0.00775 0.005
         vertex 0.0113087 0.00767388 0.005
         vertex 0.0113087 0.00767388 0.003
      endloop
   endfacet
   facet normal -0.382683 -0.92388 0
      outer loop
         vertex 0.012074 0.00767388 0.005
         vertex 0.0116913 0.00775 0.005
         vertex 0.0116913 0.00775 0.003
      endloop
   endfacet
   facet normal -0.707107 -0.707107 0
      outer loop
         vertex 0.0123984 0.00745711 0.005
         vertex 0.012074 0.00767388 0.005
         vertex 0.012074 0.00767388 0.003
      endloop
   endfacet
   facet normal -0.92388 -0.382683 0
      outer loop
         vertex 0.0126152 0.00713268 0.005
         vertex 0.0123984 0.00745711 0.005
         vertex 0.0123984 0.00745711 0.003
      endloop
   endfacet
   facet normal -1 2.44929e-16 0
      outer loop
         vertex 0.0126913 0.00675 0.005
         vertex 0.0126152 0.00713268 0.005
         vertex 0.0126152 0.00713268 0.003
      endloop
   endfacet
   facet normal -0.92388 -0.382683 0
      outer loop
         vertex 0.0126152 0.00713268 0.003
         vertex 0.0126913 0.00675 0.003
         vertex 0.0126913 0.00675 0.005
      endloop
   endfacet
   facet normal -0.707107 -0.707107 0
      outer loop
         vertex 0.0123984 0.00745711 0.003
         vertex 0.0126152 0.00713268 0.003
         vertex 0.0126152 0.00713268 0.005
      endloop
   endfacet
   facet normal -0.382683 -0.92388 0
      outer loop
         vertex 0.012074 0.00767388 0.003
         vertex 0.0123984 0.00745711 0.003
         vertex 0.0123984 0.00745711 0.005
      endloop
   endfacet
   facet normal -6.12323e-17 -1 0
      outer loop
         vertex 0.0116913 0.00775 0.003
         vertex 0.012074 0.00767388 0.003
         vertex 0.012074 0.00767388 0.005
      endloop
   endfacet
   facet normal 0.382683 -0.92388 0
      outer loop
         vertex 0.0113087 0.00767388 0.003
         vertex 0.0116913 0.00775 0.003
         vertex 0.0116913 0.00775 0.005
      endloop
   endfacet
   facet normal 0.707107 -0.707107 0
      outer loop
         vertex 0.0109842 0.00745711 0.003
         vertex 0.0113087 0.00767388 0.003
         vertex 0.0113087 0.00767388 0.005
      endloop
   endfacet
   facet normal 0.92388 -0.382683 0
      outer loop
         vertex 0.0107675 0.00713268 0.003
         vertex 0.0109842 0.00745711 0.003
         vertex 0.0109842 0.00745711 0.005
      endloop
   endfacet
   facet normal 1 -1.22465e-16 0
      outer loop
         vertex 0.0106913 0.00675 0.003
         vertex 0.0107675 0.00713268 0.003
         vertex 0.0107675 0.00713268 0.005
      endloop
   endfacet
   facet normal 0.926797 0.375563 0
      outer loop
         vertex 0.0107659 0.006375 0.003
         vertex 0.0106913 0.00675 0.003
         vertex 0.0106913 0.00675 0.005
      endloop
   endfacet
   facet normal 0.707107 0.707107 0
      outer loop
         vertex 0.0109842 0.00604289 0.003
         vertex 0.0107675 0.00636732 0.003
         vertex 0.0107675 0.00636732 0.005
      endloop
   endfacet
   facet normal 0.382683 0.92388 0
      outer loop
         vertex 0.0113087 0.00582612 0.003
         vertex 0.0109842 0.00604289 0.003
         vertex 0.0109842 0.00604289 0.005
      endloop
   endfacet
   facet normal 1.83697e-16 1 0
      outer loop
         vertex 0.0116913 0.00575 0.003
         vertex 0.0113087 0.00582612 0.003
         vertex 0.0113087 0.00582612 0.005
      endloop
   endfacet
   facet normal -0.382683 0.92388 0
      outer loop
         vertex 0.012074 0.00582612 0.003
         vertex 0.0116913 0.00575 0.003
         vertex 0.0116913 0.00575 0.005
      endloop
   endfacet
   facet normal -0.5 0.866025 0
      outer loop
         vertex 0.0121913 0.00588397 0.005
         vertex 0.0121913 0.00588397 0.003
         vertex 0.012074 0.00582612 0.003
      endloop
   endfacet
   facet normal -0.92388 0.382683 0
      outer loop
         vertex 0.0126152 0.00636732 0.003
         vertex 0.0123984 0.00604289 0.003
         vertex 0.0123984 0.00604289 0.005
      endloop
   endfacet
   facet normal -0.926797 0.375563 0
      outer loop
         vertex 0.0126168 0.006375 0.005
         vertex 0.0126168 0.006375 0.003
         vertex 0.0126152 0.00636732 0.003
      endloop
   endfacet
   facet normal -0.92388 0.382683 0
      outer loop
         vertex 0.0100171 0.00486732 0.005
         vertex 0.0100933 0.00525 0.005
         vertex 0.0100933 0.00525 0.003
      endloop
   endfacet
   facet normal -0.707107 0.707107 0
      outer loop
         vertex 0.00980037 0.00454289 0.005
         vertex 0.0100171 0.00486732 0.005
         vertex 0.0100171 0.00486732 0.003
      endloop
   endfacet
   facet normal -0.382683 0.92388 0
      outer loop
         vertex 0.00947595 0.00432612 0.003
         vertex 0.00947595 0.00432612 0.005
         vertex 0.00959327 0.00438397 0.005
      endloop
   endfacet
   facet normal -0.707107 0.707107 0
      outer loop
         vertex 0.00980037 0.00454289 0.005
         vertex 0.00980037 0.00454289 0.003
         vertex 0.00959327 0.00438397 0.003
      endloop
   endfacet
   facet normal -0.5 0.866025 0
      outer loop
         vertex 0.00959327 0.00438397 0.003
         vertex 0.00959327 0.00438397 0.005
         vertex 0.00980037 0.00454289 0.005
      endloop
   endfacet
   facet normal 1.83697e-16 1 0
      outer loop
         vertex 0.00909327 0.00425 0.005
         vertex 0.00947595 0.00432612 0.005
         vertex 0.00947595 0.00432612 0.003
      endloop
   endfacet
   facet normal 0.382683 0.92388 0
      outer loop
         vertex 0.00871058 0.00432612 0.005
         vertex 0.00909327 0.00425 0.005
         vertex 0.00909327 0.00425 0.003
      endloop
   endfacet
   facet normal 0.707107 0.707107 0
      outer loop
         vertex 0.00838616 0.00454289 0.005
         vertex 0.00871058 0.00432612 0.005
         vertex 0.00871058 0.00432612 0.003
      endloop
   endfacet
   facet normal 0.92388 0.382683 0
      outer loop
         vertex 0.00816939 0.00486732 0.005
         vertex 0.00838616 0.00454289 0.005
         vertex 0.00838616 0.00454289 0.003
      endloop
   endfacet
   facet normal 1 -1.22465e-16 0
      outer loop
         vertex 0.00809327 0.00525 0.005
         vertex 0.00816939 0.00486732 0.005
         vertex 0.00816939 0.00486732 0.003
      endloop
   endfacet
   facet normal 0.92388 -0.382683 0
      outer loop
         vertex 0.00816939 0.00563268 0.005
         vertex 0.00809327 0.00525 0.005
         vertex 0.00809327 0.00525 0.003
      endloop
   endfacet
   facet normal 0.707107 -0.707107 0
      outer loop
         vertex 0.00838616 0.00595711 0.005
         vertex 0.00816939 0.00563268 0.005
         vertex 0.00816939 0.00563268 0.003
      endloop
   endfacet
   facet normal 0.382683 -0.92388 0
      outer loop
         vertex 0.00871058 0.00617388 0.005
         vertex 0.00838616 0.00595711 0.005
         vertex 0.00838616 0.00595711 0.003
      endloop
   endfacet
   facet normal -6.12323e-17 -1 0
      outer loop
         vertex 0.00909327 0.00625 0.005
         vertex 0.00871058 0.00617388 0.005
         vertex 0.00871058 0.00617388 0.003
      endloop
   endfacet
   facet normal -0.382683 -0.92388 0
      outer loop
         vertex 0.00947595 0.00617388 0.005
         vertex 0.00909327 0.00625 0.005
         vertex 0.00909327 0.00625 0.003
      endloop
   endfacet
   facet normal -0.707107 -0.707107 0
      outer loop
         vertex 0.00980037 0.00595711 0.005
         vertex 0.00947595 0.00617388 0.005
         vertex 0.00947595 0.00617388 0.003
      endloop
   endfacet
   facet normal -0.92388 -0.382683 0
      outer loop
         vertex 0.0100171 0.00563268 0.005
         vertex 0.00980037 0.00595711 0.005
         vertex 0.00980037 0.00595711 0.003
      endloop
   endfacet
   facet normal -1 2.44929e-16 0
      outer loop
         vertex 0.0100933 0.00525 0.005
         vertex 0.0100171 0.00563268 0.005
         vertex 0.0100171 0.00563268 0.003
      endloop
   endfacet
   facet normal -0.92388 -0.382683 0
      outer loop
         vertex 0.0100171 0.00563268 0.003
         vertex 0.0100933 0.00525 0.003
         vertex 0.0100933 0.00525 0.005
      endloop
   endfacet
   facet normal -0.707107 -0.707107 0
      outer loop
         vertex 0.00980037 0.00595711 0.003
         vertex 0.0100171 0.00563268 0.003
         vertex 0.0100171 0.00563268 0.005
      endloop
   endfacet
   facet normal -0.382683 -0.92388 0
      outer loop
         vertex 0.00947595 0.00617388 0.003
         vertex 0.00980037 0.00595711 0.003
         vertex 0.00980037 0.00595711 0.005
      endloop
   endfacet
   facet normal -6.12323e-17 -1 0
      outer loop
         vertex 0.00909327 0.00625 0.003
         vertex 0.00947595 0.00617388 0.003
         vertex 0.00947595 0.00617388 0.005
      endloop
   endfacet
   facet normal 0.382683 -0.92388 0
      outer loop
         vertex 0.00871058 0.00617388 0.003
         vertex 0.00909327 0.00625 0.003
         vertex 0.00909327 0.00625 0.005
      endloop
   endfacet
   facet normal 0.707107 -0.707107 0
      outer loop
         vertex 0.00838616 0.00595711 0.003
         vertex 0.00871058 0.00617388 0.003
         vertex 0.00871058 0.00617388 0.005
      endloop
   endfacet
   facet normal 0.92388 -0.382683 0
      outer loop
         vertex 0.00816939 0.00563268 0.003
         vertex 0.00838616 0.00595711 0.003
         vertex 0.00838616 0.00595711 0.005
      endloop
   endfacet
   facet normal 1 -1.22465e-16 0
      outer loop
         vertex 0.00809327 0.00525 0.003
         vertex 0.00816939 0.00563268 0.003
         vertex 0.00816939 0.00563268 0.005
      endloop
   endfacet
   facet normal 0.92388 0.382683 0
      outer loop
         vertex 0.00816939 0.00486732 0.003
         vertex 0.00809327 0.00525 0.003
         vertex 0.00809327 0.00525 0.005
      endloop
   endfacet
   facet normal 0.707107 0.707107 0
      outer loop
         vertex 0.00838616 0.00454289 0.003
         vertex 0.00816939 0.00486732 0.003
         vertex 0.00816939 0.00486732 0.005
      endloop
   endfacet
   facet normal 0.382683 0.92388 0
      outer loop
         vertex 0.00871058 0.00432612 0.003
         vertex 0.00838616 0.00454289 0.003
         vertex 0.00838616 0.00454289 0.005
      endloop
   endfacet
   facet normal 1.83697e-16 1 0
      outer loop
         vertex 0.00909327 0.00425 0.003
         vertex 0.00871058 0.00432612 0.003
         vertex 0.00871058 0.00432612 0.005
      endloop
   endfacet
   facet normal -0.382683 0.92388 0
      outer loop
         vertex 0.00947595 0.00432612 0.003
         vertex 0.00909327 0.00425 0.003
         vertex 0.00909327 0.00425 0.005
      endloop
   endfacet
   facet normal -0.5 0.866025 0
      outer loop
         vertex 0.00959327 0.00438397 0.005
         vertex 0.00959327 0.00438397 0.003
         vertex 0.00947595 0.00432612 0.003
      endloop
   endfacet
   facet normal -0.92388 0.382683 0
      outer loop
         vertex 0.0100171 0.00486732 0.003
         vertex 0.00980037 0.00454289 0.003
         vertex 0.00980037 0.00454289 0.005
      endloop
   endfacet
   facet normal -1 2.44929e-16 0
      outer loop
         vertex 0.0100933 0.00525 0.003
         vertex 0.0100171 0.00486732 0.003
         vertex 0.0100171 0.00486732 0.005
      endloop
   endfacet
   facet normal -0.92388 0.382683 0
      outer loop
         vertex 0.00741907 0.00336732 0.003
         vertex 0.00741907 0.00336732 0.005
         vertex 0.00744546 0.0035 0.005
      endloop
   endfacet
   facet normal -1 2.44929e-16 0
      outer loop
         vertex 0.00749519 0.00375 0.005
         vertex 0.00749519 0.00375 0.003
         vertex 0.00744546 0.0035 0.003
      endloop
   endfacet
   facet normal -0.967092 0.254425 0
      outer loop
         vertex 0.00744546 0.0035 0.003
         vertex 0.00744546 0.0035 0.005
         vertex 0.00749519 0.00375 0.005
      endloop
   endfacet
   facet normal -0.707107 0.707107 0
      outer loop
         vertex 0.0072023 0.00304289 0.005
         vertex 0.00741907 0.00336732 0.005
         vertex 0.00741907 0.00336732 0.003
      endloop
   endfacet
   facet normal -0.382683 0.92388 0
      outer loop
         vertex 0.00687787 0.00282612 0.005
         vertex 0.00699519 0.00288397 0.005
         vertex 0.00699519 0.00288397 0.003
      endloop
   endfacet
   facet normal -0.707107 0.707107 0
      outer loop
         vertex 0.0072023 0.00304289 0.003
         vertex 0.00699519 0.00288397 0.003
         vertex 0.00699519 0.00288397 0.005
      endloop
   endfacet
   facet normal -0.5 0.866025 0
      outer loop
         vertex 0.00699519 0.00288397 0.005
         vertex 0.0072023 0.00304289 0.005
         vertex 0.0072023 0.00304289 0.003
      endloop
   endfacet
   facet normal 1.83697e-16 1 0
      outer loop
         vertex 0.00649519 0.00275 0.005
         vertex 0.00687787 0.00282612 0.005
         vertex 0.00687787 0.00282612 0.003
      endloop
   endfacet
   facet normal 0.382683 0.92388 0
      outer loop
         vertex 0.00611251 0.00282612 0.005
         vertex 0.00649519 0.00275 0.005
         vertex 0.00649519 0.00275 0.003
      endloop
   endfacet
   facet normal 0.707107 0.707107 0
      outer loop
         vertex 0.00578808 0.00304289 0.005
         vertex 0.00611251 0.00282612 0.005
         vertex 0.00611251 0.00282612 0.003
      endloop
   endfacet
   facet normal 0.92388 0.382683 0
      outer loop
         vertex 0.00557131 0.00336732 0.005
         vertex 0.00578808 0.00304289 0.005
         vertex 0.00578808 0.00304289 0.003
      endloop
   endfacet
   facet normal 1 -1.22465e-16 0
      outer loop
         vertex 0.00549519 0.00375 0.005
         vertex 0.00554492 0.0035 0.005
         vertex 0.00554492 0.0035 0.003
      endloop
   endfacet
   facet normal 0.92388 0.382683 0
      outer loop
         vertex 0.00557131 0.00336732 0.003
         vertex 0.00554492 0.0035 0.003
         vertex 0.00554492 0.0035 0.005
      endloop
   endfacet
   facet normal 0.967092 0.254425 0
      outer loop
         vertex 0.00554492 0.0035 0.005
         vertex 0.00557131 0.00336732 0.005
         vertex 0.00557131 0.00336732 0.003
      endloop
   endfacet
   facet normal 0.92388 -0.382683 0
      outer loop
         vertex 0.00557131 0.00413268 0.005
         vertex 0.00549519 0.00375 0.005
         vertex 0.00549519 0.00375 0.003
      endloop
   endfacet
   facet normal 0.707107 -0.707107 0
      outer loop
         vertex 0.00578808 0.00445711 0.005
         vertex 0.00557131 0.00413268 0.005
         vertex 0.00557131 0.00413268 0.003
      endloop
   endfacet
   facet normal 0.382683 -0.92388 0
      outer loop
         vertex 0.00611251 0.00467388 0.005
         vertex 0.00578808 0.00445711 0.005
         vertex 0.00578808 0.00445711 0.003
      endloop
   endfacet
   facet normal -6.12323e-17 -1 0
      outer loop
         vertex 0.00649519 0.00475 0.005
         vertex 0.00611251 0.00467388 0.005
         vertex 0.00611251 0.00467388 0.003
      endloop
   endfacet
   facet normal -0.382683 -0.92388 0
      outer loop
         vertex 0.00687787 0.00467388 0.005
         vertex 0.00649519 0.00475 0.005
         vertex 0.00649519 0.00475 0.003
      endloop
   endfacet
   facet normal -0.707107 -0.707107 0
      outer loop
         vertex 0.0072023 0.00445711 0.005
         vertex 0.00687787 0.00467388 0.005
         vertex 0.00687787 0.00467388 0.003
      endloop
   endfacet
   facet normal -0.92388 -0.382683 0
      outer loop
         vertex 0.00741907 0.00413268 0.005
         vertex 0.0072023 0.00445711 0.005
         vertex 0.0072023 0.00445711 0.003
      endloop
   endfacet
   facet normal -1 2.44929e-16 0
      outer loop
         vertex 0.00749519 0.00375 0.005
         vertex 0.00741907 0.00413268 0.005
         vertex 0.00741907 0.00413268 0.003
      endloop
   endfacet
   facet normal -0.92388 -0.382683 0
      outer loop
         vertex 0.00741907 0.00413268 0.003
         vertex 0.00749519 0.00375 0.003
         vertex 0.00749519 0.00375 0.005
      endloop
   endfacet
   facet normal -0.707107 -0.707107 0
      outer loop
         vertex 0.0072023 0.00445711 0.003
         vertex 0.00741907 0.00413268 0.003
         vertex 0.00741907 0.00413268 0.005
      endloop
   endfacet
   facet normal -0.382683 -0.92388 0
      outer loop
         vertex 0.00687787 0.00467388 0.003
         vertex 0.0072023 0.00445711 0.003
         vertex 0.0072023 0.00445711 0.005
      endloop
   endfacet
   facet normal -6.12323e-17 -1 0
      outer loop
         vertex 0.00649519 0.00475 0.003
         vertex 0.00687787 0.00467388 0.003
         vertex 0.00687787 0.00467388 0.005
      endloop
   endfacet
   facet normal 0.382683 -0.92388 0
      outer loop
         vertex 0.00611251 0.00467388 0.003
         vertex 0.00649519 0.00475 0.003
         vertex 0.00649519 0.00475 0.005
      endloop
   endfacet
   facet normal 0.707107 -0.707107 0
      outer loop
         vertex 0.00578808 0.00445711 0.003
         vertex 0.00611251 0.00467388 0.003
         vertex 0.00611251 0.00467388 0.005
      endloop
   endfacet
   facet normal 0.92388 -0.382683 0
      outer loop
         vertex 0.00557131 0.00413268 0.003
         vertex 0.00578808 0.00445711 0.003
         vertex 0.00578808 0.00445711 0.005
      endloop
   endfacet
   facet normal 1 -1.22465e-16 0
      outer loop
         vertex 0.00549519 0.00375 0.003
         vertex 0.00557131 0.00413268 0.003
         vertex 0.00557131 0.00413268 0.005
      endloop
   endfacet
   facet normal 0.967092 0.254425 0
      outer loop
         vertex 0.00554492 0.0035 0.003
         vertex 0.00549519 0.00375 0.003
         vertex 0.00549519 0.00375 0.005
      endloop
   endfacet
   facet normal 0.707107 0.707107 0
      outer loop
         vertex 0.00578808 0.00304289 0.003
         vertex 0.00557131 0.00336732 0.003
         vertex 0.00557131 0.00336732 0.005
      endloop
   endfacet
   facet normal 0.382683 0.92388 0
      outer loop
         vertex 0.00611251 0.00282612 0.003
         vertex 0.00578808 0.00304289 0.003
         vertex 0.00578808 0.00304289 0.005
      endloop
   endfacet
   facet normal 1.83697e-16 1 0
      outer loop
         vertex 0.00649519 0.00275 0.003
         vertex 0.00611251 0.00282612 0.003
         vertex 0.00611251 0.00282612 0.005
      endloop
   endfacet
   facet normal -0.382683 0.92388 0
      outer loop
         vertex 0.00687787 0.00282612 0.003
         vertex 0.00649519 0.00275 0.003
         vertex 0.00649519 0.00275 0.005
      endloop
   endfacet
   facet normal -0.5 0.866025 0
      outer loop
         vertex 0.00699519 0.00288397 0.003
         vertex 0.00687787 0.00282612 0.003
         vertex 0.00687787 0.00282612 0.005
      endloop
   endfacet
   facet normal -0.92388 0.382683 0
      outer loop
         vertex 0.00741907 0.00336732 0.003
         vertex 0.0072023 0.00304289 0.003
         vertex 0.0072023 0.00304289 0.005
      endloop
   endfacet
   facet normal -0.967092 0.254425 0
      outer loop
         vertex 0.00744546 0.0035 0.005
         vertex 0.00744546 0.0035 0.003
         vertex 0.00741907 0.00336732 0.003
      endloop
   endfacet
   facet normal -0.92388 0.382683 0
      outer loop
         vertex 0.0126152 -0.00713268 0.005
         vertex 0.0126913 -0.00675 0.005
         vertex 0.0126913 -0.00675 0.003
      endloop
   endfacet
   facet normal -0.707107 0.707107 0
      outer loop
         vertex 0.0123984 -0.00745711 0.005
         vertex 0.0126152 -0.00713268 0.005
         vertex 0.0126152 -0.00713268 0.003
      endloop
   endfacet
   facet normal -0.382683 0.92388 0
      outer loop
         vertex 0.012074 -0.00767388 0.005
         vertex 0.0123984 -0.00745711 0.005
         vertex 0.0123984 -0.00745711 0.003
      endloop
   endfacet
   facet normal 1.83697e-16 1 0
      outer loop
         vertex 0.0116913 -0.00775 0.005
         vertex 0.012074 -0.00767388 0.005
         vertex 0.012074 -0.00767388 0.003
      endloop
   endfacet
   facet normal 0.382683 0.92388 0
      outer loop
         vertex 0.0113087 -0.00767388 0.005
         vertex 0.0116913 -0.00775 0.005
         vertex 0.0116913 -0.00775 0.003
      endloop
   endfacet
   facet normal 0.707107 0.707107 0
      outer loop
         vertex 0.0109842 -0.00745711 0.005
         vertex 0.0111913 -0.00761603 0.005
         vertex 0.0111913 -0.00761603 0.003
      endloop
   endfacet
   facet normal 0.382683 0.92388 0
      outer loop
         vertex 0.0113087 -0.00767388 0.003
         vertex 0.0111913 -0.00761603 0.003
         vertex 0.0111913 -0.00761603 0.005
      endloop
   endfacet
   facet normal 0.5 0.866025 0
      outer loop
         vertex 0.0111913 -0.00761603 0.005
         vertex 0.0113087 -0.00767388 0.005
         vertex 0.0113087 -0.00767388 0.003
      endloop
   endfacet
   facet normal 0.92388 0.382683 0
      outer loop
         vertex 0.0107675 -0.00713268 0.005
         vertex 0.0109842 -0.00745711 0.005
         vertex 0.0109842 -0.00745711 0.003
      endloop
   endfacet
   facet normal 1 -1.22465e-16 0
      outer loop
         vertex 0.0106913 -0.00675 0.005
         vertex 0.0107675 -0.00713268 0.005
         vertex 0.0107675 -0.00713268 0.003
      endloop
   endfacet
   facet normal 0.92388 -0.382683 0
      outer loop
         vertex 0.0107675 -0.00636732 0.005
         vertex 0.0107659 -0.006375 0.005
         vertex 0.0107659 -0.006375 0.003
      endloop
   endfacet
   facet normal 1 -1.22465e-16 0
      outer loop
         vertex 0.0106913 -0.00675 0.003
         vertex 0.0107659 -0.006375 0.003
         vertex 0.0107659 -0.006375 0.005
      endloop
   endfacet
   facet normal 0.926797 -0.375563 0
      outer loop
         vertex 0.0107659 -0.006375 0.005
         vertex 0.0106913 -0.00675 0.005
         vertex 0.0106913 -0.00675 0.003
      endloop
   endfacet
   facet normal 0.707107 -0.707107 0
      outer loop
         vertex 0.0109842 -0.00604289 0.005
         vertex 0.0107675 -0.00636732 0.005
         vertex 0.0107675 -0.00636732 0.003
      endloop
   endfacet
   facet normal 0.382683 -0.92388 0
      outer loop
         vertex 0.0113087 -0.00582612 0.005
         vertex 0.0109842 -0.00604289 0.005
         vertex 0.0109842 -0.00604289 0.003
      endloop
   endfacet
   facet normal -6.12323e-17 -1 0
      outer loop
         vertex 0.0116913 -0.00575 0.005
         vertex 0.0113087 -0.00582612 0.005
         vertex 0.0113087 -0.00582612 0.003
      endloop
   endfacet
   facet normal -0.382683 -0.92388 0
      outer loop
         vertex 0.012074 -0.00582612 0.005
         vertex 0.0116913 -0.00575 0.005
         vertex 0.0116913 -0.00575 0.003
      endloop
   endfacet
   facet normal -0.707107 -0.707107 0
      outer loop
         vertex 0.0123984 -0.00604289 0.005
         vertex 0.012074 -0.00582612 0.005
         vertex 0.012074 -0.00582612 0.003
      endloop
   endfacet
   facet normal -0.92388 -0.382683 0
      outer loop
         vertex 0.0126152 -0.00636732 0.005
         vertex 0.0123984 -0.00604289 0.005
         vertex 0.0123984 -0.00604289 0.003
      endloop
   endfacet
   facet normal -1 2.44929e-16 0
      outer loop
         vertex 0.0126913 -0.00675 0.003
         vertex 0.0126913 -0.00675 0.005
         vertex 0.0126168 -0.006375 0.005
      endloop
   endfacet
   facet normal -0.92388 -0.382683 0
      outer loop
         vertex 0.0126152 -0.00636732 0.005
         vertex 0.0126152 -0.00636732 0.003
         vertex 0.0126168 -0.006375 0.003
      endloop
   endfacet
   facet normal -0.926797 -0.375563 0
      outer loop
         vertex 0.0126168 -0.006375 0.003
         vertex 0.0126168 -0.006375 0.005
         vertex 0.0126152 -0.00636732 0.005
      endloop
   endfacet
   facet normal -0.926797 -0.375563 0
      outer loop
         vertex 0.0126168 -0.006375 0.005
         vertex 0.0126168 -0.006375 0.003
         vertex 0.0126913 -0.00675 0.003
      endloop
   endfacet
   facet normal -0.707107 -0.707107 0
      outer loop
         vertex 0.0123984 -0.00604289 0.003
         vertex 0.0126152 -0.00636732 0.003
         vertex 0.0126152 -0.00636732 0.005
      endloop
   endfacet
   facet normal -0.382683 -0.92388 0
      outer loop
         vertex 0.012074 -0.00582612 0.003
         vertex 0.0123984 -0.00604289 0.003
         vertex 0.0123984 -0.00604289 0.005
      endloop
   endfacet
   facet normal -6.12323e-17 -1 0
      outer loop
         vertex 0.0116913 -0.00575 0.003
         vertex 0.012074 -0.00582612 0.003
         vertex 0.012074 -0.00582612 0.005
      endloop
   endfacet
   facet normal 0.382683 -0.92388 0
      outer loop
         vertex 0.0113087 -0.00582612 0.003
         vertex 0.0116913 -0.00575 0.003
         vertex 0.0116913 -0.00575 0.005
      endloop
   endfacet
   facet normal 0.707107 -0.707107 0
      outer loop
         vertex 0.0109842 -0.00604289 0.003
         vertex 0.0113087 -0.00582612 0.003
         vertex 0.0113087 -0.00582612 0.005
      endloop
   endfacet
   facet normal 0.92388 -0.382683 0
      outer loop
         vertex 0.0107675 -0.00636732 0.003
         vertex 0.0109842 -0.00604289 0.003
         vertex 0.0109842 -0.00604289 0.005
      endloop
   endfacet
   facet normal 0.926797 -0.375563 0
      outer loop
         vertex 0.0107659 -0.006375 0.003
         vertex 0.0107675 -0.00636732 0.003
         vertex 0.0107675 -0.00636732 0.005
      endloop
   endfacet
   facet normal 0.92388 0.382683 0
      outer loop
         vertex 0.0107675 -0.00713268 0.003
         vertex 0.0106913 -0.00675 0.003
         vertex 0.0106913 -0.00675 0.005
      endloop
   endfacet
   facet normal 0.707107 0.707107 0
      outer loop
         vertex 0.0109842 -0.00745711 0.003
         vertex 0.0107675 -0.00713268 0.003
         vertex 0.0107675 -0.00713268 0.005
      endloop
   endfacet
   facet normal 0.5 0.866025 0
      outer loop
         vertex 0.0111913 -0.00761603 0.003
         vertex 0.0109842 -0.00745711 0.003
         vertex 0.0109842 -0.00745711 0.005
      endloop
   endfacet
   facet normal 1.83697e-16 1 0
      outer loop
         vertex 0.0116913 -0.00775 0.003
         vertex 0.0113087 -0.00767388 0.003
         vertex 0.0113087 -0.00767388 0.005
      endloop
   endfacet
   facet normal -0.382683 0.92388 0
      outer loop
         vertex 0.012074 -0.00767388 0.003
         vertex 0.0116913 -0.00775 0.003
         vertex 0.0116913 -0.00775 0.005
      endloop
   endfacet
   facet normal -0.707107 0.707107 0
      outer loop
         vertex 0.0123984 -0.00745711 0.003
         vertex 0.012074 -0.00767388 0.003
         vertex 0.012074 -0.00767388 0.005
      endloop
   endfacet
   facet normal -0.92388 0.382683 0
      outer loop
         vertex 0.0126152 -0.00713268 0.003
         vertex 0.0123984 -0.00745711 0.003
         vertex 0.0123984 -0.00745711 0.005
      endloop
   endfacet
   facet normal -1 2.44929e-16 0
      outer loop
         vertex 0.0126913 -0.00675 0.003
         vertex 0.0126152 -0.00713268 0.003
         vertex 0.0126152 -0.00713268 0.005
      endloop
   endfacet
   facet normal -0.92388 0.382683 0
      outer loop
         vertex 0.0100171 -0.00563268 0.005
         vertex 0.0100933 -0.00525 0.005
         vertex 0.0100933 -0.00525 0.003
      endloop
   endfacet
   facet normal -0.707107 0.707107 0
      outer loop
         vertex 0.00980037 -0.00595711 0.005
         vertex 0.0100171 -0.00563268 0.005
         vertex 0.0100171 -0.00563268 0.003
      endloop
   endfacet
   facet normal -0.382683 0.92388 0
      outer loop
         vertex 0.00947595 -0.00617388 0.005
         vertex 0.00980037 -0.00595711 0.005
         vertex 0.00980037 -0.00595711 0.003
      endloop
   endfacet
   facet normal 1.83697e-16 1 0
      outer loop
         vertex 0.00909327 -0.00625 0.005
         vertex 0.00947595 -0.00617388 0.005
         vertex 0.00947595 -0.00617388 0.003
      endloop
   endfacet
   facet normal 0.382683 0.92388 0
      outer loop
         vertex 0.00871058 -0.00617388 0.005
         vertex 0.00909327 -0.00625 0.005
         vertex 0.00909327 -0.00625 0.003
      endloop
   endfacet
   facet normal 0.707107 0.707107 0
      outer loop
         vertex 0.00838616 -0.00595711 0.003
         vertex 0.00838616 -0.00595711 0.005
         vertex 0.00859327 -0.00611603 0.005
      endloop
   endfacet
   facet normal 0.382683 0.92388 0
      outer loop
         vertex 0.00871058 -0.00617388 0.005
         vertex 0.00871058 -0.00617388 0.003
         vertex 0.00859327 -0.00611603 0.003
      endloop
   endfacet
   facet normal 0.5 0.866025 0
      outer loop
         vertex 0.00859327 -0.00611603 0.003
         vertex 0.00859327 -0.00611603 0.005
         vertex 0.00871058 -0.00617388 0.005
      endloop
   endfacet
   facet normal 0.92388 0.382683 0
      outer loop
         vertex 0.00816939 -0.00563268 0.005
         vertex 0.00838616 -0.00595711 0.005
         vertex 0.00838616 -0.00595711 0.003
      endloop
   endfacet
   facet normal 1 -1.22465e-16 0
      outer loop
         vertex 0.00809327 -0.00525 0.005
         vertex 0.00816939 -0.00563268 0.005
         vertex 0.00816939 -0.00563268 0.003
      endloop
   endfacet
   facet normal 0.92388 -0.382683 0
      outer loop
         vertex 0.00816939 -0.00486732 0.005
         vertex 0.00809327 -0.00525 0.005
         vertex 0.00809327 -0.00525 0.003
      endloop
   endfacet
   facet normal 0.707107 -0.707107 0
      outer loop
         vertex 0.00838616 -0.00454289 0.005
         vertex 0.00816939 -0.00486732 0.005
         vertex 0.00816939 -0.00486732 0.003
      endloop
   endfacet
   facet normal 0.382683 -0.92388 0
      outer loop
         vertex 0.00871058 -0.00432612 0.005
         vertex 0.00838616 -0.00454289 0.005
         vertex 0.00838616 -0.00454289 0.003
      endloop
   endfacet
   facet normal -6.12323e-17 -1 0
      outer loop
         vertex 0.00909327 -0.00425 0.005
         vertex 0.00871058 -0.00432612 0.005
         vertex 0.00871058 -0.00432612 0.003
      endloop
   endfacet
   facet normal -0.382683 -0.92388 0
      outer loop
         vertex 0.00947595 -0.00432612 0.005
         vertex 0.00909327 -0.00425 0.005
         vertex 0.00909327 -0.00425 0.003
      endloop
   endfacet
   facet normal -0.707107 -0.707107 0
      outer loop
         vertex 0.00980037 -0.00454289 0.005
         vertex 0.00947595 -0.00432612 0.005
         vertex 0.00947595 -0.00432612 0.003
      endloop
   endfacet
   facet normal -0.92388 -0.382683 0
      outer loop
         vertex 0.0100171 -0.00486732 0.005
         vertex 0.00980037 -0.00454289 0.005
         vertex 0.00980037 -0.00454289 0.003
      endloop
   endfacet
   facet normal -1 2.44929e-16 0
      outer loop
         vertex 0.0100933 -0.00525 0.005
         vertex 0.0100171 -0.00486732 0.005
         vertex 0.0100171 -0.00486732 0.003
      endloop
   endfacet
   facet normal -0.92388 -0.382683 0
      outer loop
         vertex 0.0100171 -0.00486732 0.003
         vertex 0.0100933 -0.00525 0.003
         vertex 0.0100933 -0.00525 0.005
      endloop
   endfacet
   facet normal -0.707107 -0.707107 0
      outer loop
         vertex 0.00980037 -0.00454289 0.003
         vertex 0.0100171 -0.00486732 0.003
         vertex 0.0100171 -0.00486732 0.005
      endloop
   endfacet
   facet normal -0.382683 -0.92388 0
      outer loop
         vertex 0.00947595 -0.00432612 0.003
         vertex 0.00980037 -0.00454289 0.003
         vertex 0.00980037 -0.00454289 0.005
      endloop
   endfacet
   facet normal -6.12323e-17 -1 0
      outer loop
         vertex 0.00909327 -0.00425 0.003
         vertex 0.00947595 -0.00432612 0.003
         vertex 0.00947595 -0.00432612 0.005
      endloop
   endfacet
   facet normal 0.382683 -0.92388 0
      outer loop
         vertex 0.00871058 -0.00432612 0.003
         vertex 0.00909327 -0.00425 0.003
         vertex 0.00909327 -0.00425 0.005
      endloop
   endfacet
   facet normal 0.707107 -0.707107 0
      outer loop
         vertex 0.00838616 -0.00454289 0.003
         vertex 0.00871058 -0.00432612 0.003
         vertex 0.00871058 -0.00432612 0.005
      endloop
   endfacet
   facet normal 0.92388 -0.382683 0
      outer loop
         vertex 0.00816939 -0.00486732 0.003
         vertex 0.00838616 -0.00454289 0.003
         vertex 0.00838616 -0.00454289 0.005
      endloop
   endfacet
   facet normal 1 -1.22465e-16 0
      outer loop
         vertex 0.00809327 -0.00525 0.003
         vertex 0.00816939 -0.00486732 0.003
         vertex 0.00816939 -0.00486732 0.005
      endloop
   endfacet
   facet normal 0.92388 0.382683 0
      outer loop
         vertex 0.00816939 -0.00563268 0.003
         vertex 0.00809327 -0.00525 0.003
         vertex 0.00809327 -0.00525 0.005
      endloop
   endfacet
   facet normal 0.707107 0.707107 0
      outer loop
         vertex 0.00838616 -0.00595711 0.003
         vertex 0.00816939 -0.00563268 0.003
         vertex 0.00816939 -0.00563268 0.005
      endloop
   endfacet
   facet normal 0.5 0.866025 0
      outer loop
         vertex 0.00859327 -0.00611603 0.005
         vertex 0.00859327 -0.00611603 0.003
         vertex 0.00838616 -0.00595711 0.003
      endloop
   endfacet
   facet normal 1.83697e-16 1 0
      outer loop
         vertex 0.00909327 -0.00625 0.003
         vertex 0.00871058 -0.00617388 0.003
         vertex 0.00871058 -0.00617388 0.005
      endloop
   endfacet
   facet normal -0.382683 0.92388 0
      outer loop
         vertex 0.00947595 -0.00617388 0.003
         vertex 0.00909327 -0.00625 0.003
         vertex 0.00909327 -0.00625 0.005
      endloop
   endfacet
   facet normal -0.707107 0.707107 0
      outer loop
         vertex 0.00980037 -0.00595711 0.003
         vertex 0.00947595 -0.00617388 0.003
         vertex 0.00947595 -0.00617388 0.005
      endloop
   endfacet
   facet normal -0.92388 0.382683 0
      outer loop
         vertex 0.0100171 -0.00563268 0.003
         vertex 0.00980037 -0.00595711 0.003
         vertex 0.00980037 -0.00595711 0.005
      endloop
   endfacet
   facet normal -1 2.44929e-16 0
      outer loop
         vertex 0.0100933 -0.00525 0.003
         vertex 0.0100171 -0.00563268 0.003
         vertex 0.0100171 -0.00563268 0.005
      endloop
   endfacet
   facet normal -0.92388 0.382683 0
      outer loop
         vertex 0.00741907 -0.00413268 0.005
         vertex 0.00749519 -0.00375 0.005
         vertex 0.00749519 -0.00375 0.003
      endloop
   endfacet
   facet normal -0.707107 0.707107 0
      outer loop
         vertex 0.0072023 -0.00445711 0.005
         vertex 0.00741907 -0.00413268 0.005
         vertex 0.00741907 -0.00413268 0.003
      endloop
   endfacet
   facet normal -0.382683 0.92388 0
      outer loop
         vertex 0.00687787 -0.00467388 0.005
         vertex 0.0072023 -0.00445711 0.005
         vertex 0.0072023 -0.00445711 0.003
      endloop
   endfacet
   facet normal 1.83697e-16 1 0
      outer loop
         vertex 0.00649519 -0.00475 0.005
         vertex 0.00687787 -0.00467388 0.005
         vertex 0.00687787 -0.00467388 0.003
      endloop
   endfacet
   facet normal 0.382683 0.92388 0
      outer loop
         vertex 0.00611251 -0.00467388 0.005
         vertex 0.00649519 -0.00475 0.005
         vertex 0.00649519 -0.00475 0.003
      endloop
   endfacet
   facet normal 0.707107 0.707107 0
      outer loop
         vertex 0.00578808 -0.00445711 0.003
         vertex 0.00578808 -0.00445711 0.005
         vertex 0.00599519 -0.00461603 0.005
      endloop
   endfacet
   facet normal 0.382683 0.92388 0
      outer loop
         vertex 0.00611251 -0.00467388 0.005
         vertex 0.00611251 -0.00467388 0.003
         vertex 0.00599519 -0.00461603 0.003
      endloop
   endfacet
   facet normal 0.5 0.866025 0
      outer loop
         vertex 0.00599519 -0.00461603 0.003
         vertex 0.00599519 -0.00461603 0.005
         vertex 0.00611251 -0.00467388 0.005
      endloop
   endfacet
   facet normal 0.92388 0.382683 0
      outer loop
         vertex 0.00557131 -0.00413268 0.005
         vertex 0.00578808 -0.00445711 0.005
         vertex 0.00578808 -0.00445711 0.003
      endloop
   endfacet
   facet normal 1 -1.22465e-16 0
      outer loop
         vertex 0.00549519 -0.00375 0.005
         vertex 0.00557131 -0.00413268 0.005
         vertex 0.00557131 -0.00413268 0.003
      endloop
   endfacet
   facet normal 0.92388 -0.382683 0
      outer loop
         vertex 0.00557131 -0.00336732 0.005
         vertex 0.00549519 -0.00375 0.005
         vertex 0.00549519 -0.00375 0.003
      endloop
   endfacet
   facet normal 0.707107 -0.707107 0
      outer loop
         vertex 0.00578808 -0.00304289 0.005
         vertex 0.00557131 -0.00336732 0.005
         vertex 0.00557131 -0.00336732 0.003
      endloop
   endfacet
   facet normal 0.382683 -0.92388 0
      outer loop
         vertex 0.00611251 -0.00282612 0.005
         vertex 0.00578808 -0.00304289 0.005
         vertex 0.00578808 -0.00304289 0.003
      endloop
   endfacet
   facet normal -6.12323e-17 -1 0
      outer loop
         vertex 0.00649519 -0.00275 0.005
         vertex 0.00611251 -0.00282612 0.005
         vertex 0.00611251 -0.00282612 0.003
      endloop
   endfacet
   facet normal -0.382683 -0.92388 0
      outer loop
         vertex 0.00687787 -0.00282612 0.005
         vertex 0.00649519 -0.00275 0.005
         vertex 0.00649519 -0.00275 0.003
      endloop
   endfacet
   facet normal -0.707107 -0.707107 0
      outer loop
         vertex 0.0072023 -0.00304289 0.005
         vertex 0.00687787 -0.00282612 0.005
         vertex 0.00687787 -0.00282612 0.003
      endloop
   endfacet
   facet normal -0.92388 -0.382683 0
      outer loop
         vertex 0.00741907 -0.00336732 0.005
         vertex 0.0072023 -0.00304289 0.005
         vertex 0.0072023 -0.00304289 0.003
      endloop
   endfacet
   facet normal -1 2.44929e-16 0
      outer loop
         vertex 0.00749519 -0.00375 0.005
         vertex 0.00741907 -0.00336732 0.005
         vertex 0.00741907 -0.00336732 0.003
      endloop
   endfacet
   facet normal -0.92388 -0.382683 0
      outer loop
         vertex 0.00741907 -0.00336732 0.003
         vertex 0.00749519 -0.00375 0.003
         vertex 0.00749519 -0.00375 0.005
      endloop
   endfacet
   facet normal -0.707107 -0.707107 0
      outer loop
         vertex 0.0072023 -0.00304289 0.003
         vertex 0.00741907 -0.00336732 0.003
         vertex 0.00741907 -0.00336732 0.005
      endloop
   endfacet
   facet normal -0.382683 -0.92388 0
      outer loop
         vertex 0.00687787 -0.00282612 0.003
         vertex 0.0072023 -0.00304289 0.003
         vertex 0.0072023 -0.00304289 0.005
      endloop
   endfacet
   facet normal -6.12323e-17 -1 0
      outer loop
         vertex 0.00649519 -0.00275 0.003
         vertex 0.00687787 -0.00282612 0.003
         vertex 0.00687787 -0.00282612 0.005
      endloop
   endfacet
   facet normal 0.382683 -0.92388 0
      outer loop
         vertex 0.00611251 -0.00282612 0.003
         vertex 0.00649519 -0.00275 0.003
         vertex 0.00649519 -0.00275 0.005
      endloop
   endfacet
   facet normal 0.707107 -0.707107 0
      outer loop
         vertex 0.00578808 -0.00304289 0.003
         vertex 0.00611251 -0.00282612 0.003
         vertex 0.00611251 -0.00282612 0.005
      endloop
   endfacet
   facet normal 0.92388 -0.382683 0
      outer loop
         vertex 0.00557131 -0.00336732 0.003
         vertex 0.00578808 -0.00304289 0.003
         vertex 0.00578808 -0.00304289 0.005
      endloop
   endfacet
   facet normal 1 -1.22465e-16 0
      outer loop
         vertex 0.00549519 -0.00375 0.003
         vertex 0.00557131 -0.00336732 0.003
         vertex 0.00557131 -0.00336732 0.005
      endloop
   endfacet
   facet normal 0.92388 0.382683 0
      outer loop
         vertex 0.00557131 -0.00413268 0.003
         vertex 0.00549519 -0.00375 0.003
         vertex 0.00549519 -0.00375 0.005
      endloop
   endfacet
   facet normal 0.707107 0.707107 0
      outer loop
         vertex 0.00578808 -0.00445711 0.003
         vertex 0.00557131 -0.00413268 0.003
         vertex 0.00557131 -0.00413268 0.005
      endloop
   endfacet
   facet normal 0.5 0.866025 0
      outer loop
         vertex 0.00599519 -0.00461603 0.005
         vertex 0.00599519 -0.00461603 0.003
         vertex 0.00578808 -0.00445711 0.003
      endloop
   endfacet
   facet normal 1.83697e-16 1 0
      outer loop
         vertex 0.00649519 -0.00475 0.003
         vertex 0.00611251 -0.00467388 0.003
         vertex 0.00611251 -0.00467388 0.005
      endloop
   endfacet
   facet normal -0.382683 0.92388 0
      outer loop
         vertex 0.00687787 -0.00467388 0.003
         vertex 0.00649519 -0.00475 0.003
         vertex 0.00649519 -0.00475 0.005
      endloop
   endfacet
   facet normal -0.707107 0.707107 0
      outer loop
         vertex 0.0072023 -0.00445711 0.003
         vertex 0.00687787 -0.00467388 0.003
         vertex 0.00687787 -0.00467388 0.005
      endloop
   endfacet
   facet normal -0.92388 0.382683 0
      outer loop
         vertex 0.00741907 -0.00413268 0.003
         vertex 0.0072023 -0.00445711 0.003
         vertex 0.0072023 -0.00445711 0.005
      endloop
   endfacet
   facet normal -1 2.44929e-16 0
      outer loop
         vertex 0.00749519 -0.00375 0.003
         vertex 0.00741907 -0.00413268 0.003
         vertex 0.00741907 -0.00413268 0.005
      endloop
   endfacet
   facet normal -0.92388 0.382683 0
      outer loop
         vertex 0.00092388 -0.0138827 0.005
         vertex 0.001 -0.0135 0.005
         vertex 0.001 -0.0135 0.003
      endloop
   endfacet
   facet normal -0.707107 0.707107 0
      outer loop
         vertex 0.000707107 -0.0142071 0.005
         vertex 0.00092388 -0.0138827 0.005
         vertex 0.00092388 -0.0138827 0.003
      endloop
   endfacet
   facet normal -0.382683 0.92388 0
      outer loop
         vertex 0.000382683 -0.0144239 0.005
         vertex 0.000707107 -0.0142071 0.005
         vertex 0.000707107 -0.0142071 0.003
      endloop
   endfacet
   facet normal 1.83697e-16 1 0
      outer loop
         vertex -1.83697e-19 -0.0145 0.005
         vertex 0.000382683 -0.0144239 0.005
         vertex 0.000382683 -0.0144239 0.003
      endloop
   endfacet
   facet normal 0.382683 0.92388 0
      outer loop
         vertex -0.000382683 -0.0144239 0.005
         vertex -1.83697e-19 -0.0145 0.005
         vertex -1.83697e-19 -0.0145 0.003
      endloop
   endfacet
   facet normal 0.707107 0.707107 0
      outer loop
         vertex -0.000707107 -0.0142071 0.005
         vertex -0.000382683 -0.0144239 0.005
         vertex -0.000382683 -0.0144239 0.003
      endloop
   endfacet
   facet normal 0.92388 0.382683 0
      outer loop
         vertex -0.00092388 -0.0138827 0.005
         vertex -0.000707107 -0.0142071 0.005
         vertex -0.000707107 -0.0142071 0.003
      endloop
   endfacet
   facet normal 1 0 0
      outer loop
         vertex -0.001 -0.0135 0.005
         vertex -0.00092388 -0.0138827 0.005
         vertex -0.00092388 -0.0138827 0.003
      endloop
   endfacet
   facet normal 0.92388 -0.382683 0
      outer loop
         vertex -0.00092388 -0.0131173 0.005
         vertex -0.001 -0.0135 0.005
         vertex -0.001 -0.0135 0.003
      endloop
   endfacet
   facet normal 0.707107 -0.707107 0
      outer loop
         vertex -0.000707107 -0.0127929 0.005
         vertex -0.00092388 -0.0131173 0.005
         vertex -0.00092388 -0.0131173 0.003
      endloop
   endfacet
   facet normal 0.382683 -0.92388 0
      outer loop
         vertex -0.000382683 -0.0125761 0.005
         vertex -0.000707107 -0.0127929 0.005
         vertex -0.000707107 -0.0127929 0.003
      endloop
   endfacet
   facet normal 1.60812e-16 -1 0
      outer loop
         vertex -1.60812e-19 -0.0125 0.005
         vertex -0.000382683 -0.0125761 0.005
         vertex -0.000382683 -0.0125761 0.003
      endloop
   endfacet
   facet normal -0.382683 -0.92388 0
      outer loop
         vertex 0.000382683 -0.0125761 0.005
         vertex -1.60812e-19 -0.0125 0.005
         vertex -1.60812e-19 -0.0125 0.003
      endloop
   endfacet
   facet normal -0.707107 -0.707107 0
      outer loop
         vertex 0.000707107 -0.0127929 0.005
         vertex 0.000382683 -0.0125761 0.005
         vertex 0.000382683 -0.0125761 0.003
      endloop
   endfacet
   facet normal -0.92388 -0.382683 0
      outer loop
         vertex 0.00092388 -0.0131173 0.005
         vertex 0.000707107 -0.0127929 0.005
         vertex 0.000707107 -0.0127929 0.003
      endloop
   endfacet
   facet normal -1 2.44929e-16 0
      outer loop
         vertex 0.001 -0.0135 0.005
         vertex 0.00092388 -0.0131173 0.005
         vertex 0.00092388 -0.0131173 0.003
      endloop
   endfacet
   facet normal -0.92388 -0.382683 0
      outer loop
         vertex 0.00092388 -0.0131173 0.003
         vertex 0.001 -0.0135 0.003
         vertex 0.001 -0.0135 0.005
      endloop
   endfacet
   facet normal -0.707107 -0.707107 0
      outer loop
         vertex 0.000707107 -0.0127929 0.003
         vertex 0.00092388 -0.0131173 0.003
         vertex 0.00092388 -0.0131173 0.005
      endloop
   endfacet
   facet normal -0.382683 -0.92388 0
      outer loop
         vertex 0.000382683 -0.0125761 0.003
         vertex 0.000707107 -0.0127929 0.003
         vertex 0.000707107 -0.0127929 0.005
      endloop
   endfacet
   facet normal 1.60812e-16 -1 0
      outer loop
         vertex -1.60812e-19 -0.0125 0.003
         vertex 0.000382683 -0.0125761 0.003
         vertex 0.000382683 -0.0125761 0.005
      endloop
   endfacet
   facet normal 0.382683 -0.92388 0
      outer loop
         vertex -0.000382683 -0.0125761 0.003
         vertex -1.60812e-19 -0.0125 0.003
         vertex -1.60812e-19 -0.0125 0.005
      endloop
   endfacet
   facet normal 0.707107 -0.707107 0
      outer loop
         vertex -0.000707107 -0.0127929 0.003
         vertex -0.000382683 -0.0125761 0.003
         vertex -0.000382683 -0.0125761 0.005
      endloop
   endfacet
   facet normal 0.92388 -0.382683 0
      outer loop
         vertex -0.00092388 -0.0131173 0.003
         vertex -0.000707107 -0.0127929 0.003
         vertex -0.000707107 -0.0127929 0.005
      endloop
   endfacet
   facet normal 1 0 0
      outer loop
         vertex -0.001 -0.0135 0.003
         vertex -0.00092388 -0.0131173 0.003
         vertex -0.00092388 -0.0131173 0.005
      endloop
   endfacet
   facet normal 0.92388 0.382683 0
      outer loop
         vertex -0.00092388 -0.0138827 0.003
         vertex -0.001 -0.0135 0.003
         vertex -0.001 -0.0135 0.005
      endloop
   endfacet
   facet normal 0.707107 0.707107 0
      outer loop
         vertex -0.000707107 -0.0142071 0.003
         vertex -0.00092388 -0.0138827 0.003
         vertex -0.00092388 -0.0138827 0.005
      endloop
   endfacet
   facet normal 0.382683 0.92388 0
      outer loop
         vertex -0.000382683 -0.0144239 0.003
         vertex -0.000707107 -0.0142071 0.003
         vertex -0.000707107 -0.0142071 0.005
      endloop
   endfacet
   facet normal 1.83697e-16 1 0
      outer loop
         vertex -1.83697e-19 -0.0145 0.003
         vertex -0.000382683 -0.0144239 0.003
         vertex -0.000382683 -0.0144239 0.005
      endloop
   endfacet
   facet normal -0.382683 0.92388 0
      outer loop
         vertex 0.000382683 -0.0144239 0.003
         vertex -1.83697e-19 -0.0145 0.003
         vertex -1.83697e-19 -0.0145 0.005
      endloop
   endfacet
   facet normal -0.707107 0.707107 0
      outer loop
         vertex 0.000707107 -0.0142071 0.003
         vertex 0.000382683 -0.0144239 0.003
         vertex 0.000382683 -0.0144239 0.005
      endloop
   endfacet
   facet normal -0.92388 0.382683 0
      outer loop
         vertex 0.00092388 -0.0138827 0.003
         vertex 0.000707107 -0.0142071 0.003
         vertex 0.000707107 -0.0142071 0.005
      endloop
   endfacet
   facet normal -1 2.44929e-16 0
      outer loop
         vertex 0.001 -0.0135 0.003
         vertex 0.00092388 -0.0138827 0.003
         vertex 0.00092388 -0.0138827 0.005
      endloop
   endfacet
   facet normal -0.92388 0.382683 0
      outer loop
         vertex 0.00092388 -0.0108827 0.005
         vertex 0.001 -0.0105 0.005
         vertex 0.001 -0.0105 0.003
      endloop
   endfacet
   facet normal -0.707107 0.707107 0
      outer loop
         vertex 0.000707107 -0.0112071 0.005
         vertex 0.00092388 -0.0108827 0.005
         vertex 0.00092388 -0.0108827 0.003
      endloop
   endfacet
   facet normal -0.382683 0.92388 0
      outer loop
         vertex 0.000382683 -0.0114239 0.005
         vertex 0.000707107 -0.0112071 0.005
         vertex 0.000707107 -0.0112071 0.003
      endloop
   endfacet
   facet normal 1.83697e-16 1 0
      outer loop
         vertex -1.83697e-19 -0.0115 0.005
         vertex 0.000382683 -0.0114239 0.005
         vertex 0.000382683 -0.0114239 0.003
      endloop
   endfacet
   facet normal 0.382683 0.92388 0
      outer loop
         vertex -0.000382683 -0.0114239 0.005
         vertex -1.83697e-19 -0.0115 0.005
         vertex -1.83697e-19 -0.0115 0.003
      endloop
   endfacet
   facet normal 0.707107 0.707107 0
      outer loop
         vertex -0.000707107 -0.0112071 0.005
         vertex -0.000382683 -0.0114239 0.005
         vertex -0.000382683 -0.0114239 0.003
      endloop
   endfacet
   facet normal 0.92388 0.382683 0
      outer loop
         vertex -0.00092388 -0.0108827 0.005
         vertex -0.000707107 -0.0112071 0.005
         vertex -0.000707107 -0.0112071 0.003
      endloop
   endfacet
   facet normal 1 0 0
      outer loop
         vertex -0.001 -0.0105 0.005
         vertex -0.00092388 -0.0108827 0.005
         vertex -0.00092388 -0.0108827 0.003
      endloop
   endfacet
   facet normal 0.92388 -0.382683 0
      outer loop
         vertex -0.00092388 -0.0101173 0.005
         vertex -0.001 -0.0105 0.005
         vertex -0.001 -0.0105 0.003
      endloop
   endfacet
   facet normal 0.707107 -0.707107 0
      outer loop
         vertex -0.000707107 -0.00979289 0.005
         vertex -0.00092388 -0.0101173 0.005
         vertex -0.00092388 -0.0101173 0.003
      endloop
   endfacet
   facet normal 0.382683 -0.92388 0
      outer loop
         vertex -0.000382683 -0.00957612 0.005
         vertex -0.000707107 -0.00979289 0.005
         vertex -0.000707107 -0.00979289 0.003
      endloop
   endfacet
   facet normal 1.60812e-16 -1 0
      outer loop
         vertex -1.60812e-19 -0.0095 0.005
         vertex -0.000382683 -0.00957612 0.005
         vertex -0.000382683 -0.00957612 0.003
      endloop
   endfacet
   facet normal -0.382683 -0.92388 0
      outer loop
         vertex 0.000382683 -0.00957612 0.005
         vertex -1.60812e-19 -0.0095 0.005
         vertex -1.60812e-19 -0.0095 0.003
      endloop
   endfacet
   facet normal -0.707107 -0.707107 0
      outer loop
         vertex 0.000707107 -0.00979289 0.005
         vertex 0.000382683 -0.00957612 0.005
         vertex 0.000382683 -0.00957612 0.003
      endloop
   endfacet
   facet normal -0.92388 -0.382683 0
      outer loop
         vertex 0.00092388 -0.0101173 0.005
         vertex 0.000707107 -0.00979289 0.005
         vertex 0.000707107 -0.00979289 0.003
      endloop
   endfacet
   facet normal -1 2.44929e-16 0
      outer loop
         vertex 0.001 -0.0105 0.005
         vertex 0.00092388 -0.0101173 0.005
         vertex 0.00092388 -0.0101173 0.003
      endloop
   endfacet
   facet normal -0.92388 -0.382683 0
      outer loop
         vertex 0.00092388 -0.0101173 0.003
         vertex 0.001 -0.0105 0.003
         vertex 0.001 -0.0105 0.005
      endloop
   endfacet
   facet normal -0.707107 -0.707107 0
      outer loop
         vertex 0.000707107 -0.00979289 0.003
         vertex 0.00092388 -0.0101173 0.003
         vertex 0.00092388 -0.0101173 0.005
      endloop
   endfacet
   facet normal -0.382683 -0.92388 0
      outer loop
         vertex 0.000382683 -0.00957612 0.003
         vertex 0.000707107 -0.00979289 0.003
         vertex 0.000707107 -0.00979289 0.005
      endloop
   endfacet
   facet normal 1.60812e-16 -1 0
      outer loop
         vertex -1.60812e-19 -0.0095 0.003
         vertex 0.000382683 -0.00957612 0.003
         vertex 0.000382683 -0.00957612 0.005
      endloop
   endfacet
   facet normal 0.382683 -0.92388 0
      outer loop
         vertex -0.000382683 -0.00957612 0.003
         vertex -1.60812e-19 -0.0095 0.003
         vertex -1.60812e-19 -0.0095 0.005
      endloop
   endfacet
   facet normal 0.707107 -0.707107 0
      outer loop
         vertex -0.000707107 -0.00979289 0.003
         vertex -0.000382683 -0.00957612 0.003
         vertex -0.000382683 -0.00957612 0.005
      endloop
   endfacet
   facet normal 0.92388 -0.382683 0
      outer loop
         vertex -0.00092388 -0.0101173 0.003
         vertex -0.000707107 -0.00979289 0.003
         vertex -0.000707107 -0.00979289 0.005
      endloop
   endfacet
   facet normal 1 0 0
      outer loop
         vertex -0.001 -0.0105 0.003
         vertex -0.00092388 -0.0101173 0.003
         vertex -0.00092388 -0.0101173 0.005
      endloop
   endfacet
   facet normal 0.92388 0.382683 0
      outer loop
         vertex -0.00092388 -0.0108827 0.003
         vertex -0.001 -0.0105 0.003
         vertex -0.001 -0.0105 0.005
      endloop
   endfacet
   facet normal 0.707107 0.707107 0
      outer loop
         vertex -0.000707107 -0.0112071 0.003
         vertex -0.00092388 -0.0108827 0.003
         vertex -0.00092388 -0.0108827 0.005
      endloop
   endfacet
   facet normal 0.382683 0.92388 0
      outer loop
         vertex -0.000382683 -0.0114239 0.003
         vertex -0.000707107 -0.0112071 0.003
         vertex -0.000707107 -0.0112071 0.005
      endloop
   endfacet
   facet normal 1.83697e-16 1 0
      outer loop
         vertex -1.83697e-19 -0.0115 0.003
         vertex -0.000382683 -0.0114239 0.003
         vertex -0.000382683 -0.0114239 0.005
      endloop
   endfacet
   facet normal -0.382683 0.92388 0
      outer loop
         vertex 0.000382683 -0.0114239 0.003
         vertex -1.83697e-19 -0.0115 0.003
         vertex -1.83697e-19 -0.0115 0.005
      endloop
   endfacet
   facet normal -0.707107 0.707107 0
      outer loop
         vertex 0.000707107 -0.0112071 0.003
         vertex 0.000382683 -0.0114239 0.003
         vertex 0.000382683 -0.0114239 0.005
      endloop
   endfacet
   facet normal -0.92388 0.382683 0
      outer loop
         vertex 0.00092388 -0.0108827 0.003
         vertex 0.000707107 -0.0112071 0.003
         vertex 0.000707107 -0.0112071 0.005
      endloop
   endfacet
   facet normal -1 2.44929e-16 0
      outer loop
         vertex 0.001 -0.0105 0.003
         vertex 0.00092388 -0.0108827 0.003
         vertex 0.00092388 -0.0108827 0.005
      endloop
   endfacet
   facet normal -0.92388 0.382683 0
      outer loop
         vertex 0.00092388 -0.00788268 0.005
         vertex 0.001 -0.0075 0.005
         vertex 0.001 -0.0075 0.003
      endloop
   endfacet
   facet normal -0.707107 0.707107 0
      outer loop
         vertex 0.000707107 -0.00820711 0.005
         vertex 0.00092388 -0.00788268 0.005
         vertex 0.00092388 -0.00788268 0.003
      endloop
   endfacet
   facet normal -0.382683 0.92388 0
      outer loop
         vertex 0.000382683 -0.00842388 0.005
         vertex 0.000707107 -0.00820711 0.005
         vertex 0.000707107 -0.00820711 0.003
      endloop
   endfacet
   facet normal 1.83697e-16 1 0
      outer loop
         vertex -1.83697e-19 -0.0085 0.005
         vertex 0.000382683 -0.00842388 0.005
         vertex 0.000382683 -0.00842388 0.003
      endloop
   endfacet
   facet normal 0.382683 0.92388 0
      outer loop
         vertex -0.000382683 -0.00842388 0.005
         vertex -1.83697e-19 -0.0085 0.005
         vertex -1.83697e-19 -0.0085 0.003
      endloop
   endfacet
   facet normal 0.707107 0.707107 0
      outer loop
         vertex -0.000707107 -0.00820711 0.005
         vertex -0.000382683 -0.00842388 0.005
         vertex -0.000382683 -0.00842388 0.003
      endloop
   endfacet
   facet normal 0.92388 0.382683 0
      outer loop
         vertex -0.00092388 -0.00788268 0.005
         vertex -0.000707107 -0.00820711 0.005
         vertex -0.000707107 -0.00820711 0.003
      endloop
   endfacet
   facet normal 1 0 0
      outer loop
         vertex -0.001 -0.0075 0.005
         vertex -0.00092388 -0.00788268 0.005
         vertex -0.00092388 -0.00788268 0.003
      endloop
   endfacet
   facet normal 0.92388 -0.382683 0
      outer loop
         vertex -0.00092388 -0.00711732 0.005
         vertex -0.001 -0.0075 0.005
         vertex -0.001 -0.0075 0.003
      endloop
   endfacet
   facet normal 0.707107 -0.707107 0
      outer loop
         vertex -0.000707107 -0.00679289 0.005
         vertex -0.00092388 -0.00711732 0.005
         vertex -0.00092388 -0.00711732 0.003
      endloop
   endfacet
   facet normal 0.382683 -0.92388 0
      outer loop
         vertex -0.000382683 -0.00657612 0.005
         vertex -0.000707107 -0.00679289 0.005
         vertex -0.000707107 -0.00679289 0.003
      endloop
   endfacet
   facet normal 1.60812e-16 -1 0
      outer loop
         vertex -1.60812e-19 -0.0065 0.005
         vertex -0.000382683 -0.00657612 0.005
         vertex -0.000382683 -0.00657612 0.003
      endloop
   endfacet
   facet normal -0.382683 -0.92388 0
      outer loop
         vertex 0.000382683 -0.00657612 0.005
         vertex -1.60812e-19 -0.0065 0.005
         vertex -1.60812e-19 -0.0065 0.003
      endloop
   endfacet
   facet normal -0.707107 -0.707107 0
      outer loop
         vertex 0.000707107 -0.00679289 0.005
         vertex 0.000382683 -0.00657612 0.005
         vertex 0.000382683 -0.00657612 0.003
      endloop
   endfacet
   facet normal -0.92388 -0.382683 0
      outer loop
         vertex 0.00092388 -0.00711732 0.005
         vertex 0.000707107 -0.00679289 0.005
         vertex 0.000707107 -0.00679289 0.003
      endloop
   endfacet
   facet normal -1 2.44929e-16 0
      outer loop
         vertex 0.001 -0.0075 0.005
         vertex 0.00092388 -0.00711732 0.005
         vertex 0.00092388 -0.00711732 0.003
      endloop
   endfacet
   facet normal -0.92388 -0.382683 0
      outer loop
         vertex 0.00092388 -0.00711732 0.003
         vertex 0.001 -0.0075 0.003
         vertex 0.001 -0.0075 0.005
      endloop
   endfacet
   facet normal -0.707107 -0.707107 0
      outer loop
         vertex 0.000707107 -0.00679289 0.003
         vertex 0.00092388 -0.00711732 0.003
         vertex 0.00092388 -0.00711732 0.005
      endloop
   endfacet
   facet normal -0.382683 -0.92388 0
      outer loop
         vertex 0.000382683 -0.00657612 0.003
         vertex 0.000707107 -0.00679289 0.003
         vertex 0.000707107 -0.00679289 0.005
      endloop
   endfacet
   facet normal 1.60812e-16 -1 0
      outer loop
         vertex -1.60812e-19 -0.0065 0.003
         vertex 0.000382683 -0.00657612 0.003
         vertex 0.000382683 -0.00657612 0.005
      endloop
   endfacet
   facet normal 0.382683 -0.92388 0
      outer loop
         vertex -0.000382683 -0.00657612 0.003
         vertex -1.60812e-19 -0.0065 0.003
         vertex -1.60812e-19 -0.0065 0.005
      endloop
   endfacet
   facet normal 0.707107 -0.707107 0
      outer loop
         vertex -0.000707107 -0.00679289 0.003
         vertex -0.000382683 -0.00657612 0.003
         vertex -0.000382683 -0.00657612 0.005
      endloop
   endfacet
   facet normal 0.92388 -0.382683 0
      outer loop
         vertex -0.00092388 -0.00711732 0.003
         vertex -0.000707107 -0.00679289 0.003
         vertex -0.000707107 -0.00679289 0.005
      endloop
   endfacet
   facet normal 1 0 0
      outer loop
         vertex -0.001 -0.0075 0.003
         vertex -0.00092388 -0.00711732 0.003
         vertex -0.00092388 -0.00711732 0.005
      endloop
   endfacet
   facet normal 0.92388 0.382683 0
      outer loop
         vertex -0.00092388 -0.00788268 0.003
         vertex -0.001 -0.0075 0.003
         vertex -0.001 -0.0075 0.005
      endloop
   endfacet
   facet normal 0.707107 0.707107 0
      outer loop
         vertex -0.000707107 -0.00820711 0.003
         vertex -0.00092388 -0.00788268 0.003
         vertex -0.00092388 -0.00788268 0.005
      endloop
   endfacet
   facet normal 0.382683 0.92388 0
      outer loop
         vertex -0.000382683 -0.00842388 0.003
         vertex -0.000707107 -0.00820711 0.003
         vertex -0.000707107 -0.00820711 0.005
      endloop
   endfacet
   facet normal 1.83697e-16 1 0
      outer loop
         vertex -1.83697e-19 -0.0085 0.003
         vertex -0.000382683 -0.00842388 0.003
         vertex -0.000382683 -0.00842388 0.005
      endloop
   endfacet
   facet normal -0.382683 0.92388 0
      outer loop
         vertex 0.000382683 -0.00842388 0.003
         vertex -1.83697e-19 -0.0085 0.003
         vertex -1.83697e-19 -0.0085 0.005
      endloop
   endfacet
   facet normal -0.707107 0.707107 0
      outer loop
         vertex 0.000707107 -0.00820711 0.003
         vertex 0.000382683 -0.00842388 0.003
         vertex 0.000382683 -0.00842388 0.005
      endloop
   endfacet
   facet normal -0.92388 0.382683 0
      outer loop
         vertex 0.00092388 -0.00788268 0.003
         vertex 0.000707107 -0.00820711 0.003
         vertex 0.000707107 -0.00820711 0.005
      endloop
   endfacet
   facet normal -1 2.44929e-16 0
      outer loop
         vertex 0.001 -0.0075 0.003
         vertex 0.00092388 -0.00788268 0.003
         vertex 0.00092388 -0.00788268 0.005
      endloop
   endfacet
   facet normal -0.92388 0.382683 0
      outer loop
         vertex -0.0107675 -0.00713268 0.005
         vertex -0.0106913 -0.00675 0.005
         vertex -0.0106913 -0.00675 0.003
      endloop
   endfacet
   facet normal -0.707107 0.707107 0
      outer loop
         vertex -0.0109842 -0.00745711 0.005
         vertex -0.0107675 -0.00713268 0.005
         vertex -0.0107675 -0.00713268 0.003
      endloop
   endfacet
   facet normal -0.382683 0.92388 0
      outer loop
         vertex -0.0113087 -0.00767388 0.005
         vertex -0.0109842 -0.00745711 0.005
         vertex -0.0109842 -0.00745711 0.003
      endloop
   endfacet
   facet normal 1.83697e-16 1 0
      outer loop
         vertex -0.0116913 -0.00775 0.005
         vertex -0.0113087 -0.00767388 0.005
         vertex -0.0113087 -0.00767388 0.003
      endloop
   endfacet
   facet normal 0.382683 0.92388 0
      outer loop
         vertex -0.012074 -0.00767388 0.005
         vertex -0.0116913 -0.00775 0.005
         vertex -0.0116913 -0.00775 0.003
      endloop
   endfacet
   facet normal 0.707107 0.707107 0
      outer loop
         vertex -0.0123984 -0.00745711 0.005
         vertex -0.012074 -0.00767388 0.005
         vertex -0.012074 -0.00767388 0.003
      endloop
   endfacet
   facet normal 0.92388 0.382683 0
      outer loop
         vertex -0.0126152 -0.00713268 0.005
         vertex -0.0123984 -0.00745711 0.005
         vertex -0.0123984 -0.00745711 0.003
      endloop
   endfacet
   facet normal 1 -1.22465e-16 0
      outer loop
         vertex -0.0126913 -0.00675 0.005
         vertex -0.0126152 -0.00713268 0.005
         vertex -0.0126152 -0.00713268 0.003
      endloop
   endfacet
   facet normal 0.92388 -0.382683 0
      outer loop
         vertex -0.0126152 -0.00636732 0.005
         vertex -0.0126168 -0.006375 0.005
         vertex -0.0126168 -0.006375 0.003
      endloop
   endfacet
   facet normal 1 -1.22465e-16 0
      outer loop
         vertex -0.0126913 -0.00675 0.003
         vertex -0.0126168 -0.006375 0.003
         vertex -0.0126168 -0.006375 0.005
      endloop
   endfacet
   facet normal 0.926797 -0.375563 0
      outer loop
         vertex -0.0126168 -0.006375 0.005
         vertex -0.0126913 -0.00675 0.005
         vertex -0.0126913 -0.00675 0.003
      endloop
   endfacet
   facet normal 0.707107 -0.707107 0
      outer loop
         vertex -0.0123984 -0.00604289 0.005
         vertex -0.0126152 -0.00636732 0.005
         vertex -0.0126152 -0.00636732 0.003
      endloop
   endfacet
   facet normal 0.382683 -0.92388 0
      outer loop
         vertex -0.012074 -0.00582612 0.005
         vertex -0.0121913 -0.00588397 0.005
         vertex -0.0121913 -0.00588397 0.003
      endloop
   endfacet
   facet normal 0.707107 -0.707107 0
      outer loop
         vertex -0.0123984 -0.00604289 0.003
         vertex -0.0121913 -0.00588397 0.003
         vertex -0.0121913 -0.00588397 0.005
      endloop
   endfacet
   facet normal 0.5 -0.866025 0
      outer loop
         vertex -0.0121913 -0.00588397 0.005
         vertex -0.0123984 -0.00604289 0.005
         vertex -0.0123984 -0.00604289 0.003
      endloop
   endfacet
   facet normal -6.12323e-17 -1 0
      outer loop
         vertex -0.0116913 -0.00575 0.005
         vertex -0.012074 -0.00582612 0.005
         vertex -0.012074 -0.00582612 0.003
      endloop
   endfacet
   facet normal -0.382683 -0.92388 0
      outer loop
         vertex -0.0113087 -0.00582612 0.005
         vertex -0.0116913 -0.00575 0.005
         vertex -0.0116913 -0.00575 0.003
      endloop
   endfacet
   facet normal -0.707107 -0.707107 0
      outer loop
         vertex -0.0109842 -0.00604289 0.005
         vertex -0.0113087 -0.00582612 0.005
         vertex -0.0113087 -0.00582612 0.003
      endloop
   endfacet
   facet normal -0.92388 -0.382683 0
      outer loop
         vertex -0.0107675 -0.00636732 0.005
         vertex -0.0109842 -0.00604289 0.005
         vertex -0.0109842 -0.00604289 0.003
      endloop
   endfacet
   facet normal -1 2.44929e-16 0
      outer loop
         vertex -0.0106913 -0.00675 0.003
         vertex -0.0106913 -0.00675 0.005
         vertex -0.0107659 -0.006375 0.005
      endloop
   endfacet
   facet normal -0.92388 -0.382683 0
      outer loop
         vertex -0.0107675 -0.00636732 0.005
         vertex -0.0107675 -0.00636732 0.003
         vertex -0.0107659 -0.006375 0.003
      endloop
   endfacet
   facet normal -0.926797 -0.375563 0
      outer loop
         vertex -0.0107659 -0.006375 0.003
         vertex -0.0107659 -0.006375 0.005
         vertex -0.0107675 -0.00636732 0.005
      endloop
   endfacet
   facet normal -0.926797 -0.375563 0
      outer loop
         vertex -0.0107659 -0.006375 0.005
         vertex -0.0107659 -0.006375 0.003
         vertex -0.0106913 -0.00675 0.003
      endloop
   endfacet
   facet normal -0.707107 -0.707107 0
      outer loop
         vertex -0.0109842 -0.00604289 0.003
         vertex -0.0107675 -0.00636732 0.003
         vertex -0.0107675 -0.00636732 0.005
      endloop
   endfacet
   facet normal -0.382683 -0.92388 0
      outer loop
         vertex -0.0113087 -0.00582612 0.003
         vertex -0.0109842 -0.00604289 0.003
         vertex -0.0109842 -0.00604289 0.005
      endloop
   endfacet
   facet normal -6.12323e-17 -1 0
      outer loop
         vertex -0.0116913 -0.00575 0.003
         vertex -0.0113087 -0.00582612 0.003
         vertex -0.0113087 -0.00582612 0.005
      endloop
   endfacet
   facet normal 0.382683 -0.92388 0
      outer loop
         vertex -0.012074 -0.00582612 0.003
         vertex -0.0116913 -0.00575 0.003
         vertex -0.0116913 -0.00575 0.005
      endloop
   endfacet
   facet normal 0.5 -0.866025 0
      outer loop
         vertex -0.0121913 -0.00588397 0.003
         vertex -0.012074 -0.00582612 0.003
         vertex -0.012074 -0.00582612 0.005
      endloop
   endfacet
   facet normal 0.92388 -0.382683 0
      outer loop
         vertex -0.0126152 -0.00636732 0.003
         vertex -0.0123984 -0.00604289 0.003
         vertex -0.0123984 -0.00604289 0.005
      endloop
   endfacet
   facet normal 0.926797 -0.375563 0
      outer loop
         vertex -0.0126168 -0.006375 0.003
         vertex -0.0126152 -0.00636732 0.003
         vertex -0.0126152 -0.00636732 0.005
      endloop
   endfacet
   facet normal 0.92388 0.382683 0
      outer loop
         vertex -0.0126152 -0.00713268 0.003
         vertex -0.0126913 -0.00675 0.003
         vertex -0.0126913 -0.00675 0.005
      endloop
   endfacet
   facet normal 0.707107 0.707107 0
      outer loop
         vertex -0.0123984 -0.00745711 0.003
         vertex -0.0126152 -0.00713268 0.003
         vertex -0.0126152 -0.00713268 0.005
      endloop
   endfacet
   facet normal 0.382683 0.92388 0
      outer loop
         vertex -0.012074 -0.00767388 0.003
         vertex -0.0123984 -0.00745711 0.003
         vertex -0.0123984 -0.00745711 0.005
      endloop
   endfacet
   facet normal 1.83697e-16 1 0
      outer loop
         vertex -0.0116913 -0.00775 0.003
         vertex -0.012074 -0.00767388 0.003
         vertex -0.012074 -0.00767388 0.005
      endloop
   endfacet
   facet normal -0.382683 0.92388 0
      outer loop
         vertex -0.0113087 -0.00767388 0.003
         vertex -0.0116913 -0.00775 0.003
         vertex -0.0116913 -0.00775 0.005
      endloop
   endfacet
   facet normal -0.707107 0.707107 0
      outer loop
         vertex -0.0109842 -0.00745711 0.003
         vertex -0.0113087 -0.00767388 0.003
         vertex -0.0113087 -0.00767388 0.005
      endloop
   endfacet
   facet normal -0.92388 0.382683 0
      outer loop
         vertex -0.0107675 -0.00713268 0.003
         vertex -0.0109842 -0.00745711 0.003
         vertex -0.0109842 -0.00745711 0.005
      endloop
   endfacet
   facet normal -1 2.44929e-16 0
      outer loop
         vertex -0.0106913 -0.00675 0.003
         vertex -0.0107675 -0.00713268 0.003
         vertex -0.0107675 -0.00713268 0.005
      endloop
   endfacet
   facet normal -0.92388 0.382683 0
      outer loop
         vertex -0.00816939 -0.00563268 0.005
         vertex -0.00809327 -0.00525 0.005
         vertex -0.00809327 -0.00525 0.003
      endloop
   endfacet
   facet normal -0.707107 0.707107 0
      outer loop
         vertex -0.00838616 -0.00595711 0.005
         vertex -0.00816939 -0.00563268 0.005
         vertex -0.00816939 -0.00563268 0.003
      endloop
   endfacet
   facet normal -0.382683 0.92388 0
      outer loop
         vertex -0.00871058 -0.00617388 0.005
         vertex -0.00838616 -0.00595711 0.005
         vertex -0.00838616 -0.00595711 0.003
      endloop
   endfacet
   facet normal 1.83697e-16 1 0
      outer loop
         vertex -0.00909327 -0.00625 0.005
         vertex -0.00871058 -0.00617388 0.005
         vertex -0.00871058 -0.00617388 0.003
      endloop
   endfacet
   facet normal 0.382683 0.92388 0
      outer loop
         vertex -0.00947595 -0.00617388 0.005
         vertex -0.00909327 -0.00625 0.005
         vertex -0.00909327 -0.00625 0.003
      endloop
   endfacet
   facet normal 0.707107 0.707107 0
      outer loop
         vertex -0.00980037 -0.00595711 0.005
         vertex -0.00947595 -0.00617388 0.005
         vertex -0.00947595 -0.00617388 0.003
      endloop
   endfacet
   facet normal 0.92388 0.382683 0
      outer loop
         vertex -0.0100171 -0.00563268 0.005
         vertex -0.00980037 -0.00595711 0.005
         vertex -0.00980037 -0.00595711 0.003
      endloop
   endfacet
   facet normal 1 -1.22465e-16 0
      outer loop
         vertex -0.0100933 -0.00525 0.005
         vertex -0.0100171 -0.00563268 0.005
         vertex -0.0100171 -0.00563268 0.003
      endloop
   endfacet
   facet normal 0.92388 -0.382683 0
      outer loop
         vertex -0.0100171 -0.00486732 0.005
         vertex -0.0100933 -0.00525 0.005
         vertex -0.0100933 -0.00525 0.003
      endloop
   endfacet
   facet normal 0.707107 -0.707107 0
      outer loop
         vertex -0.00980037 -0.00454289 0.005
         vertex -0.0100171 -0.00486732 0.005
         vertex -0.0100171 -0.00486732 0.003
      endloop
   endfacet
   facet normal 0.382683 -0.92388 0
      outer loop
         vertex -0.00947595 -0.00432612 0.005
         vertex -0.00959327 -0.00438397 0.005
         vertex -0.00959327 -0.00438397 0.003
      endloop
   endfacet
   facet normal 0.707107 -0.707107 0
      outer loop
         vertex -0.00980037 -0.00454289 0.003
         vertex -0.00959327 -0.00438397 0.003
         vertex -0.00959327 -0.00438397 0.005
      endloop
   endfacet
   facet normal 0.5 -0.866025 0
      outer loop
         vertex -0.00959327 -0.00438397 0.005
         vertex -0.00980037 -0.00454289 0.005
         vertex -0.00980037 -0.00454289 0.003
      endloop
   endfacet
   facet normal -6.12323e-17 -1 0
      outer loop
         vertex -0.00909327 -0.00425 0.005
         vertex -0.00947595 -0.00432612 0.005
         vertex -0.00947595 -0.00432612 0.003
      endloop
   endfacet
   facet normal -0.382683 -0.92388 0
      outer loop
         vertex -0.00871058 -0.00432612 0.005
         vertex -0.00909327 -0.00425 0.005
         vertex -0.00909327 -0.00425 0.003
      endloop
   endfacet
   facet normal -0.707107 -0.707107 0
      outer loop
         vertex -0.00838616 -0.00454289 0.005
         vertex -0.00871058 -0.00432612 0.005
         vertex -0.00871058 -0.00432612 0.003
      endloop
   endfacet
   facet normal -0.92388 -0.382683 0
      outer loop
         vertex -0.00816939 -0.00486732 0.005
         vertex -0.00838616 -0.00454289 0.005
         vertex -0.00838616 -0.00454289 0.003
      endloop
   endfacet
   facet normal -1 2.44929e-16 0
      outer loop
         vertex -0.00809327 -0.00525 0.005
         vertex -0.00816939 -0.00486732 0.005
         vertex -0.00816939 -0.00486732 0.003
      endloop
   endfacet
   facet normal -0.92388 -0.382683 0
      outer loop
         vertex -0.00816939 -0.00486732 0.003
         vertex -0.00809327 -0.00525 0.003
         vertex -0.00809327 -0.00525 0.005
      endloop
   endfacet
   facet normal -0.707107 -0.707107 0
      outer loop
         vertex -0.00838616 -0.00454289 0.003
         vertex -0.00816939 -0.00486732 0.003
         vertex -0.00816939 -0.00486732 0.005
      endloop
   endfacet
   facet normal -0.382683 -0.92388 0
      outer loop
         vertex -0.00871058 -0.00432612 0.003
         vertex -0.00838616 -0.00454289 0.003
         vertex -0.00838616 -0.00454289 0.005
      endloop
   endfacet
   facet normal -6.12323e-17 -1 0
      outer loop
         vertex -0.00909327 -0.00425 0.003
         vertex -0.00871058 -0.00432612 0.003
         vertex -0.00871058 -0.00432612 0.005
      endloop
   endfacet
   facet normal 0.382683 -0.92388 0
      outer loop
         vertex -0.00947595 -0.00432612 0.003
         vertex -0.00909327 -0.00425 0.003
         vertex -0.00909327 -0.00425 0.005
      endloop
   endfacet
   facet normal 0.5 -0.866025 0
      outer loop
         vertex -0.00959327 -0.00438397 0.003
         vertex -0.00947595 -0.00432612 0.003
         vertex -0.00947595 -0.00432612 0.005
      endloop
   endfacet
   facet normal 0.92388 -0.382683 0
      outer loop
         vertex -0.0100171 -0.00486732 0.003
         vertex -0.00980037 -0.00454289 0.003
         vertex -0.00980037 -0.00454289 0.005
      endloop
   endfacet
   facet normal 1 -1.22465e-16 0
      outer loop
         vertex -0.0100933 -0.00525 0.003
         vertex -0.0100171 -0.00486732 0.003
         vertex -0.0100171 -0.00486732 0.005
      endloop
   endfacet
   facet normal 0.92388 0.382683 0
      outer loop
         vertex -0.0100171 -0.00563268 0.003
         vertex -0.0100933 -0.00525 0.003
         vertex -0.0100933 -0.00525 0.005
      endloop
   endfacet
   facet normal 0.707107 0.707107 0
      outer loop
         vertex -0.00980037 -0.00595711 0.003
         vertex -0.0100171 -0.00563268 0.003
         vertex -0.0100171 -0.00563268 0.005
      endloop
   endfacet
   facet normal 0.382683 0.92388 0
      outer loop
         vertex -0.00947595 -0.00617388 0.003
         vertex -0.00980037 -0.00595711 0.003
         vertex -0.00980037 -0.00595711 0.005
      endloop
   endfacet
   facet normal 1.83697e-16 1 0
      outer loop
         vertex -0.00909327 -0.00625 0.003
         vertex -0.00947595 -0.00617388 0.003
         vertex -0.00947595 -0.00617388 0.005
      endloop
   endfacet
   facet normal -0.382683 0.92388 0
      outer loop
         vertex -0.00871058 -0.00617388 0.003
         vertex -0.00909327 -0.00625 0.003
         vertex -0.00909327 -0.00625 0.005
      endloop
   endfacet
   facet normal -0.707107 0.707107 0
      outer loop
         vertex -0.00838616 -0.00595711 0.003
         vertex -0.00871058 -0.00617388 0.003
         vertex -0.00871058 -0.00617388 0.005
      endloop
   endfacet
   facet normal -0.92388 0.382683 0
      outer loop
         vertex -0.00816939 -0.00563268 0.003
         vertex -0.00838616 -0.00595711 0.003
         vertex -0.00838616 -0.00595711 0.005
      endloop
   endfacet
   facet normal -1 2.44929e-16 0
      outer loop
         vertex -0.00809327 -0.00525 0.003
         vertex -0.00816939 -0.00563268 0.003
         vertex -0.00816939 -0.00563268 0.005
      endloop
   endfacet
   facet normal -0.92388 0.382683 0
      outer loop
         vertex -0.00557131 -0.00413268 0.005
         vertex -0.00549519 -0.00375 0.005
         vertex -0.00549519 -0.00375 0.003
      endloop
   endfacet
   facet normal -0.707107 0.707107 0
      outer loop
         vertex -0.00578808 -0.00445711 0.005
         vertex -0.00557131 -0.00413268 0.005
         vertex -0.00557131 -0.00413268 0.003
      endloop
   endfacet
   facet normal -0.382683 0.92388 0
      outer loop
         vertex -0.00611251 -0.00467388 0.005
         vertex -0.00578808 -0.00445711 0.005
         vertex -0.00578808 -0.00445711 0.003
      endloop
   endfacet
   facet normal 1.83697e-16 1 0
      outer loop
         vertex -0.00649519 -0.00475 0.005
         vertex -0.00611251 -0.00467388 0.005
         vertex -0.00611251 -0.00467388 0.003
      endloop
   endfacet
   facet normal 0.382683 0.92388 0
      outer loop
         vertex -0.00687787 -0.00467388 0.005
         vertex -0.00649519 -0.00475 0.005
         vertex -0.00649519 -0.00475 0.003
      endloop
   endfacet
   facet normal 0.707107 0.707107 0
      outer loop
         vertex -0.0072023 -0.00445711 0.005
         vertex -0.00687787 -0.00467388 0.005
         vertex -0.00687787 -0.00467388 0.003
      endloop
   endfacet
   facet normal 0.92388 0.382683 0
      outer loop
         vertex -0.00741907 -0.00413268 0.005
         vertex -0.0072023 -0.00445711 0.005
         vertex -0.0072023 -0.00445711 0.003
      endloop
   endfacet
   facet normal 1 -1.22465e-16 0
      outer loop
         vertex -0.00749519 -0.00375 0.005
         vertex -0.00741907 -0.00413268 0.005
         vertex -0.00741907 -0.00413268 0.003
      endloop
   endfacet
   facet normal 0.92388 -0.382683 0
      outer loop
         vertex -0.00741907 -0.00336732 0.005
         vertex -0.00749519 -0.00375 0.005
         vertex -0.00749519 -0.00375 0.003
      endloop
   endfacet
   facet normal 0.707107 -0.707107 0
      outer loop
         vertex -0.0072023 -0.00304289 0.005
         vertex -0.00741907 -0.00336732 0.005
         vertex -0.00741907 -0.00336732 0.003
      endloop
   endfacet
   facet normal 0.382683 -0.92388 0
      outer loop
         vertex -0.00687787 -0.00282612 0.003
         vertex -0.00687787 -0.00282612 0.005
         vertex -0.00699519 -0.00288397 0.005
      endloop
   endfacet
   facet normal 0.707107 -0.707107 0
      outer loop
         vertex -0.0072023 -0.00304289 0.005
         vertex -0.0072023 -0.00304289 0.003
         vertex -0.00699519 -0.00288397 0.003
      endloop
   endfacet
   facet normal 0.5 -0.866025 0
      outer loop
         vertex -0.00699519 -0.00288397 0.003
         vertex -0.00699519 -0.00288397 0.005
         vertex -0.0072023 -0.00304289 0.005
      endloop
   endfacet
   facet normal -6.12323e-17 -1 0
      outer loop
         vertex -0.00649519 -0.00275 0.005
         vertex -0.00687787 -0.00282612 0.005
         vertex -0.00687787 -0.00282612 0.003
      endloop
   endfacet
   facet normal -0.382683 -0.92388 0
      outer loop
         vertex -0.00611251 -0.00282612 0.005
         vertex -0.00649519 -0.00275 0.005
         vertex -0.00649519 -0.00275 0.003
      endloop
   endfacet
   facet normal -0.707107 -0.707107 0
      outer loop
         vertex -0.00578808 -0.00304289 0.005
         vertex -0.00611251 -0.00282612 0.005
         vertex -0.00611251 -0.00282612 0.003
      endloop
   endfacet
   facet normal -0.92388 -0.382683 0
      outer loop
         vertex -0.00557131 -0.00336732 0.005
         vertex -0.00578808 -0.00304289 0.005
         vertex -0.00578808 -0.00304289 0.003
      endloop
   endfacet
   facet normal -1 2.44929e-16 0
      outer loop
         vertex -0.00549519 -0.00375 0.005
         vertex -0.00557131 -0.00336732 0.005
         vertex -0.00557131 -0.00336732 0.003
      endloop
   endfacet
   facet normal -0.92388 -0.382683 0
      outer loop
         vertex -0.00557131 -0.00336732 0.003
         vertex -0.00549519 -0.00375 0.003
         vertex -0.00549519 -0.00375 0.005
      endloop
   endfacet
   facet normal -0.707107 -0.707107 0
      outer loop
         vertex -0.00578808 -0.00304289 0.003
         vertex -0.00557131 -0.00336732 0.003
         vertex -0.00557131 -0.00336732 0.005
      endloop
   endfacet
   facet normal -0.382683 -0.92388 0
      outer loop
         vertex -0.00611251 -0.00282612 0.003
         vertex -0.00578808 -0.00304289 0.003
         vertex -0.00578808 -0.00304289 0.005
      endloop
   endfacet
   facet normal -6.12323e-17 -1 0
      outer loop
         vertex -0.00649519 -0.00275 0.003
         vertex -0.00611251 -0.00282612 0.003
         vertex -0.00611251 -0.00282612 0.005
      endloop
   endfacet
   facet normal 0.382683 -0.92388 0
      outer loop
         vertex -0.00687787 -0.00282612 0.003
         vertex -0.00649519 -0.00275 0.003
         vertex -0.00649519 -0.00275 0.005
      endloop
   endfacet
   facet normal 0.5 -0.866025 0
      outer loop
         vertex -0.00699519 -0.00288397 0.005
         vertex -0.00699519 -0.00288397 0.003
         vertex -0.00687787 -0.00282612 0.003
      endloop
   endfacet
   facet normal 0.92388 -0.382683 0
      outer loop
         vertex -0.00741907 -0.00336732 0.003
         vertex -0.0072023 -0.00304289 0.003
         vertex -0.0072023 -0.00304289 0.005
      endloop
   endfacet
   facet normal 1 -1.22465e-16 0
      outer loop
         vertex -0.00749519 -0.00375 0.003
         vertex -0.00741907 -0.00336732 0.003
         vertex -0.00741907 -0.00336732 0.005
      endloop
   endfacet
   facet normal 0.92388 0.382683 0
      outer loop
         vertex -0.00741907 -0.00413268 0.003
         vertex -0.00749519 -0.00375 0.003
         vertex -0.00749519 -0.00375 0.005
      endloop
   endfacet
   facet normal 0.707107 0.707107 0
      outer loop
         vertex -0.0072023 -0.00445711 0.003
         vertex -0.00741907 -0.00413268 0.003
         vertex -0.00741907 -0.00413268 0.005
      endloop
   endfacet
   facet normal 0.382683 0.92388 0
      outer loop
         vertex -0.00687787 -0.00467388 0.003
         vertex -0.0072023 -0.00445711 0.003
         vertex -0.0072023 -0.00445711 0.005
      endloop
   endfacet
   facet normal 1.83697e-16 1 0
      outer loop
         vertex -0.00649519 -0.00475 0.003
         vertex -0.00687787 -0.00467388 0.003
         vertex -0.00687787 -0.00467388 0.005
      endloop
   endfacet
   facet normal -0.382683 0.92388 0
      outer loop
         vertex -0.00611251 -0.00467388 0.003
         vertex -0.00649519 -0.00475 0.003
         vertex -0.00649519 -0.00475 0.005
      endloop
   endfacet
   facet normal -0.707107 0.707107 0
      outer loop
         vertex -0.00578808 -0.00445711 0.003
         vertex -0.00611251 -0.00467388 0.003
         vertex -0.00611251 -0.00467388 0.005
      endloop
   endfacet
   facet normal -0.92388 0.382683 0
      outer loop
         vertex -0.00557131 -0.00413268 0.003
         vertex -0.00578808 -0.00445711 0.003
         vertex -0.00578808 -0.00445711 0.005
      endloop
   endfacet
   facet normal -1 2.44929e-16 0
      outer loop
         vertex -0.00549519 -0.00375 0.003
         vertex -0.00557131 -0.00413268 0.003
         vertex -0.00557131 -0.00413268 0.005
      endloop
   endfacet
   facet normal -0.92388 0.382683 0
      outer loop
         vertex -0.0107675 0.00636732 0.003
         vertex -0.0107675 0.00636732 0.005
         vertex -0.0107659 0.006375 0.005
      endloop
   endfacet
   facet normal -1 2.44929e-16 0
      outer loop
         vertex -0.0106913 0.00675 0.005
         vertex -0.0106913 0.00675 0.003
         vertex -0.0107659 0.006375 0.003
      endloop
   endfacet
   facet normal -0.926797 0.375563 0
      outer loop
         vertex -0.0107659 0.006375 0.003
         vertex -0.0107659 0.006375 0.005
         vertex -0.0106913 0.00675 0.005
      endloop
   endfacet
   facet normal -0.707107 0.707107 0
      outer loop
         vertex -0.0109842 0.00604289 0.005
         vertex -0.0107675 0.00636732 0.005
         vertex -0.0107675 0.00636732 0.003
      endloop
   endfacet
   facet normal -0.382683 0.92388 0
      outer loop
         vertex -0.0113087 0.00582612 0.005
         vertex -0.0109842 0.00604289 0.005
         vertex -0.0109842 0.00604289 0.003
      endloop
   endfacet
   facet normal 1.83697e-16 1 0
      outer loop
         vertex -0.0116913 0.00575 0.005
         vertex -0.0113087 0.00582612 0.005
         vertex -0.0113087 0.00582612 0.003
      endloop
   endfacet
   facet normal 0.382683 0.92388 0
      outer loop
         vertex -0.012074 0.00582612 0.005
         vertex -0.0116913 0.00575 0.005
         vertex -0.0116913 0.00575 0.003
      endloop
   endfacet
   facet normal 0.707107 0.707107 0
      outer loop
         vertex -0.0123984 0.00604289 0.005
         vertex -0.012074 0.00582612 0.005
         vertex -0.012074 0.00582612 0.003
      endloop
   endfacet
   facet normal 0.92388 0.382683 0
      outer loop
         vertex -0.0126152 0.00636732 0.005
         vertex -0.0123984 0.00604289 0.005
         vertex -0.0123984 0.00604289 0.003
      endloop
   endfacet
   facet normal 1 -1.22465e-16 0
      outer loop
         vertex -0.0126913 0.00675 0.005
         vertex -0.0126168 0.006375 0.005
         vertex -0.0126168 0.006375 0.003
      endloop
   endfacet
   facet normal 0.92388 0.382683 0
      outer loop
         vertex -0.0126152 0.00636732 0.003
         vertex -0.0126168 0.006375 0.003
         vertex -0.0126168 0.006375 0.005
      endloop
   endfacet
   facet normal 0.926797 0.375563 0
      outer loop
         vertex -0.0126168 0.006375 0.005
         vertex -0.0126152 0.00636732 0.005
         vertex -0.0126152 0.00636732 0.003
      endloop
   endfacet
   facet normal 0.92388 -0.382683 0
      outer loop
         vertex -0.0126152 0.00713268 0.005
         vertex -0.0126913 0.00675 0.005
         vertex -0.0126913 0.00675 0.003
      endloop
   endfacet
   facet normal 0.707107 -0.707107 0
      outer loop
         vertex -0.0123984 0.00745711 0.005
         vertex -0.0126152 0.00713268 0.005
         vertex -0.0126152 0.00713268 0.003
      endloop
   endfacet
   facet normal 0.382683 -0.92388 0
      outer loop
         vertex -0.012074 0.00767388 0.005
         vertex -0.0123984 0.00745711 0.005
         vertex -0.0123984 0.00745711 0.003
      endloop
   endfacet
   facet normal -6.12323e-17 -1 0
      outer loop
         vertex -0.0116913 0.00775 0.005
         vertex -0.012074 0.00767388 0.005
         vertex -0.012074 0.00767388 0.003
      endloop
   endfacet
   facet normal -0.382683 -0.92388 0
      outer loop
         vertex -0.0113087 0.00767388 0.005
         vertex -0.0116913 0.00775 0.005
         vertex -0.0116913 0.00775 0.003
      endloop
   endfacet
   facet normal -0.707107 -0.707107 0
      outer loop
         vertex -0.0109842 0.00745711 0.005
         vertex -0.0111913 0.00761603 0.005
         vertex -0.0111913 0.00761603 0.003
      endloop
   endfacet
   facet normal -0.382683 -0.92388 0
      outer loop
         vertex -0.0113087 0.00767388 0.003
         vertex -0.0111913 0.00761603 0.003
         vertex -0.0111913 0.00761603 0.005
      endloop
   endfacet
   facet normal -0.5 -0.866025 0
      outer loop
         vertex -0.0111913 0.00761603 0.005
         vertex -0.0113087 0.00767388 0.005
         vertex -0.0113087 0.00767388 0.003
      endloop
   endfacet
   facet normal -0.92388 -0.382683 0
      outer loop
         vertex -0.0107675 0.00713268 0.005
         vertex -0.0109842 0.00745711 0.005
         vertex -0.0109842 0.00745711 0.003
      endloop
   endfacet
   facet normal -1 2.44929e-16 0
      outer loop
         vertex -0.0106913 0.00675 0.005
         vertex -0.0107675 0.00713268 0.005
         vertex -0.0107675 0.00713268 0.003
      endloop
   endfacet
   facet normal -0.92388 -0.382683 0
      outer loop
         vertex -0.0107675 0.00713268 0.003
         vertex -0.0106913 0.00675 0.003
         vertex -0.0106913 0.00675 0.005
      endloop
   endfacet
   facet normal -0.707107 -0.707107 0
      outer loop
         vertex -0.0109842 0.00745711 0.003
         vertex -0.0107675 0.00713268 0.003
         vertex -0.0107675 0.00713268 0.005
      endloop
   endfacet
   facet normal -0.5 -0.866025 0
      outer loop
         vertex -0.0111913 0.00761603 0.003
         vertex -0.0109842 0.00745711 0.003
         vertex -0.0109842 0.00745711 0.005
      endloop
   endfacet
   facet normal -6.12323e-17 -1 0
      outer loop
         vertex -0.0116913 0.00775 0.003
         vertex -0.0113087 0.00767388 0.003
         vertex -0.0113087 0.00767388 0.005
      endloop
   endfacet
   facet normal 0.382683 -0.92388 0
      outer loop
         vertex -0.012074 0.00767388 0.003
         vertex -0.0116913 0.00775 0.003
         vertex -0.0116913 0.00775 0.005
      endloop
   endfacet
   facet normal 0.707107 -0.707107 0
      outer loop
         vertex -0.0123984 0.00745711 0.003
         vertex -0.012074 0.00767388 0.003
         vertex -0.012074 0.00767388 0.005
      endloop
   endfacet
   facet normal 0.92388 -0.382683 0
      outer loop
         vertex -0.0126152 0.00713268 0.003
         vertex -0.0123984 0.00745711 0.003
         vertex -0.0123984 0.00745711 0.005
      endloop
   endfacet
   facet normal 1 -1.22465e-16 0
      outer loop
         vertex -0.0126913 0.00675 0.003
         vertex -0.0126152 0.00713268 0.003
         vertex -0.0126152 0.00713268 0.005
      endloop
   endfacet
   facet normal 0.926797 0.375563 0
      outer loop
         vertex -0.0126168 0.006375 0.003
         vertex -0.0126913 0.00675 0.003
         vertex -0.0126913 0.00675 0.005
      endloop
   endfacet
   facet normal 0.707107 0.707107 0
      outer loop
         vertex -0.0123984 0.00604289 0.003
         vertex -0.0126152 0.00636732 0.003
         vertex -0.0126152 0.00636732 0.005
      endloop
   endfacet
   facet normal 0.382683 0.92388 0
      outer loop
         vertex -0.012074 0.00582612 0.003
         vertex -0.0123984 0.00604289 0.003
         vertex -0.0123984 0.00604289 0.005
      endloop
   endfacet
   facet normal 1.83697e-16 1 0
      outer loop
         vertex -0.0116913 0.00575 0.003
         vertex -0.012074 0.00582612 0.003
         vertex -0.012074 0.00582612 0.005
      endloop
   endfacet
   facet normal -0.382683 0.92388 0
      outer loop
         vertex -0.0113087 0.00582612 0.003
         vertex -0.0116913 0.00575 0.003
         vertex -0.0116913 0.00575 0.005
      endloop
   endfacet
   facet normal -0.707107 0.707107 0
      outer loop
         vertex -0.0109842 0.00604289 0.003
         vertex -0.0113087 0.00582612 0.003
         vertex -0.0113087 0.00582612 0.005
      endloop
   endfacet
   facet normal -0.92388 0.382683 0
      outer loop
         vertex -0.0107675 0.00636732 0.003
         vertex -0.0109842 0.00604289 0.003
         vertex -0.0109842 0.00604289 0.005
      endloop
   endfacet
   facet normal -0.926797 0.375563 0
      outer loop
         vertex -0.0107659 0.006375 0.005
         vertex -0.0107659 0.006375 0.003
         vertex -0.0107675 0.00636732 0.003
      endloop
   endfacet
   facet normal -0.92388 0.382683 0
      outer loop
         vertex -0.00816939 0.00486732 0.005
         vertex -0.00809327 0.00525 0.005
         vertex -0.00809327 0.00525 0.003
      endloop
   endfacet
   facet normal -0.707107 0.707107 0
      outer loop
         vertex -0.00838616 0.00454289 0.005
         vertex -0.00816939 0.00486732 0.005
         vertex -0.00816939 0.00486732 0.003
      endloop
   endfacet
   facet normal -0.382683 0.92388 0
      outer loop
         vertex -0.00871058 0.00432612 0.005
         vertex -0.00838616 0.00454289 0.005
         vertex -0.00838616 0.00454289 0.003
      endloop
   endfacet
   facet normal 1.83697e-16 1 0
      outer loop
         vertex -0.00909327 0.00425 0.005
         vertex -0.00871058 0.00432612 0.005
         vertex -0.00871058 0.00432612 0.003
      endloop
   endfacet
   facet normal 0.382683 0.92388 0
      outer loop
         vertex -0.00947595 0.00432612 0.005
         vertex -0.00909327 0.00425 0.005
         vertex -0.00909327 0.00425 0.003
      endloop
   endfacet
   facet normal 0.707107 0.707107 0
      outer loop
         vertex -0.00980037 0.00454289 0.005
         vertex -0.00947595 0.00432612 0.005
         vertex -0.00947595 0.00432612 0.003
      endloop
   endfacet
   facet normal 0.92388 0.382683 0
      outer loop
         vertex -0.0100171 0.00486732 0.005
         vertex -0.00980037 0.00454289 0.005
         vertex -0.00980037 0.00454289 0.003
      endloop
   endfacet
   facet normal 1 -1.22465e-16 0
      outer loop
         vertex -0.0100933 0.00525 0.005
         vertex -0.0100171 0.00486732 0.005
         vertex -0.0100171 0.00486732 0.003
      endloop
   endfacet
   facet normal 0.92388 -0.382683 0
      outer loop
         vertex -0.0100171 0.00563268 0.005
         vertex -0.0100933 0.00525 0.005
         vertex -0.0100933 0.00525 0.003
      endloop
   endfacet
   facet normal 0.707107 -0.707107 0
      outer loop
         vertex -0.00980037 0.00595711 0.005
         vertex -0.0100171 0.00563268 0.005
         vertex -0.0100171 0.00563268 0.003
      endloop
   endfacet
   facet normal 0.382683 -0.92388 0
      outer loop
         vertex -0.00947595 0.00617388 0.005
         vertex -0.00980037 0.00595711 0.005
         vertex -0.00980037 0.00595711 0.003
      endloop
   endfacet
   facet normal -6.12323e-17 -1 0
      outer loop
         vertex -0.00909327 0.00625 0.005
         vertex -0.00947595 0.00617388 0.005
         vertex -0.00947595 0.00617388 0.003
      endloop
   endfacet
   facet normal -0.382683 -0.92388 0
      outer loop
         vertex -0.00871058 0.00617388 0.005
         vertex -0.00909327 0.00625 0.005
         vertex -0.00909327 0.00625 0.003
      endloop
   endfacet
   facet normal -0.707107 -0.707107 0
      outer loop
         vertex -0.00838616 0.00595711 0.005
         vertex -0.00859327 0.00611603 0.005
         vertex -0.00859327 0.00611603 0.003
      endloop
   endfacet
   facet normal -0.382683 -0.92388 0
      outer loop
         vertex -0.00871058 0.00617388 0.003
         vertex -0.00859327 0.00611603 0.003
         vertex -0.00859327 0.00611603 0.005
      endloop
   endfacet
   facet normal -0.5 -0.866025 0
      outer loop
         vertex -0.00859327 0.00611603 0.005
         vertex -0.00871058 0.00617388 0.005
         vertex -0.00871058 0.00617388 0.003
      endloop
   endfacet
   facet normal -0.92388 -0.382683 0
      outer loop
         vertex -0.00816939 0.00563268 0.005
         vertex -0.00838616 0.00595711 0.005
         vertex -0.00838616 0.00595711 0.003
      endloop
   endfacet
   facet normal -1 2.44929e-16 0
      outer loop
         vertex -0.00809327 0.00525 0.005
         vertex -0.00816939 0.00563268 0.005
         vertex -0.00816939 0.00563268 0.003
      endloop
   endfacet
   facet normal -0.92388 -0.382683 0
      outer loop
         vertex -0.00816939 0.00563268 0.003
         vertex -0.00809327 0.00525 0.003
         vertex -0.00809327 0.00525 0.005
      endloop
   endfacet
   facet normal -0.707107 -0.707107 0
      outer loop
         vertex -0.00838616 0.00595711 0.003
         vertex -0.00816939 0.00563268 0.003
         vertex -0.00816939 0.00563268 0.005
      endloop
   endfacet
   facet normal -0.5 -0.866025 0
      outer loop
         vertex -0.00859327 0.00611603 0.003
         vertex -0.00838616 0.00595711 0.003
         vertex -0.00838616 0.00595711 0.005
      endloop
   endfacet
   facet normal -6.12323e-17 -1 0
      outer loop
         vertex -0.00909327 0.00625 0.003
         vertex -0.00871058 0.00617388 0.003
         vertex -0.00871058 0.00617388 0.005
      endloop
   endfacet
   facet normal 0.382683 -0.92388 0
      outer loop
         vertex -0.00947595 0.00617388 0.003
         vertex -0.00909327 0.00625 0.003
         vertex -0.00909327 0.00625 0.005
      endloop
   endfacet
   facet normal 0.707107 -0.707107 0
      outer loop
         vertex -0.00980037 0.00595711 0.003
         vertex -0.00947595 0.00617388 0.003
         vertex -0.00947595 0.00617388 0.005
      endloop
   endfacet
   facet normal 0.92388 -0.382683 0
      outer loop
         vertex -0.0100171 0.00563268 0.003
         vertex -0.00980037 0.00595711 0.003
         vertex -0.00980037 0.00595711 0.005
      endloop
   endfacet
   facet normal 1 -1.22465e-16 0
      outer loop
         vertex -0.0100933 0.00525 0.003
         vertex -0.0100171 0.00563268 0.003
         vertex -0.0100171 0.00563268 0.005
      endloop
   endfacet
   facet normal 0.92388 0.382683 0
      outer loop
         vertex -0.0100171 0.00486732 0.003
         vertex -0.0100933 0.00525 0.003
         vertex -0.0100933 0.00525 0.005
      endloop
   endfacet
   facet normal 0.707107 0.707107 0
      outer loop
         vertex -0.00980037 0.00454289 0.003
         vertex -0.0100171 0.00486732 0.003
         vertex -0.0100171 0.00486732 0.005
      endloop
   endfacet
   facet normal 0.382683 0.92388 0
      outer loop
         vertex -0.00947595 0.00432612 0.003
         vertex -0.00980037 0.00454289 0.003
         vertex -0.00980037 0.00454289 0.005
      endloop
   endfacet
   facet normal 1.83697e-16 1 0
      outer loop
         vertex -0.00909327 0.00425 0.003
         vertex -0.00947595 0.00432612 0.003
         vertex -0.00947595 0.00432612 0.005
      endloop
   endfacet
   facet normal -0.382683 0.92388 0
      outer loop
         vertex -0.00871058 0.00432612 0.003
         vertex -0.00909327 0.00425 0.003
         vertex -0.00909327 0.00425 0.005
      endloop
   endfacet
   facet normal -0.707107 0.707107 0
      outer loop
         vertex -0.00838616 0.00454289 0.003
         vertex -0.00871058 0.00432612 0.003
         vertex -0.00871058 0.00432612 0.005
      endloop
   endfacet
   facet normal -0.92388 0.382683 0
      outer loop
         vertex -0.00816939 0.00486732 0.003
         vertex -0.00838616 0.00454289 0.003
         vertex -0.00838616 0.00454289 0.005
      endloop
   endfacet
   facet normal -1 2.44929e-16 0
      outer loop
         vertex -0.00809327 0.00525 0.003
         vertex -0.00816939 0.00486732 0.003
         vertex -0.00816939 0.00486732 0.005
      endloop
   endfacet
   facet normal -0.92388 0.382683 0
      outer loop
         vertex -0.00557131 0.00336732 0.003
         vertex -0.00557131 0.00336732 0.005
         vertex -0.00554492 0.0035 0.005
      endloop
   endfacet
   facet normal -1 2.44929e-16 0
      outer loop
         vertex -0.00549519 0.00375 0.005
         vertex -0.00549519 0.00375 0.003
         vertex -0.00554492 0.0035 0.003
      endloop
   endfacet
   facet normal -0.967092 0.254425 0
      outer loop
         vertex -0.00554492 0.0035 0.003
         vertex -0.00554492 0.0035 0.005
         vertex -0.00549519 0.00375 0.005
      endloop
   endfacet
   facet normal -0.707107 0.707107 0
      outer loop
         vertex -0.00578808 0.00304289 0.005
         vertex -0.00557131 0.00336732 0.005
         vertex -0.00557131 0.00336732 0.003
      endloop
   endfacet
   facet normal -0.382683 0.92388 0
      outer loop
         vertex -0.00611251 0.00282612 0.005
         vertex -0.00578808 0.00304289 0.005
         vertex -0.00578808 0.00304289 0.003
      endloop
   endfacet
   facet normal 1.83697e-16 1 0
      outer loop
         vertex -0.00649519 0.00275 0.005
         vertex -0.00611251 0.00282612 0.005
         vertex -0.00611251 0.00282612 0.003
      endloop
   endfacet
   facet normal 0.382683 0.92388 0
      outer loop
         vertex -0.00687787 0.00282612 0.005
         vertex -0.00649519 0.00275 0.005
         vertex -0.00649519 0.00275 0.003
      endloop
   endfacet
   facet normal 0.707107 0.707107 0
      outer loop
         vertex -0.0072023 0.00304289 0.005
         vertex -0.00687787 0.00282612 0.005
         vertex -0.00687787 0.00282612 0.003
      endloop
   endfacet
   facet normal 0.92388 0.382683 0
      outer loop
         vertex -0.00741907 0.00336732 0.005
         vertex -0.0072023 0.00304289 0.005
         vertex -0.0072023 0.00304289 0.003
      endloop
   endfacet
   facet normal 1 -1.22465e-16 0
      outer loop
         vertex -0.00749519 0.00375 0.005
         vertex -0.00744546 0.0035 0.005
         vertex -0.00744546 0.0035 0.003
      endloop
   endfacet
   facet normal 0.92388 0.382683 0
      outer loop
         vertex -0.00741907 0.00336732 0.003
         vertex -0.00744546 0.0035 0.003
         vertex -0.00744546 0.0035 0.005
      endloop
   endfacet
   facet normal 0.967092 0.254425 0
      outer loop
         vertex -0.00744546 0.0035 0.005
         vertex -0.00741907 0.00336732 0.005
         vertex -0.00741907 0.00336732 0.003
      endloop
   endfacet
   facet normal 0.92388 -0.382683 0
      outer loop
         vertex -0.00741907 0.00413268 0.005
         vertex -0.00749519 0.00375 0.005
         vertex -0.00749519 0.00375 0.003
      endloop
   endfacet
   facet normal 0.707107 -0.707107 0
      outer loop
         vertex -0.0072023 0.00445711 0.005
         vertex -0.00741907 0.00413268 0.005
         vertex -0.00741907 0.00413268 0.003
      endloop
   endfacet
   facet normal 0.382683 -0.92388 0
      outer loop
         vertex -0.00687787 0.00467388 0.005
         vertex -0.0072023 0.00445711 0.005
         vertex -0.0072023 0.00445711 0.003
      endloop
   endfacet
   facet normal -6.12323e-17 -1 0
      outer loop
         vertex -0.00649519 0.00475 0.005
         vertex -0.00687787 0.00467388 0.005
         vertex -0.00687787 0.00467388 0.003
      endloop
   endfacet
   facet normal -0.382683 -0.92388 0
      outer loop
         vertex -0.00611251 0.00467388 0.005
         vertex -0.00649519 0.00475 0.005
         vertex -0.00649519 0.00475 0.003
      endloop
   endfacet
   facet normal -0.707107 -0.707107 0
      outer loop
         vertex -0.00578808 0.00445711 0.005
         vertex -0.00599519 0.00461603 0.005
         vertex -0.00599519 0.00461603 0.003
      endloop
   endfacet
   facet normal -0.382683 -0.92388 0
      outer loop
         vertex -0.00611251 0.00467388 0.003
         vertex -0.00599519 0.00461603 0.003
         vertex -0.00599519 0.00461603 0.005
      endloop
   endfacet
   facet normal -0.5 -0.866025 0
      outer loop
         vertex -0.00599519 0.00461603 0.005
         vertex -0.00611251 0.00467388 0.005
         vertex -0.00611251 0.00467388 0.003
      endloop
   endfacet
   facet normal -0.92388 -0.382683 0
      outer loop
         vertex -0.00557131 0.00413268 0.005
         vertex -0.00578808 0.00445711 0.005
         vertex -0.00578808 0.00445711 0.003
      endloop
   endfacet
   facet normal -1 2.44929e-16 0
      outer loop
         vertex -0.00549519 0.00375 0.005
         vertex -0.00557131 0.00413268 0.005
         vertex -0.00557131 0.00413268 0.003
      endloop
   endfacet
   facet normal -0.92388 -0.382683 0
      outer loop
         vertex -0.00557131 0.00413268 0.003
         vertex -0.00549519 0.00375 0.003
         vertex -0.00549519 0.00375 0.005
      endloop
   endfacet
   facet normal -0.707107 -0.707107 0
      outer loop
         vertex -0.00578808 0.00445711 0.003
         vertex -0.00557131 0.00413268 0.003
         vertex -0.00557131 0.00413268 0.005
      endloop
   endfacet
   facet normal -0.5 -0.866025 0
      outer loop
         vertex -0.00599519 0.00461603 0.003
         vertex -0.00578808 0.00445711 0.003
         vertex -0.00578808 0.00445711 0.005
      endloop
   endfacet
   facet normal -6.12323e-17 -1 0
      outer loop
         vertex -0.00649519 0.00475 0.003
         vertex -0.00611251 0.00467388 0.003
         vertex -0.00611251 0.00467388 0.005
      endloop
   endfacet
   facet normal 0.382683 -0.92388 0
      outer loop
         vertex -0.00687787 0.00467388 0.003
         vertex -0.00649519 0.00475 0.003
         vertex -0.00649519 0.00475 0.005
      endloop
   endfacet
   facet normal 0.707107 -0.707107 0
      outer loop
         vertex -0.0072023 0.00445711 0.003
         vertex -0.00687787 0.00467388 0.003
         vertex -0.00687787 0.00467388 0.005
      endloop
   endfacet
   facet normal 0.92388 -0.382683 0
      outer loop
         vertex -0.00741907 0.00413268 0.003
         vertex -0.0072023 0.00445711 0.003
         vertex -0.0072023 0.00445711 0.005
      endloop
   endfacet
   facet normal 1 -1.22465e-16 0
      outer loop
         vertex -0.00749519 0.00375 0.003
         vertex -0.00741907 0.00413268 0.003
         vertex -0.00741907 0.00413268 0.005
      endloop
   endfacet
   facet normal 0.967092 0.254425 0
      outer loop
         vertex -0.00744546 0.0035 0.003
         vertex -0.00749519 0.00375 0.003
         vertex -0.00749519 0.00375 0.005
      endloop
   endfacet
   facet normal 0.707107 0.707107 0
      outer loop
         vertex -0.0072023 0.00304289 0.003
         vertex -0.00741907 0.00336732 0.003
         vertex -0.00741907 0.00336732 0.005
      endloop
   endfacet
   facet normal 0.382683 0.92388 0
      outer loop
         vertex -0.00687787 0.00282612 0.003
         vertex -0.0072023 0.00304289 0.003
         vertex -0.0072023 0.00304289 0.005
      endloop
   endfacet
   facet normal 1.83697e-16 1 0
      outer loop
         vertex -0.00649519 0.00275 0.003
         vertex -0.00687787 0.00282612 0.003
         vertex -0.00687787 0.00282612 0.005
      endloop
   endfacet
   facet normal -0.382683 0.92388 0
      outer loop
         vertex -0.00611251 0.00282612 0.003
         vertex -0.00649519 0.00275 0.003
         vertex -0.00649519 0.00275 0.005
      endloop
   endfacet
   facet normal -0.707107 0.707107 0
      outer loop
         vertex -0.00578808 0.00304289 0.003
         vertex -0.00611251 0.00282612 0.003
         vertex -0.00611251 0.00282612 0.005
      endloop
   endfacet
   facet normal -0.92388 0.382683 0
      outer loop
         vertex -0.00557131 0.00336732 0.003
         vertex -0.00578808 0.00304289 0.003
         vertex -0.00578808 0.00304289 0.005
      endloop
   endfacet
   facet normal -0.967092 0.254425 0
      outer loop
         vertex -0.00554492 0.0035 0.005
         vertex -0.00554492 0.0035 0.003
         vertex -0.00557131 0.00336732 0.003
      endloop
   endfacet
   facet normal -0.92388 0.382683 0
      outer loop
         vertex 0.00092388 0.0131173 0.005
         vertex 0.001 0.0135 0.005
         vertex 0.001 0.0135 0.003
      endloop
   endfacet
   facet normal -0.707107 0.707107 0
      outer loop
         vertex 0.000707107 0.0127929 0.005
         vertex 0.00092388 0.0131173 0.005
         vertex 0.00092388 0.0131173 0.003
      endloop
   endfacet
   facet normal -0.382683 0.92388 0
      outer loop
         vertex 0.000382683 0.0125761 0.005
         vertex 0.000707107 0.0127929 0.005
         vertex 0.000707107 0.0127929 0.003
      endloop
   endfacet
   facet normal 1.83697e-16 1 0
      outer loop
         vertex -1.83697e-19 0.0125 0.005
         vertex 0.000382683 0.0125761 0.005
         vertex 0.000382683 0.0125761 0.003
      endloop
   endfacet
   facet normal 0.382683 0.92388 0
      outer loop
         vertex -0.000382683 0.0125761 0.005
         vertex -1.83697e-19 0.0125 0.005
         vertex -1.83697e-19 0.0125 0.003
      endloop
   endfacet
   facet normal 0.707107 0.707107 0
      outer loop
         vertex -0.000707107 0.0127929 0.005
         vertex -0.000382683 0.0125761 0.005
         vertex -0.000382683 0.0125761 0.003
      endloop
   endfacet
   facet normal 0.92388 0.382683 0
      outer loop
         vertex -0.00092388 0.0131173 0.005
         vertex -0.000707107 0.0127929 0.005
         vertex -0.000707107 0.0127929 0.003
      endloop
   endfacet
   facet normal 1 -1.22465e-16 0
      outer loop
         vertex -0.001 0.0135 0.005
         vertex -0.00092388 0.0131173 0.005
         vertex -0.00092388 0.0131173 0.003
      endloop
   endfacet
   facet normal 0.92388 -0.382683 0
      outer loop
         vertex -0.00092388 0.0138827 0.005
         vertex -0.001 0.0135 0.005
         vertex -0.001 0.0135 0.003
      endloop
   endfacet
   facet normal 0.707107 -0.707107 0
      outer loop
         vertex -0.000707107 0.0142071 0.005
         vertex -0.00092388 0.0138827 0.005
         vertex -0.00092388 0.0138827 0.003
      endloop
   endfacet
   facet normal 0.382683 -0.92388 0
      outer loop
         vertex -0.000382683 0.0144239 0.005
         vertex -0.000707107 0.0142071 0.005
         vertex -0.000707107 0.0142071 0.003
      endloop
   endfacet
   facet normal 1.60812e-16 -1 0
      outer loop
         vertex -1.60812e-19 0.0145 0.005
         vertex -0.000382683 0.0144239 0.005
         vertex -0.000382683 0.0144239 0.003
      endloop
   endfacet
   facet normal -0.382683 -0.92388 0
      outer loop
         vertex 0.000382683 0.0144239 0.005
         vertex -1.60812e-19 0.0145 0.005
         vertex -1.60812e-19 0.0145 0.003
      endloop
   endfacet
   facet normal -0.707107 -0.707107 0
      outer loop
         vertex 0.000707107 0.0142071 0.005
         vertex 0.000382683 0.0144239 0.005
         vertex 0.000382683 0.0144239 0.003
      endloop
   endfacet
   facet normal -0.92388 -0.382683 0
      outer loop
         vertex 0.00092388 0.0138827 0.005
         vertex 0.000707107 0.0142071 0.005
         vertex 0.000707107 0.0142071 0.003
      endloop
   endfacet
   facet normal -1 0 0
      outer loop
         vertex 0.001 0.0135 0.005
         vertex 0.00092388 0.0138827 0.005
         vertex 0.00092388 0.0138827 0.003
      endloop
   endfacet
   facet normal -0.92388 -0.382683 0
      outer loop
         vertex 0.00092388 0.0138827 0.003
         vertex 0.001 0.0135 0.003
         vertex 0.001 0.0135 0.005
      endloop
   endfacet
   facet normal -0.707107 -0.707107 0
      outer loop
         vertex 0.000707107 0.0142071 0.003
         vertex 0.00092388 0.0138827 0.003
         vertex 0.00092388 0.0138827 0.005
      endloop
   endfacet
   facet normal -0.382683 -0.92388 0
      outer loop
         vertex 0.000382683 0.0144239 0.003
         vertex 0.000707107 0.0142071 0.003
         vertex 0.000707107 0.0142071 0.005
      endloop
   endfacet
   facet normal 1.60812e-16 -1 0
      outer loop
         vertex -1.60812e-19 0.0145 0.003
         vertex 0.000382683 0.0144239 0.003
         vertex 0.000382683 0.0144239 0.005
      endloop
   endfacet
   facet normal 0.382683 -0.92388 0
      outer loop
         vertex -0.000382683 0.0144239 0.003
         vertex -1.60812e-19 0.0145 0.003
         vertex -1.60812e-19 0.0145 0.005
      endloop
   endfacet
   facet normal 0.707107 -0.707107 0
      outer loop
         vertex -0.000707107 0.0142071 0.003
         vertex -0.000382683 0.0144239 0.003
         vertex -0.000382683 0.0144239 0.005
      endloop
   endfacet
   facet normal 0.92388 -0.382683 0
      outer loop
         vertex -0.00092388 0.0138827 0.003
         vertex -0.000707107 0.0142071 0.003
         vertex -0.000707107 0.0142071 0.005
      endloop
   endfacet
   facet normal 1 -1.22465e-16 0
      outer loop
         vertex -0.001 0.0135 0.003
         vertex -0.00092388 0.0138827 0.003
         vertex -0.00092388 0.0138827 0.005
      endloop
   endfacet
   facet normal 0.92388 0.382683 0
      outer loop
         vertex -0.00092388 0.0131173 0.003
         vertex -0.001 0.0135 0.003
         vertex -0.001 0.0135 0.005
      endloop
   endfacet
   facet normal 0.707107 0.707107 0
      outer loop
         vertex -0.000707107 0.0127929 0.003
         vertex -0.00092388 0.0131173 0.003
         vertex -0.00092388 0.0131173 0.005
      endloop
   endfacet
   facet normal 0.382683 0.92388 0
      outer loop
         vertex -0.000382683 0.0125761 0.003
         vertex -0.000707107 0.0127929 0.003
         vertex -0.000707107 0.0127929 0.005
      endloop
   endfacet
   facet normal 1.83697e-16 1 0
      outer loop
         vertex -1.83697e-19 0.0125 0.003
         vertex -0.000382683 0.0125761 0.003
         vertex -0.000382683 0.0125761 0.005
      endloop
   endfacet
   facet normal -0.382683 0.92388 0
      outer loop
         vertex 0.000382683 0.0125761 0.003
         vertex -1.83697e-19 0.0125 0.003
         vertex -1.83697e-19 0.0125 0.005
      endloop
   endfacet
   facet normal -0.707107 0.707107 0
      outer loop
         vertex 0.000707107 0.0127929 0.003
         vertex 0.000382683 0.0125761 0.003
         vertex 0.000382683 0.0125761 0.005
      endloop
   endfacet
   facet normal -0.92388 0.382683 0
      outer loop
         vertex 0.00092388 0.0131173 0.003
         vertex 0.000707107 0.0127929 0.003
         vertex 0.000707107 0.0127929 0.005
      endloop
   endfacet
   facet normal -1 0 0
      outer loop
         vertex 0.001 0.0135 0.003
         vertex 0.00092388 0.0131173 0.003
         vertex 0.00092388 0.0131173 0.005
      endloop
   endfacet
   facet normal -0.92388 0.382683 0
      outer loop
         vertex 0.00092388 0.0101173 0.005
         vertex 0.001 0.0105 0.005
         vertex 0.001 0.0105 0.003
      endloop
   endfacet
   facet normal -0.707107 0.707107 0
      outer loop
         vertex 0.000707107 0.00979289 0.005
         vertex 0.00092388 0.0101173 0.005
         vertex 0.00092388 0.0101173 0.003
      endloop
   endfacet
   facet normal -0.382683 0.92388 0
      outer loop
         vertex 0.000382683 0.00957612 0.005
         vertex 0.000707107 0.00979289 0.005
         vertex 0.000707107 0.00979289 0.003
      endloop
   endfacet
   facet normal 1.83697e-16 1 0
      outer loop
         vertex -1.83697e-19 0.0095 0.005
         vertex 0.000382683 0.00957612 0.005
         vertex 0.000382683 0.00957612 0.003
      endloop
   endfacet
   facet normal 0.382683 0.92388 0
      outer loop
         vertex -0.000382683 0.00957612 0.005
         vertex -1.83697e-19 0.0095 0.005
         vertex -1.83697e-19 0.0095 0.003
      endloop
   endfacet
   facet normal 0.707107 0.707107 0
      outer loop
         vertex -0.000707107 0.00979289 0.005
         vertex -0.000382683 0.00957612 0.005
         vertex -0.000382683 0.00957612 0.003
      endloop
   endfacet
   facet normal 0.92388 0.382683 0
      outer loop
         vertex -0.00092388 0.0101173 0.005
         vertex -0.000707107 0.00979289 0.005
         vertex -0.000707107 0.00979289 0.003
      endloop
   endfacet
   facet normal 1 -1.22465e-16 0
      outer loop
         vertex -0.001 0.0105 0.005
         vertex -0.00092388 0.0101173 0.005
         vertex -0.00092388 0.0101173 0.003
      endloop
   endfacet
   facet normal 0.92388 -0.382683 0
      outer loop
         vertex -0.00092388 0.0108827 0.005
         vertex -0.001 0.0105 0.005
         vertex -0.001 0.0105 0.003
      endloop
   endfacet
   facet normal 0.707107 -0.707107 0
      outer loop
         vertex -0.000707107 0.0112071 0.005
         vertex -0.00092388 0.0108827 0.005
         vertex -0.00092388 0.0108827 0.003
      endloop
   endfacet
   facet normal 0.382683 -0.92388 0
      outer loop
         vertex -0.000382683 0.0114239 0.005
         vertex -0.000707107 0.0112071 0.005
         vertex -0.000707107 0.0112071 0.003
      endloop
   endfacet
   facet normal 1.60812e-16 -1 0
      outer loop
         vertex -1.60812e-19 0.0115 0.005
         vertex -0.000382683 0.0114239 0.005
         vertex -0.000382683 0.0114239 0.003
      endloop
   endfacet
   facet normal -0.382683 -0.92388 0
      outer loop
         vertex 0.000382683 0.0114239 0.005
         vertex -1.60812e-19 0.0115 0.005
         vertex -1.60812e-19 0.0115 0.003
      endloop
   endfacet
   facet normal -0.707107 -0.707107 0
      outer loop
         vertex 0.000707107 0.0112071 0.005
         vertex 0.000382683 0.0114239 0.005
         vertex 0.000382683 0.0114239 0.003
      endloop
   endfacet
   facet normal -0.92388 -0.382683 0
      outer loop
         vertex 0.00092388 0.0108827 0.005
         vertex 0.000707107 0.0112071 0.005
         vertex 0.000707107 0.0112071 0.003
      endloop
   endfacet
   facet normal -1 0 0
      outer loop
         vertex 0.001 0.0105 0.005
         vertex 0.00092388 0.0108827 0.005
         vertex 0.00092388 0.0108827 0.003
      endloop
   endfacet
   facet normal -0.92388 -0.382683 0
      outer loop
         vertex 0.00092388 0.0108827 0.003
         vertex 0.001 0.0105 0.003
         vertex 0.001 0.0105 0.005
      endloop
   endfacet
   facet normal -0.707107 -0.707107 0
      outer loop
         vertex 0.000707107 0.0112071 0.003
         vertex 0.00092388 0.0108827 0.003
         vertex 0.00092388 0.0108827 0.005
      endloop
   endfacet
   facet normal -0.382683 -0.92388 0
      outer loop
         vertex 0.000382683 0.0114239 0.003
         vertex 0.000707107 0.0112071 0.003
         vertex 0.000707107 0.0112071 0.005
      endloop
   endfacet
   facet normal 1.60812e-16 -1 0
      outer loop
         vertex -1.60812e-19 0.0115 0.003
         vertex 0.000382683 0.0114239 0.003
         vertex 0.000382683 0.0114239 0.005
      endloop
   endfacet
   facet normal 0.382683 -0.92388 0
      outer loop
         vertex -0.000382683 0.0114239 0.003
         vertex -1.60812e-19 0.0115 0.003
         vertex -1.60812e-19 0.0115 0.005
      endloop
   endfacet
   facet normal 0.707107 -0.707107 0
      outer loop
         vertex -0.000707107 0.0112071 0.003
         vertex -0.000382683 0.0114239 0.003
         vertex -0.000382683 0.0114239 0.005
      endloop
   endfacet
   facet normal 0.92388 -0.382683 0
      outer loop
         vertex -0.00092388 0.0108827 0.003
         vertex -0.000707107 0.0112071 0.003
         vertex -0.000707107 0.0112071 0.005
      endloop
   endfacet
   facet normal 1 -1.22465e-16 0
      outer loop
         vertex -0.001 0.0105 0.003
         vertex -0.00092388 0.0108827 0.003
         vertex -0.00092388 0.0108827 0.005
      endloop
   endfacet
   facet normal 0.92388 0.382683 0
      outer loop
         vertex -0.00092388 0.0101173 0.003
         vertex -0.001 0.0105 0.003
         vertex -0.001 0.0105 0.005
      endloop
   endfacet
   facet normal 0.707107 0.707107 0
      outer loop
         vertex -0.000707107 0.00979289 0.003
         vertex -0.00092388 0.0101173 0.003
         vertex -0.00092388 0.0101173 0.005
      endloop
   endfacet
   facet normal 0.382683 0.92388 0
      outer loop
         vertex -0.000382683 0.00957612 0.003
         vertex -0.000707107 0.00979289 0.003
         vertex -0.000707107 0.00979289 0.005
      endloop
   endfacet
   facet normal 1.83697e-16 1 0
      outer loop
         vertex -1.83697e-19 0.0095 0.003
         vertex -0.000382683 0.00957612 0.003
         vertex -0.000382683 0.00957612 0.005
      endloop
   endfacet
   facet normal -0.382683 0.92388 0
      outer loop
         vertex 0.000382683 0.00957612 0.003
         vertex -1.83697e-19 0.0095 0.003
         vertex -1.83697e-19 0.0095 0.005
      endloop
   endfacet
   facet normal -0.707107 0.707107 0
      outer loop
         vertex 0.000707107 0.00979289 0.003
         vertex 0.000382683 0.00957612 0.003
         vertex 0.000382683 0.00957612 0.005
      endloop
   endfacet
   facet normal -0.92388 0.382683 0
      outer loop
         vertex 0.00092388 0.0101173 0.003
         vertex 0.000707107 0.00979289 0.003
         vertex 0.000707107 0.00979289 0.005
      endloop
   endfacet
   facet normal -1 0 0
      outer loop
         vertex 0.001 0.0105 0.003
         vertex 0.00092388 0.0101173 0.003
         vertex 0.00092388 0.0101173 0.005
      endloop
   endfacet
   facet normal -0.92388 0.382683 0
      outer loop
         vertex 0.00092388 0.00711732 0.005
         vertex 0.001 0.0075 0.005
         vertex 0.001 0.0075 0.003
      endloop
   endfacet
   facet normal -0.707107 0.707107 0
      outer loop
         vertex 0.000707107 0.00679289 0.005
         vertex 0.00092388 0.00711732 0.005
         vertex 0.00092388 0.00711732 0.003
      endloop
   endfacet
   facet normal -0.382683 0.92388 0
      outer loop
         vertex 0.000382683 0.00657612 0.005
         vertex 0.000707107 0.00679289 0.005
         vertex 0.000707107 0.00679289 0.003
      endloop
   endfacet
   facet normal 1.83697e-16 1 0
      outer loop
         vertex -1.83697e-19 0.0065 0.005
         vertex 0.000382683 0.00657612 0.005
         vertex 0.000382683 0.00657612 0.003
      endloop
   endfacet
   facet normal 0.382683 0.92388 0
      outer loop
         vertex -0.000382683 0.00657612 0.005
         vertex -1.83697e-19 0.0065 0.005
         vertex -1.83697e-19 0.0065 0.003
      endloop
   endfacet
   facet normal 0.707107 0.707107 0
      outer loop
         vertex -0.000707107 0.00679289 0.005
         vertex -0.000382683 0.00657612 0.005
         vertex -0.000382683 0.00657612 0.003
      endloop
   endfacet
   facet normal 0.92388 0.382683 0
      outer loop
         vertex -0.00092388 0.00711732 0.005
         vertex -0.000707107 0.00679289 0.005
         vertex -0.000707107 0.00679289 0.003
      endloop
   endfacet
   facet normal 1 -1.22465e-16 0
      outer loop
         vertex -0.001 0.0075 0.005
         vertex -0.00092388 0.00711732 0.005
         vertex -0.00092388 0.00711732 0.003
      endloop
   endfacet
   facet normal 0.92388 -0.382683 0
      outer loop
         vertex -0.00092388 0.00788268 0.005
         vertex -0.001 0.0075 0.005
         vertex -0.001 0.0075 0.003
      endloop
   endfacet
   facet normal 0.707107 -0.707107 0
      outer loop
         vertex -0.000707107 0.00820711 0.005
         vertex -0.000761969 0.008125 0.005
         vertex -0.000761969 0.008125 0.003
      endloop
   endfacet
   facet normal 0.92388 -0.382683 0
      outer loop
         vertex -0.00092388 0.00788268 0.003
         vertex -0.000761969 0.008125 0.003
         vertex -0.000761969 0.008125 0.005
      endloop
   endfacet
   facet normal 0.773175 -0.634192 0
      outer loop
         vertex -0.000761969 0.008125 0.005
         vertex -0.00092388 0.00788268 0.005
         vertex -0.00092388 0.00788268 0.003
      endloop
   endfacet
   facet normal 0.382683 -0.92388 0
      outer loop
         vertex -0.000382683 0.00842388 0.005
         vertex -0.000707107 0.00820711 0.005
         vertex -0.000707107 0.00820711 0.003
      endloop
   endfacet
   facet normal 1.60812e-16 -1 0
      outer loop
         vertex -1.60812e-19 0.0085 0.005
         vertex -0.000382683 0.00842388 0.005
         vertex -0.000382683 0.00842388 0.003
      endloop
   endfacet
   facet normal -0.382683 -0.92388 0
      outer loop
         vertex 0.000382683 0.00842388 0.005
         vertex -1.60812e-19 0.0085 0.005
         vertex -1.60812e-19 0.0085 0.003
      endloop
   endfacet
   facet normal -0.707107 -0.707107 0
      outer loop
         vertex 0.000707107 0.00820711 0.005
         vertex 0.000382683 0.00842388 0.005
         vertex 0.000382683 0.00842388 0.003
      endloop
   endfacet
   facet normal -0.92388 -0.382683 0
      outer loop
         vertex 0.00092388 0.00788268 0.003
         vertex 0.00092388 0.00788268 0.005
         vertex 0.000761969 0.008125 0.005
      endloop
   endfacet
   facet normal -0.707107 -0.707107 0
      outer loop
         vertex 0.000707107 0.00820711 0.005
         vertex 0.000707107 0.00820711 0.003
         vertex 0.000761969 0.008125 0.003
      endloop
   endfacet
   facet normal -0.773175 -0.634192 0
      outer loop
         vertex 0.000761969 0.008125 0.003
         vertex 0.000761969 0.008125 0.005
         vertex 0.000707107 0.00820711 0.005
      endloop
   endfacet
   facet normal -1 0 0
      outer loop
         vertex 0.001 0.0075 0.005
         vertex 0.00092388 0.00788268 0.005
         vertex 0.00092388 0.00788268 0.003
      endloop
   endfacet
   facet normal -0.92388 -0.382683 0
      outer loop
         vertex 0.00092388 0.00788268 0.003
         vertex 0.001 0.0075 0.003
         vertex 0.001 0.0075 0.005
      endloop
   endfacet
   facet normal -0.773175 -0.634192 0
      outer loop
         vertex 0.000761969 0.008125 0.005
         vertex 0.000761969 0.008125 0.003
         vertex 0.00092388 0.00788268 0.003
      endloop
   endfacet
   facet normal -0.382683 -0.92388 0
      outer loop
         vertex 0.000382683 0.00842388 0.003
         vertex 0.000707107 0.00820711 0.003
         vertex 0.000707107 0.00820711 0.005
      endloop
   endfacet
   facet normal 1.60812e-16 -1 0
      outer loop
         vertex -1.60812e-19 0.0085 0.003
         vertex 0.000382683 0.00842388 0.003
         vertex 0.000382683 0.00842388 0.005
      endloop
   endfacet
   facet normal 0.382683 -0.92388 0
      outer loop
         vertex -0.000382683 0.00842388 0.003
         vertex -1.60812e-19 0.0085 0.003
         vertex -1.60812e-19 0.0085 0.005
      endloop
   endfacet
   facet normal 0.707107 -0.707107 0
      outer loop
         vertex -0.000707107 0.00820711 0.003
         vertex -0.000382683 0.00842388 0.003
         vertex -0.000382683 0.00842388 0.005
      endloop
   endfacet
   facet normal 0.773175 -0.634192 0
      outer loop
         vertex -0.000761969 0.008125 0.003
         vertex -0.000707107 0.00820711 0.003
         vertex -0.000707107 0.00820711 0.005
      endloop
   endfacet
   facet normal 1 -1.22465e-16 0
      outer loop
         vertex -0.001 0.0075 0.003
         vertex -0.00092388 0.00788268 0.003
         vertex -0.00092388 0.00788268 0.005
      endloop
   endfacet
   facet normal 0.92388 0.382683 0
      outer loop
         vertex -0.00092388 0.00711732 0.003
         vertex -0.001 0.0075 0.003
         vertex -0.001 0.0075 0.005
      endloop
   endfacet
   facet normal 0.707107 0.707107 0
      outer loop
         vertex -0.000707107 0.00679289 0.003
         vertex -0.00092388 0.00711732 0.003
         vertex -0.00092388 0.00711732 0.005
      endloop
   endfacet
   facet normal 0.382683 0.92388 0
      outer loop
         vertex -0.000382683 0.00657612 0.003
         vertex -0.000707107 0.00679289 0.003
         vertex -0.000707107 0.00679289 0.005
      endloop
   endfacet
   facet normal 1.83697e-16 1 0
      outer loop
         vertex -1.83697e-19 0.0065 0.003
         vertex -0.000382683 0.00657612 0.003
         vertex -0.000382683 0.00657612 0.005
      endloop
   endfacet
   facet normal -0.382683 0.92388 0
      outer loop
         vertex 0.000382683 0.00657612 0.003
         vertex -1.83697e-19 0.0065 0.003
         vertex -1.83697e-19 0.0065 0.005
      endloop
   endfacet
   facet normal -0.707107 0.707107 0
      outer loop
         vertex 0.000707107 0.00679289 0.003
         vertex 0.000382683 0.00657612 0.003
         vertex 0.000382683 0.00657612 0.005
      endloop
   endfacet
   facet normal -0.92388 0.382683 0
      outer loop
         vertex 0.00092388 0.00711732 0.003
         vertex 0.000707107 0.00679289 0.003
         vertex 0.000707107 0.00679289 0.005
      endloop
   endfacet
   facet normal -1 0 0
      outer loop
         vertex 0.001 0.0075 0.003
         vertex 0.00092388 0.00711732 0.003
         vertex 0.00092388 0.00711732 0.005
      endloop
   endfacet
   facet normal 0 0 -1
      outer loop
         vertex 0.00779423 -0.00525 0.003
         vertex 0.00779423 -0.006375 0.003
         vertex 0.002625 -0.006375 0.003
      endloop
   endfacet
   facet normal 0 0 -1
      outer loop
         vertex 0.002625 -0.00525 0.003
         vertex 0.002625 -0.006375 0.003
         vertex -0.0048726 -0.006375 0.003
      endloop
   endfacet
   facet normal 0 0 -1
      outer loop
         vertex -0.0048726 -0.00525 0.003
         vertex -0.0048726 -0.006375 0.003
         vertex -0.00779423 -0.006375 0.003
      endloop
   endfacet
   facet normal 0 0 -1
      outer loop
         vertex 0.00779423 0.006375 0.003
         vertex 0.00779423 0.00525 0.003
         vertex 0.002625 0.00525 0.003
      endloop
   endfacet
   facet normal 0 0 -1
      outer loop
         vertex 0.002625 0.006375 0.003
         vertex 0.002625 0.00525 0.003
         vertex -0.0048726 0.00525 0.003
      endloop
   endfacet
   facet normal 0 0 -1
      outer loop
         vertex -0.0048726 0.006375 0.003
         vertex -0.0048726 0.00525 0.003
         vertex -0.00779423 0.00525 0.003
      endloop
   endfacet
   facet normal 0 0 -1
      outer loop
         vertex 0.00779423 0.006375 0.003
         vertex 0.002625 0.006375 0.003
         vertex 0.00375 0.00649519 0.003
      endloop
   endfacet
   facet normal 0 0 -1
      outer loop
         vertex 0.002625 0.006375 0.003
         vertex 0.002625 0.008125 0.003
         vertex 0.00338095 0.008125 0.003
      endloop
   endfacet
   facet normal 0 0 -1
      outer loop
         vertex 0.00338095 0.008125 0.003
         vertex 0.00375 0.00649519 0.003
         vertex 0.002625 0.006375 0.003
      endloop
   endfacet
   facet normal 0 0 -1
      outer loop
         vertex 0.00779423 0.006375 0.003
         vertex 0.00779423 0.00775028 0.003
         vertex 0.00900167 0.008125 0.003
      endloop
   endfacet
   facet normal 0 0 -1
      outer loop
         vertex 0.00900167 0.008125 0.003
         vertex 0.0103923 0.006375 0.003
         vertex 0.00779423 0.006375 0.003
      endloop
   endfacet
   facet normal 0 0 -1
      outer loop
         vertex 0.0134078 0.008125 0.003
         vertex 0.0122927 0.0089929 0.003
         vertex 0.0130291 0.00878365 0.003
      endloop
   endfacet
   facet normal 0 0 -1
      outer loop
         vertex 0.0134078 0.008125 0.003
         vertex 0.0115316 0.00891013 0.003
         vertex 0.0122927 0.0089929 0.003
      endloop
   endfacet
   facet normal 0 0 -1
      outer loop
         vertex 0.0103923 0.008125 0.003
         vertex 0.0103923 0.00855657 0.003
         vertex 0.0115316 0.00891013 0.003
      endloop
   endfacet
   facet normal 0 0 -1
      outer loop
         vertex 0.0115316 0.00891013 0.003
         vertex 0.0134078 0.008125 0.003
         vertex 0.0103923 0.008125 0.003
      endloop
   endfacet
   facet normal 0 0 -1
      outer loop
         vertex 0.0134078 0.008125 0.003
         vertex 0.0134078 0.00848849 0.003
         vertex 0.013633 0.00831303 0.003
      endloop
   endfacet
   facet normal 0 0 -1
      outer loop
         vertex 0.0134078 0.006375 0.003
         vertex 0.0140158 0.00765 0.003
         vertex 0.0141214 0.00689172 0.003
      endloop
   endfacet
   facet normal 0 0 -1
      outer loop
         vertex 0.0134078 0.008125 0.003
         vertex 0.0137415 0.008125 0.003
         vertex 0.0140158 0.00765 0.003
      endloop
   endfacet
   facet normal 0 0 -1
      outer loop
         vertex 0.0140158 0.00765 0.003
         vertex 0.0134078 0.006375 0.003
         vertex 0.0134078 0.008125 0.003
      endloop
   endfacet
   facet normal 0 0 -1
      outer loop
         vertex 0.0134078 0.006375 0.003
         vertex 0.0139913 0.006375 0.003
         vertex 0.0139344 0.00614932 0.003
      endloop
   endfacet
   facet normal 0 0 -1
      outer loop
         vertex 0.0139344 0.00614932 0.003
         vertex 0.0134822 0.00553156 0.003
         vertex 0.0134078 0.006375 0.003
      endloop
   endfacet
   facet normal 0 0 -1
      outer loop
         vertex 0.0103923 0.00525 0.003
         vertex 0.0131777 0.00525 0.003
         vertex 0.0112851 0.0035 0.003
      endloop
   endfacet
   facet normal 0 0 -1
      outer loop
         vertex 0.00779423 0.0035 0.003
         vertex 0.0103923 0.0035 0.003
         vertex 0.0103923 0.00267444 0.003
      endloop
   endfacet
   facet normal 0 0 -1
      outer loop
         vertex 0.0134078 -0.006375 0.003
         vertex 0.0134822 -0.00553156 0.003
         vertex 0.0139344 -0.00614932 0.003
      endloop
   endfacet
   facet normal 0 0 -1
      outer loop
         vertex 0.0134078 -0.006375 0.003
         vertex 0.0134078 -0.00546283 0.003
         vertex 0.0134822 -0.00553156 0.003
      endloop
   endfacet
   facet normal 0 0 -1
      outer loop
         vertex 0.0134078 -0.006375 0.003
         vertex 0.0139913 -0.006375 0.003
         vertex 0.0141214 -0.00689172 0.003
      endloop
   endfacet
   facet normal 0 0 -1
      outer loop
         vertex 0.0141214 -0.00689172 0.003
         vertex 0.0140158 -0.00765 0.003
         vertex 0.0134078 -0.006375 0.003
      endloop
   endfacet
   facet normal 0 0 -1
      outer loop
         vertex 0.0140158 -0.00765 0.003
         vertex 0.013633 -0.00831303 0.003
         vertex 0.0134078 -0.006375 0.003
      endloop
   endfacet
   facet normal 0 0 -1
      outer loop
         vertex 0.0103923 -0.006375 0.003
         vertex 0.0103923 -0.00855657 0.003
         vertex 0.00779423 -0.00775028 0.003
      endloop
   endfacet
   facet normal 0 0 -1
      outer loop
         vertex 0.002625 -0.006375 0.003
         vertex 0.00375 -0.00649519 0.003
         vertex 0.00318282 -0.009 0.003
      endloop
   endfacet
   facet normal 0 0 -1
      outer loop
         vertex 0.00779423 -0.006375 0.003
         vertex 0.00779423 -0.00775028 0.003
         vertex 0.00375 -0.00649519 0.003
      endloop
   endfacet
   facet normal 0 0 -1
      outer loop
         vertex 0.00375 -0.00649519 0.003
         vertex 0.002625 -0.006375 0.003
         vertex 0.00779423 -0.006375 0.003
      endloop
   endfacet
   facet normal 0 0 -1
      outer loop
         vertex -0.00250351 -0.012 0.003
         vertex -0.00092388 -0.0131173 0.003
         vertex -0.001 -0.0135 0.003
      endloop
   endfacet
   facet normal 0 0 -1
      outer loop
         vertex 0.00250351 -0.012 0.003
         vertex 0.00195062 -0.0144417 0.003
         vertex 0.001 -0.0135 0.003
      endloop
   endfacet
   facet normal 0 0 -1
      outer loop
         vertex 0.00195062 -0.0144417 0.003
         vertex 0.00164175 -0.0151422 0.003
         vertex 0.000707107 -0.0142071 0.003
      endloop
   endfacet
   facet normal 0 0 -1
      outer loop
         vertex -0.00250351 -0.012 0.003
         vertex -0.000707107 -0.0127929 0.003
         vertex -0.00092388 -0.0131173 0.003
      endloop
   endfacet
   facet normal 0 0 -1
      outer loop
         vertex 0.00250351 -0.012 0.003
         vertex 0.000382683 -0.0125761 0.003
         vertex -1.60812e-19 -0.0125 0.003
      endloop
   endfacet
   facet normal 0 0 -1
      outer loop
         vertex 0.001 -0.0135 0.003
         vertex 0.00092388 -0.0131173 0.003
         vertex 0.00250351 -0.012 0.003
      endloop
   endfacet
   facet normal 0 0 -1
      outer loop
         vertex 0.000707107 -0.0142071 0.003
         vertex 0.00092388 -0.0138827 0.003
         vertex 0.00195062 -0.0144417 0.003
      endloop
   endfacet
   facet normal 0 0 -1
      outer loop
         vertex 0.0010923 -0.0156754 0.003
         vertex 0.000382683 -0.0144239 0.003
         vertex 0.000707107 -0.0142071 0.003
      endloop
   endfacet
   facet normal 0 0 -1
      outer loop
         vertex 0.000382799 -0.015963 0.003
         vertex -1.83697e-19 -0.0145 0.003
         vertex 0.000382683 -0.0144239 0.003
      endloop
   endfacet
   facet normal 0 0 -1
      outer loop
         vertex -0.000382799 -0.015963 0.003
         vertex -0.0010923 -0.0156754 0.003
         vertex -0.000382683 -0.0144239 0.003
      endloop
   endfacet
   facet normal 0 0 -1
      outer loop
         vertex -0.0010923 -0.0156754 0.003
         vertex -0.00164175 -0.0151422 0.003
         vertex -0.000707107 -0.0142071 0.003
      endloop
   endfacet
   facet normal 0 0 -1
      outer loop
         vertex -0.00195062 -0.0144417 0.003
         vertex -0.00092388 -0.0138827 0.003
         vertex -0.000707107 -0.0142071 0.003
      endloop
   endfacet
   facet normal 0 0 -1
      outer loop
         vertex -0.00250351 -0.012 0.003
         vertex -0.000382683 -0.0125761 0.003
         vertex -0.000707107 -0.0127929 0.003
      endloop
   endfacet
   facet normal 0 0 -1
      outer loop
         vertex -1.60812e-19 -0.0125 0.003
         vertex -0.00250351 -0.012 0.003
         vertex 0.00250351 -0.012 0.003
      endloop
   endfacet
   facet normal 0 0 -1
      outer loop
         vertex 0.00092388 -0.0138827 0.003
         vertex 0.001 -0.0135 0.003
         vertex 0.00195062 -0.0144417 0.003
      endloop
   endfacet
   facet normal 0 0 -1
      outer loop
         vertex 0.000382683 -0.0144239 0.003
         vertex 0.0010923 -0.0156754 0.003
         vertex 0.000382799 -0.015963 0.003
      endloop
   endfacet
   facet normal 0 0 -1
      outer loop
         vertex -1.83697e-19 -0.0145 0.003
         vertex 0.000382799 -0.015963 0.003
         vertex -0.000382799 -0.015963 0.003
      endloop
   endfacet
   facet normal 0 0 -1
      outer loop
         vertex -0.000707107 -0.0142071 0.003
         vertex -0.00164175 -0.0151422 0.003
         vertex -0.00195062 -0.0144417 0.003
      endloop
   endfacet
   facet normal 0 0 -1
      outer loop
         vertex -1.60812e-19 -0.0125 0.003
         vertex -0.000382683 -0.0125761 0.003
         vertex -0.00250351 -0.012 0.003
      endloop
   endfacet
   facet normal 0 0 -1
      outer loop
         vertex 0.00092388 -0.0131173 0.003
         vertex 0.000707107 -0.0127929 0.003
         vertex 0.00250351 -0.012 0.003
      endloop
   endfacet
   facet normal 0 0 -1
      outer loop
         vertex -0.000382683 -0.0144239 0.003
         vertex -1.83697e-19 -0.0145 0.003
         vertex -0.000382799 -0.015963 0.003
      endloop
   endfacet
   facet normal 0 0 -1
      outer loop
         vertex -0.00195062 -0.0144417 0.003
         vertex -0.001 -0.0135 0.003
         vertex -0.00092388 -0.0138827 0.003
      endloop
   endfacet
   facet normal 0 0 -1
      outer loop
         vertex 0.000707107 -0.0127929 0.003
         vertex 0.000382683 -0.0125761 0.003
         vertex 0.00250351 -0.012 0.003
      endloop
   endfacet
   facet normal 0 0 -1
      outer loop
         vertex -0.000707107 -0.0142071 0.003
         vertex -0.000382683 -0.0144239 0.003
         vertex -0.0010923 -0.0156754 0.003
      endloop
   endfacet
   facet normal 0 0 -1
      outer loop
         vertex 0.000707107 -0.0142071 0.003
         vertex 0.00164175 -0.0151422 0.003
         vertex 0.0010923 -0.0156754 0.003
      endloop
   endfacet
   facet normal 0 0 -1
      outer loop
         vertex 0.002625 -0.009 0.003
         vertex 0.002625 -0.0114635 0.003
         vertex 0.001 -0.0105 0.003
      endloop
   endfacet
   facet normal 0 0 -1
      outer loop
         vertex 0.00250351 -0.012 0.003
         vertex 0.000707107 -0.0112071 0.003
         vertex 0.00092388 -0.0108827 0.003
      endloop
   endfacet
   facet normal 0 0 -1
      outer loop
         vertex -0.00318282 -0.009 0.003
         vertex -0.000382683 -0.00957612 0.003
         vertex -0.000707107 -0.00979289 0.003
      endloop
   endfacet
   facet normal 0 0 -1
      outer loop
         vertex -0.00318282 -0.009 0.003
         vertex 0.002625 -0.009 0.003
         vertex -1.60812e-19 -0.0095 0.003
      endloop
   endfacet
   facet normal 0 0 -1
      outer loop
         vertex 0.002625 -0.0114635 0.003
         vertex 0.00092388 -0.0108827 0.003
         vertex 0.001 -0.0105 0.003
      endloop
   endfacet
   facet normal 0 0 -1
      outer loop
         vertex 0.00250351 -0.012 0.003
         vertex 0.000382683 -0.0114239 0.003
         vertex 0.000707107 -0.0112071 0.003
      endloop
   endfacet
   facet normal 0 0 -1
      outer loop
         vertex -0.00250351 -0.012 0.003
         vertex -0.000707107 -0.0112071 0.003
         vertex -0.000382683 -0.0114239 0.003
      endloop
   endfacet
   facet normal 0 0 -1
      outer loop
         vertex -0.000707107 -0.00979289 0.003
         vertex -0.00092388 -0.0101173 0.003
         vertex -0.00318282 -0.009 0.003
      endloop
   endfacet
   facet normal 0 0 -1
      outer loop
         vertex 0.002625 -0.009 0.003
         vertex 0.000382683 -0.00957612 0.003
         vertex -1.60812e-19 -0.0095 0.003
      endloop
   endfacet
   facet normal 0 0 -1
      outer loop
         vertex 0.002625 -0.009 0.003
         vertex 0.00092388 -0.0101173 0.003
         vertex 0.000707107 -0.00979289 0.003
      endloop
   endfacet
   facet normal 0 0 -1
      outer loop
         vertex 0.00092388 -0.0108827 0.003
         vertex 0.002625 -0.0114635 0.003
         vertex 0.00250351 -0.012 0.003
      endloop
   endfacet
   facet normal 0 0 -1
      outer loop
         vertex -0.00250351 -0.012 0.003
         vertex -0.00092388 -0.0108827 0.003
         vertex -0.000707107 -0.0112071 0.003
      endloop
   endfacet
   facet normal 0 0 -1
      outer loop
         vertex -0.00250351 -0.012 0.003
         vertex -0.00318282 -0.009 0.003
         vertex -0.001 -0.0105 0.003
      endloop
   endfacet
   facet normal 0 0 -1
      outer loop
         vertex -1.60812e-19 -0.0095 0.003
         vertex -0.000382683 -0.00957612 0.003
         vertex -0.00318282 -0.009 0.003
      endloop
   endfacet
   facet normal 0 0 -1
      outer loop
         vertex 0.001 -0.0105 0.003
         vertex 0.00092388 -0.0101173 0.003
         vertex 0.002625 -0.009 0.003
      endloop
   endfacet
   facet normal 0 0 -1
      outer loop
         vertex 0.00250351 -0.012 0.003
         vertex -0.00250351 -0.012 0.003
         vertex -1.83697e-19 -0.0115 0.003
      endloop
   endfacet
   facet normal 0 0 -1
      outer loop
         vertex -0.001 -0.0105 0.003
         vertex -0.00092388 -0.0108827 0.003
         vertex -0.00250351 -0.012 0.003
      endloop
   endfacet
   facet normal 0 0 -1
      outer loop
         vertex 0.000707107 -0.00979289 0.003
         vertex 0.000382683 -0.00957612 0.003
         vertex 0.002625 -0.009 0.003
      endloop
   endfacet
   facet normal 0 0 -1
      outer loop
         vertex -0.000382683 -0.0114239 0.003
         vertex -1.83697e-19 -0.0115 0.003
         vertex -0.00250351 -0.012 0.003
      endloop
   endfacet
   facet normal 0 0 -1
      outer loop
         vertex -1.83697e-19 -0.0115 0.003
         vertex 0.000382683 -0.0114239 0.003
         vertex 0.00250351 -0.012 0.003
      endloop
   endfacet
   facet normal 0 0 -1
      outer loop
         vertex -0.00375 -0.00649519 0.003
         vertex -0.000382683 -0.00657612 0.003
         vertex -0.000707107 -0.00679289 0.003
      endloop
   endfacet
   facet normal 0 0 -1
      outer loop
         vertex -0.00375 -0.00649519 0.003
         vertex 0.002625 -0.006375 0.003
         vertex -1.60812e-19 -0.0065 0.003
      endloop
   endfacet
   facet normal 0 0 -1
      outer loop
         vertex 0.002625 -0.006375 0.003
         vertex 0.00092388 -0.00711732 0.003
         vertex 0.000707107 -0.00679289 0.003
      endloop
   endfacet
   facet normal 0 0 -1
      outer loop
         vertex 0.002625 -0.009 0.003
         vertex 0.00092388 -0.00788268 0.003
         vertex 0.001 -0.0075 0.003
      endloop
   endfacet
   facet normal 0 0 -1
      outer loop
         vertex -1.60812e-19 -0.0065 0.003
         vertex -0.000382683 -0.00657612 0.003
         vertex -0.00375 -0.00649519 0.003
      endloop
   endfacet
   facet normal 0 0 -1
      outer loop
         vertex 0.000707107 -0.00679289 0.003
         vertex 0.000382683 -0.00657612 0.003
         vertex 0.002625 -0.006375 0.003
      endloop
   endfacet
   facet normal 0 0 -1
      outer loop
         vertex 0.002625 -0.009 0.003
         vertex 0.000707107 -0.00820711 0.003
         vertex 0.00092388 -0.00788268 0.003
      endloop
   endfacet
   facet normal 0 0 -1
      outer loop
         vertex -0.00318282 -0.009 0.003
         vertex -0.000382683 -0.00842388 0.003
         vertex -1.83697e-19 -0.0085 0.003
      endloop
   endfacet
   facet normal 0 0 -1
      outer loop
         vertex 0.000382683 -0.00657612 0.003
         vertex -1.60812e-19 -0.0065 0.003
         vertex 0.002625 -0.006375 0.003
      endloop
   endfacet
   facet normal 0 0 -1
      outer loop
         vertex 0.001 -0.0075 0.003
         vertex 0.002625 -0.006375 0.003
         vertex 0.002625 -0.009 0.003
      endloop
   endfacet
   facet normal 0 0 -1
      outer loop
         vertex 0.002625 -0.009 0.003
         vertex -1.83697e-19 -0.0085 0.003
         vertex 0.000382683 -0.00842388 0.003
      endloop
   endfacet
   facet normal 0 0 -1
      outer loop
         vertex -0.00318282 -0.009 0.003
         vertex -0.000707107 -0.00820711 0.003
         vertex -0.000382683 -0.00842388 0.003
      endloop
   endfacet
   facet normal 0 0 -1
      outer loop
         vertex 0.001 -0.0075 0.003
         vertex 0.00092388 -0.00711732 0.003
         vertex 0.002625 -0.006375 0.003
      endloop
   endfacet
   facet normal 0 0 -1
      outer loop
         vertex -1.83697e-19 -0.0085 0.003
         vertex 0.002625 -0.009 0.003
         vertex -0.00318282 -0.009 0.003
      endloop
   endfacet
   facet normal 0 0 -1
      outer loop
         vertex -0.00375 -0.00649519 0.003
         vertex -0.00092388 -0.00711732 0.003
         vertex -0.001 -0.0075 0.003
      endloop
   endfacet
   facet normal 0 0 -1
      outer loop
         vertex 0.000382683 -0.00842388 0.003
         vertex 0.000707107 -0.00820711 0.003
         vertex 0.002625 -0.009 0.003
      endloop
   endfacet
   facet normal 0 0 -1
      outer loop
         vertex -0.000707107 -0.00679289 0.003
         vertex -0.00092388 -0.00711732 0.003
         vertex -0.00375 -0.00649519 0.003
      endloop
   endfacet
   facet normal 0 0 -1
      outer loop
         vertex -0.00318282 -0.009 0.003
         vertex -0.001 -0.0075 0.003
         vertex -0.00092388 -0.00788268 0.003
      endloop
   endfacet
   facet normal 0 0 -1
      outer loop
         vertex -0.0048726 -0.006375 0.003
         vertex 0.002625 -0.006375 0.003
         vertex -0.00375 -0.00649519 0.003
      endloop
   endfacet
   facet normal 0 0 -1
      outer loop
         vertex -0.00092388 -0.00788268 0.003
         vertex -0.000707107 -0.00820711 0.003
         vertex -0.00318282 -0.009 0.003
      endloop
   endfacet
   facet normal 0 0 -1
      outer loop
         vertex -0.001 -0.0075 0.003
         vertex -0.00318282 -0.009 0.003
         vertex -0.00375 -0.00649519 0.003
      endloop
   endfacet
   facet normal 0 0 -1
      outer loop
         vertex -0.00779423 -0.006375 0.003
         vertex -0.0048726 -0.006375 0.003
         vertex -0.0048726 -0.00684358 0.003
      endloop
   endfacet
   facet normal 0 0 -1
      outer loop
         vertex -0.0103923 -0.006375 0.003
         vertex -0.00779423 -0.006375 0.003
         vertex -0.00779423 -0.00775028 0.003
      endloop
   endfacet
   facet normal 0 0 -1
      outer loop
         vertex -0.00779423 -0.000272065 0.003
         vertex -0.00687787 -0.00282612 0.003
         vertex -0.00699519 -0.00288397 0.003
      endloop
   endfacet
   facet normal 0 0 -1
      outer loop
         vertex -0.00649519 -0.00275 0.003
         vertex -0.00687787 -0.00282612 0.003
         vertex -0.00779423 -0.000272065 0.003
      endloop
   endfacet
   facet normal 0 0 -1
      outer loop
         vertex -0.00779423 -0.000272065 0.003
         vertex -0.0075 -2.55872e-17 0.003
         vertex -0.00649519 -0.00275 0.003
      endloop
   endfacet
   facet normal 0 0 -1
      outer loop
         vertex -0.00779423 -0.000272065 0.003
         vertex -0.00741907 -0.00336732 0.003
         vertex -0.00749519 -0.00375 0.003
      endloop
   endfacet
   facet normal 0 0 -1
      outer loop
         vertex -0.00699519 -0.00288397 0.003
         vertex -0.0072023 -0.00304289 0.003
         vertex -0.00779423 -0.000272065 0.003
      endloop
   endfacet
   facet normal 0 0 -1
      outer loop
         vertex -0.0048726 6.59195e-17 0.003
         vertex -0.00611251 -0.00282612 0.003
         vertex -0.00649519 -0.00275 0.003
      endloop
   endfacet
   facet normal 0 0 -1
      outer loop
         vertex -0.0048726 6.59195e-17 0.003
         vertex -0.0048726 -0.00525 0.003
         vertex -0.00549519 -0.00375 0.003
      endloop
   endfacet
   facet normal 0 0 -1
      outer loop
         vertex -0.0048726 -0.00525 0.003
         vertex -0.00611251 -0.00467388 0.003
         vertex -0.00578808 -0.00445711 0.003
      endloop
   endfacet
   facet normal 0 0 -1
      outer loop
         vertex -0.0048726 -0.00525 0.003
         vertex -0.00779423 -0.00525 0.003
         vertex -0.00649519 -0.00475 0.003
      endloop
   endfacet
   facet normal 0 0 -1
      outer loop
         vertex -0.0072023 -0.00304289 0.003
         vertex -0.00741907 -0.00336732 0.003
         vertex -0.00779423 -0.000272065 0.003
      endloop
   endfacet
   facet normal 0 0 -1
      outer loop
         vertex -0.0048726 6.59195e-17 0.003
         vertex -0.00578808 -0.00304289 0.003
         vertex -0.00611251 -0.00282612 0.003
      endloop
   endfacet
   facet normal 0 0 -1
      outer loop
         vertex -0.00549519 -0.00375 0.003
         vertex -0.00557131 -0.00336732 0.003
         vertex -0.0048726 6.59195e-17 0.003
      endloop
   endfacet
   facet normal 0 0 -1
      outer loop
         vertex -0.00649519 -0.00475 0.003
         vertex -0.00611251 -0.00467388 0.003
         vertex -0.0048726 -0.00525 0.003
      endloop
   endfacet
   facet normal 0 0 -1
      outer loop
         vertex -0.00649519 -0.00275 0.003
         vertex -0.0075 -2.55872e-17 0.003
         vertex -0.0048726 6.59195e-17 0.003
      endloop
   endfacet
   facet normal 0 0 -1
      outer loop
         vertex -0.0048726 -0.00525 0.003
         vertex -0.00557131 -0.00413268 0.003
         vertex -0.00549519 -0.00375 0.003
      endloop
   endfacet
   facet normal 0 0 -1
      outer loop
         vertex -0.00779423 -0.00525 0.003
         vertex -0.00687787 -0.00467388 0.003
         vertex -0.00649519 -0.00475 0.003
      endloop
   endfacet
   facet normal 0 0 -1
      outer loop
         vertex -0.00779423 -0.00525 0.003
         vertex -0.00741907 -0.00413268 0.003
         vertex -0.0072023 -0.00445711 0.003
      endloop
   endfacet
   facet normal 0 0 -1
      outer loop
         vertex -0.00557131 -0.00336732 0.003
         vertex -0.00578808 -0.00304289 0.003
         vertex -0.0048726 6.59195e-17 0.003
      endloop
   endfacet
   facet normal 0 0 -1
      outer loop
         vertex -0.0072023 -0.00445711 0.003
         vertex -0.00687787 -0.00467388 0.003
         vertex -0.00779423 -0.00525 0.003
      endloop
   endfacet
   facet normal 0 0 -1
      outer loop
         vertex -0.00578808 -0.00445711 0.003
         vertex -0.00557131 -0.00413268 0.003
         vertex -0.0048726 -0.00525 0.003
      endloop
   endfacet
   facet normal 0 0 -1
      outer loop
         vertex -0.00779423 -0.00525 0.003
         vertex -0.00749519 -0.00375 0.003
         vertex -0.00741907 -0.00413268 0.003
      endloop
   endfacet
   facet normal 0 0 -1
      outer loop
         vertex -0.00779423 0.0035 0.003
         vertex -0.00779423 0.000272065 0.003
         vertex -0.0103923 0.00267444 0.003
      endloop
   endfacet
   facet normal 0 0 -1
      outer loop
         vertex -0.0103923 0.00525 0.003
         vertex -0.0103923 0.0035 0.003
         vertex -0.0112851 0.0035 0.003
      endloop
   endfacet
   facet normal 0 0 -1
      outer loop
         vertex -0.0115316 0.00891013 0.003
         vertex -0.0137415 0.008125 0.003
         vertex -0.013633 0.00831303 0.003
      endloop
   endfacet
   facet normal 0 0 -1
      outer loop
         vertex -0.0103923 0.008125 0.003
         vertex -0.0137415 0.008125 0.003
         vertex -0.0115316 0.00891013 0.003
      endloop
   endfacet
   facet normal 0 0 -1
      outer loop
         vertex -0.013633 0.00831303 0.003
         vertex -0.0130291 0.00878365 0.003
         vertex -0.0115316 0.00891013 0.003
      endloop
   endfacet
   facet normal 0 0 -1
      outer loop
         vertex -0.0130291 0.00878365 0.003
         vertex -0.0122927 0.0089929 0.003
         vertex -0.0115316 0.00891013 0.003
      endloop
   endfacet
   facet normal 0 0 -1
      outer loop
         vertex -0.00779423 0.006375 0.003
         vertex -0.0103923 0.006375 0.003
         vertex -0.00900167 0.008125 0.003
      endloop
   endfacet
   facet normal 0 0 -1
      outer loop
         vertex -0.0103923 0.006375 0.003
         vertex -0.0103923 0.008125 0.003
         vertex -0.00900167 0.008125 0.003
      endloop
   endfacet
   facet normal 0 0 -1
      outer loop
         vertex -0.00779423 0.006375 0.003
         vertex -0.00779423 0.00775028 0.003
         vertex -0.0048726 0.00684358 0.003
      endloop
   endfacet
   facet normal 0 0 -1
      outer loop
         vertex 0.0010923 0.0156754 0.003
         vertex 0.00164175 0.0151422 0.003
         vertex 0.000707107 0.0142071 0.003
      endloop
   endfacet
   facet normal 0 0 -1
      outer loop
         vertex 0.00195062 0.0144417 0.003
         vertex 0.00092388 0.0138827 0.003
         vertex 0.000707107 0.0142071 0.003
      endloop
   endfacet
   facet normal 0 0 -1
      outer loop
         vertex 0.000707107 0.0142071 0.003
         vertex 0.00164175 0.0151422 0.003
         vertex 0.00195062 0.0144417 0.003
      endloop
   endfacet
   facet normal 0 0 -1
      outer loop
         vertex 0.00250351 0.012 0.003
         vertex 0.00092388 0.0131173 0.003
         vertex 0.001 0.0135 0.003
      endloop
   endfacet
   facet normal 0 0 -1
      outer loop
         vertex -0.00250351 0.012 0.003
         vertex -0.000382683 0.0125761 0.003
         vertex -1.83697e-19 0.0125 0.003
      endloop
   endfacet
   facet normal 0 0 -1
      outer loop
         vertex -0.00195062 0.0144417 0.003
         vertex -0.00164175 0.0151422 0.003
         vertex -0.000707107 0.0142071 0.003
      endloop
   endfacet
   facet normal 0 0 -1
      outer loop
         vertex -0.0010923 0.0156754 0.003
         vertex -0.000382683 0.0144239 0.003
         vertex -0.000707107 0.0142071 0.003
      endloop
   endfacet
   facet normal 0 0 -1
      outer loop
         vertex 0.000382799 0.015963 0.003
         vertex 0.0010923 0.0156754 0.003
         vertex 0.000382683 0.0144239 0.003
      endloop
   endfacet
   facet normal 0 0 -1
      outer loop
         vertex 0.00195062 0.0144417 0.003
         vertex 0.001 0.0135 0.003
         vertex 0.00092388 0.0138827 0.003
      endloop
   endfacet
   facet normal 0 0 -1
      outer loop
         vertex 0.00250351 0.012 0.003
         vertex 0.000707107 0.0127929 0.003
         vertex 0.00092388 0.0131173 0.003
      endloop
   endfacet
   facet normal 0 0 -1
      outer loop
         vertex -1.83697e-19 0.0125 0.003
         vertex 0.00250351 0.012 0.003
         vertex -0.00250351 0.012 0.003
      endloop
   endfacet
   facet normal 0 0 -1
      outer loop
         vertex -0.000707107 0.0142071 0.003
         vertex -0.00164175 0.0151422 0.003
         vertex -0.0010923 0.0156754 0.003
      endloop
   endfacet
   facet normal 0 0 -1
      outer loop
         vertex -0.000382799 0.015963 0.003
         vertex -1.60812e-19 0.0145 0.003
         vertex -0.000382683 0.0144239 0.003
      endloop
   endfacet
   facet normal 0 0 -1
      outer loop
         vertex -1.60812e-19 0.0145 0.003
         vertex -0.000382799 0.015963 0.003
         vertex 0.000382799 0.015963 0.003
      endloop
   endfacet
   facet normal 0 0 -1
      outer loop
         vertex 0.001 0.0135 0.003
         vertex 0.00195062 0.0144417 0.003
         vertex 0.00250351 0.012 0.003
      endloop
   endfacet
   facet normal 0 0 -1
      outer loop
         vertex -1.83697e-19 0.0125 0.003
         vertex 0.000382683 0.0125761 0.003
         vertex 0.00250351 0.012 0.003
      endloop
   endfacet
   facet normal 0 0 -1
      outer loop
         vertex -0.00250351 0.012 0.003
         vertex -0.00092388 0.0131173 0.003
         vertex -0.000707107 0.0127929 0.003
      endloop
   endfacet
   facet normal 0 0 -1
      outer loop
         vertex -0.00250351 0.012 0.003
         vertex -0.00195062 0.0144417 0.003
         vertex -0.001 0.0135 0.003
      endloop
   endfacet
   facet normal 0 0 -1
      outer loop
         vertex -0.000707107 0.0142071 0.003
         vertex -0.00092388 0.0138827 0.003
         vertex -0.00195062 0.0144417 0.003
      endloop
   endfacet
   facet normal 0 0 -1
      outer loop
         vertex 0.000382683 0.0144239 0.003
         vertex -1.60812e-19 0.0145 0.003
         vertex 0.000382799 0.015963 0.003
      endloop
   endfacet
   facet normal 0 0 -1
      outer loop
         vertex 0.000382683 0.0125761 0.003
         vertex 0.000707107 0.0127929 0.003
         vertex 0.00250351 0.012 0.003
      endloop
   endfacet
   facet normal 0 0 -1
      outer loop
         vertex -0.001 0.0135 0.003
         vertex -0.00092388 0.0131173 0.003
         vertex -0.00250351 0.012 0.003
      endloop
   endfacet
   facet normal 0 0 -1
      outer loop
         vertex -0.000382683 0.0144239 0.003
         vertex -0.0010923 0.0156754 0.003
         vertex -0.000382799 0.015963 0.003
      endloop
   endfacet
   facet normal 0 0 -1
      outer loop
         vertex -0.000707107 0.0127929 0.003
         vertex -0.000382683 0.0125761 0.003
         vertex -0.00250351 0.012 0.003
      endloop
   endfacet
   facet normal 0 0 -1
      outer loop
         vertex 0.000707107 0.0142071 0.003
         vertex 0.000382683 0.0144239 0.003
         vertex 0.0010923 0.0156754 0.003
      endloop
   endfacet
   facet normal 0 0 -1
      outer loop
         vertex -0.0048726 -0.00525 0.003
         vertex -0.0016264 -0.00392649 0.003
         vertex 7.80712e-19 -0.00425 0.003
      endloop
   endfacet
   facet normal 0 0 -1
      outer loop
         vertex -0.0048726 6.59195e-17 0.003
         vertex -0.00425 -1.04095e-18 0.003
         vertex -0.00392649 -0.0016264 0.003
      endloop
   endfacet
   facet normal 0 0 -1
      outer loop
         vertex -0.0048726 -0.00525 0.003
         vertex -0.0030052 -0.0030052 0.003
         vertex -0.0016264 -0.00392649 0.003
      endloop
   endfacet
   facet normal 0 0 -1
      outer loop
         vertex -0.00392649 -0.0016264 0.003
         vertex -0.0048726 -0.00525 0.003
         vertex -0.0048726 6.59195e-17 0.003
      endloop
   endfacet
   facet normal 0 0 -1
      outer loop
         vertex 0.002625 -0.00525 0.003
         vertex 7.80712e-19 -0.00425 0.003
         vertex 0.0016264 -0.00392649 0.003
      endloop
   endfacet
   facet normal 0 0 -1
      outer loop
         vertex -0.00392649 -0.0016264 0.003
         vertex -0.0030052 -0.0030052 0.003
         vertex -0.0048726 -0.00525 0.003
      endloop
   endfacet
   facet normal 0 0 -1
      outer loop
         vertex 7.80712e-19 -0.00425 0.003
         vertex 0.002625 -0.00525 0.003
         vertex -0.0048726 -0.00525 0.003
      endloop
   endfacet
   facet normal 0 0 -1
      outer loop
         vertex 0.002625 -0.00525 0.003
         vertex 0.00611251 -0.00467388 0.003
         vertex 0.00649519 -0.00475 0.003
      endloop
   endfacet
   facet normal 0 0 -1
      outer loop
         vertex 0.002625 -0.00525 0.003
         vertex 0.00578808 -0.00445711 0.003
         vertex 0.00599519 -0.00461603 0.003
      endloop
   endfacet
   facet normal 0 0 -1
      outer loop
         vertex 0.00599519 -0.00461603 0.003
         vertex 0.00611251 -0.00467388 0.003
         vertex 0.002625 -0.00525 0.003
      endloop
   endfacet
   facet normal 0 0 -1
      outer loop
         vertex 0.00392649 -0.0016264 0.003
         vertex 0.00578808 -0.00304289 0.003
         vertex 0.00557131 -0.00336732 0.003
      endloop
   endfacet
   facet normal 0 0 -1
      outer loop
         vertex 0.002625 -0.00525 0.003
         vertex 0.00557131 -0.00413268 0.003
         vertex 0.00578808 -0.00445711 0.003
      endloop
   endfacet
   facet normal 0 0 -1
      outer loop
         vertex 0.002625 -0.00525 0.003
         vertex 0.002625 -0.00325925 0.003
         vertex 0.00549519 -0.00375 0.003
      endloop
   endfacet
   facet normal 0 0 -1
      outer loop
         vertex 0.00392649 -0.0016264 0.003
         vertex 0.00611251 -0.00282612 0.003
         vertex 0.00578808 -0.00304289 0.003
      endloop
   endfacet
   facet normal 0 0 -1
      outer loop
         vertex 0.00779423 -0.000272065 0.003
         vertex 0.00779423 -0.00525 0.003
         vertex 0.00749519 -0.00375 0.003
      endloop
   endfacet
   facet normal 0 0 -1
      outer loop
         vertex 0.00779423 -0.00525 0.003
         vertex 0.0072023 -0.00445711 0.003
         vertex 0.00741907 -0.00413268 0.003
      endloop
   endfacet
   facet normal 0 0 -1
      outer loop
         vertex 0.00779423 -0.00525 0.003
         vertex 0.00649519 -0.00475 0.003
         vertex 0.00687787 -0.00467388 0.003
      endloop
   endfacet
   facet normal 0 0 -1
      outer loop
         vertex 0.00549519 -0.00375 0.003
         vertex 0.00557131 -0.00413268 0.003
         vertex 0.002625 -0.00525 0.003
      endloop
   endfacet
   facet normal 0 0 -1
      outer loop
         vertex 0.00549519 -0.00375 0.003
         vertex 0.002625 -0.00325925 0.003
         vertex 0.0030052 -0.0030052 0.003
      endloop
   endfacet
   facet normal 0 0 -1
      outer loop
         vertex 0.00557131 -0.00336732 0.003
         vertex 0.0030052 -0.0030052 0.003
         vertex 0.00392649 -0.0016264 0.003
      endloop
   endfacet
   facet normal 0 0 -1
      outer loop
         vertex 0.00425 5.20475e-19 0.003
         vertex 0.0075 7.80626e-17 0.003
         vertex 0.00649519 -0.00275 0.003
      endloop
   endfacet
   facet normal 0 0 -1
      outer loop
         vertex 0.00649519 -0.00275 0.003
         vertex 0.0075 7.80626e-17 0.003
         vertex 0.00779423 -0.000272065 0.003
      endloop
   endfacet
   facet normal 0 0 -1
      outer loop
         vertex 0.00741907 -0.00413268 0.003
         vertex 0.00749519 -0.00375 0.003
         vertex 0.00779423 -0.00525 0.003
      endloop
   endfacet
   facet normal 0 0 -1
      outer loop
         vertex 0.00649519 -0.00475 0.003
         vertex 0.00779423 -0.00525 0.003
         vertex 0.002625 -0.00525 0.003
      endloop
   endfacet
   facet normal 0 0 -1
      outer loop
         vertex 0.00392649 -0.0016264 0.003
         vertex 0.00425 5.20475e-19 0.003
         vertex 0.00611251 -0.00282612 0.003
      endloop
   endfacet
   facet normal 0 0 -1
      outer loop
         vertex 0.00779423 -0.000272065 0.003
         vertex 0.00687787 -0.00282612 0.003
         vertex 0.00649519 -0.00275 0.003
      endloop
   endfacet
   facet normal 0 0 -1
      outer loop
         vertex 0.00779423 -0.000272065 0.003
         vertex 0.00741907 -0.00336732 0.003
         vertex 0.0072023 -0.00304289 0.003
      endloop
   endfacet
   facet normal 0 0 -1
      outer loop
         vertex 0.00687787 -0.00467388 0.003
         vertex 0.0072023 -0.00445711 0.003
         vertex 0.00779423 -0.00525 0.003
      endloop
   endfacet
   facet normal 0 0 -1
      outer loop
         vertex 0.00649519 -0.00275 0.003
         vertex 0.00611251 -0.00282612 0.003
         vertex 0.00425 5.20475e-19 0.003
      endloop
   endfacet
   facet normal 0 0 -1
      outer loop
         vertex 0.00749519 -0.00375 0.003
         vertex 0.00741907 -0.00336732 0.003
         vertex 0.00779423 -0.000272065 0.003
      endloop
   endfacet
   facet normal 0 0 -1
      outer loop
         vertex 0.0072023 -0.00304289 0.003
         vertex 0.00687787 -0.00282612 0.003
         vertex 0.00779423 -0.000272065 0.003
      endloop
   endfacet
   facet normal 0 0 -1
      outer loop
         vertex -0.0048726 0.00525 0.003
         vertex 0.002625 0.00525 0.003
         vertex 6.83452e-19 0.00425 0.003
      endloop
   endfacet
   facet normal 0 0 -1
      outer loop
         vertex -0.0048726 0.00525 0.003
         vertex -0.0016264 0.00392649 0.003
         vertex -0.00226469 0.0035 0.003
      endloop
   endfacet
   facet normal 0 0 -1
      outer loop
         vertex 0.002625 0.00525 0.003
         vertex 0.0016264 0.00392649 0.003
         vertex 6.83452e-19 0.00425 0.003
      endloop
   endfacet
   facet normal 0 0 -1
      outer loop
         vertex 6.83452e-19 0.00425 0.003
         vertex -0.0016264 0.00392649 0.003
         vertex -0.0048726 0.00525 0.003
      endloop
   endfacet
   facet normal 0 0 -1
      outer loop
         vertex 0.002625 0.00525 0.003
         vertex 0.002625 0.0035 0.003
         vertex 0.00226469 0.0035 0.003
      endloop
   endfacet
   facet normal 0 0 -1
      outer loop
         vertex 0.00226469 0.0035 0.003
         vertex 0.0016264 0.00392649 0.003
         vertex 0.002625 0.00525 0.003
      endloop
   endfacet
   facet normal 0 0 -1
      outer loop
         vertex -0.0048726 6.59195e-17 0.003
         vertex -0.0048726 0.0035 0.003
         vertex -0.00392649 0.0016264 0.003
      endloop
   endfacet
   facet normal 0 0 -1
      outer loop
         vertex -0.0048726 0.0035 0.003
         vertex -0.00226469 0.0035 0.003
         vertex -0.0030052 0.0030052 0.003
      endloop
   endfacet
   facet normal 0 0 -1
      outer loop
         vertex -0.0030052 0.0030052 0.003
         vertex -0.00392649 0.0016264 0.003
         vertex -0.0048726 0.0035 0.003
      endloop
   endfacet
   facet normal 0 0 -1
      outer loop
         vertex 0.000382683 0.00957612 0.003
         vertex 0.000382683 0.00842388 0.003
         vertex -1.60812e-19 0.0085 0.003
      endloop
   endfacet
   facet normal 0 0 -1
      outer loop
         vertex 0.00250351 0.012 0.003
         vertex 0.002625 0.0114635 0.003
         vertex 0.00092388 0.0108827 0.003
      endloop
   endfacet
   facet normal 0 0 -1
      outer loop
         vertex 0.000382683 0.00957612 0.003
         vertex 0.000707107 0.00820711 0.003
         vertex 0.000382683 0.00842388 0.003
      endloop
   endfacet
   facet normal 0 0 -1
      outer loop
         vertex 0.00092388 0.0108827 0.003
         vertex 0.000707107 0.0112071 0.003
         vertex 0.00250351 0.012 0.003
      endloop
   endfacet
   facet normal 0 0 -1
      outer loop
         vertex 0.002625 0.008125 0.003
         vertex 0.00092388 0.0101173 0.003
         vertex 0.001 0.0105 0.003
      endloop
   endfacet
   facet normal 0 0 -1
      outer loop
         vertex -0.000382683 0.00957612 0.003
         vertex -1.83697e-19 0.0095 0.003
         vertex -1.60812e-19 0.0085 0.003
      endloop
   endfacet
   facet normal 0 0 -1
      outer loop
         vertex -1.60812e-19 0.0085 0.003
         vertex -1.83697e-19 0.0095 0.003
         vertex 0.000382683 0.00957612 0.003
      endloop
   endfacet
   facet normal 0 0 -1
      outer loop
         vertex 0.002625 0.0114635 0.003
         vertex 0.001 0.0105 0.003
         vertex 0.00092388 0.0108827 0.003
      endloop
   endfacet
   facet normal 0 0 -1
      outer loop
         vertex 0.002625 0.008125 0.003
         vertex 0.000707107 0.00979289 0.003
         vertex 0.00092388 0.0101173 0.003
      endloop
   endfacet
   facet normal 0 0 -1
      outer loop
         vertex 0.000382683 0.00957612 0.003
         vertex 0.000707107 0.00979289 0.003
         vertex 0.000707107 0.00820711 0.003
      endloop
   endfacet
   facet normal 0 0 -1
      outer loop
         vertex 0.002625 0.008125 0.003
         vertex 0.000761969 0.008125 0.003
         vertex 0.000707107 0.00820711 0.003
      endloop
   endfacet
   facet normal 0 0 -1
      outer loop
         vertex 0.001 0.0105 0.003
         vertex 0.002625 0.0114635 0.003
         vertex 0.002625 0.008125 0.003
      endloop
   endfacet
   facet normal 0 0 -1
      outer loop
         vertex 0.000707107 0.00820711 0.003
         vertex 0.000707107 0.00979289 0.003
         vertex 0.002625 0.008125 0.003
      endloop
   endfacet
   facet normal 0 0 -1
      outer loop
         vertex -0.000761969 0.008125 0.003
         vertex -0.00338095 0.008125 0.003
         vertex -0.000707107 0.00979289 0.003
      endloop
   endfacet
   facet normal 0 0 -1
      outer loop
         vertex -0.00250351 0.012 0.003
         vertex -0.00092388 0.0108827 0.003
         vertex -0.001 0.0105 0.003
      endloop
   endfacet
   facet normal 0 0 -1
      outer loop
         vertex -0.00250351 0.012 0.003
         vertex -0.000382683 0.0114239 0.003
         vertex -0.000707107 0.0112071 0.003
      endloop
   endfacet
   facet normal 0 0 -1
      outer loop
         vertex -0.00250351 0.012 0.003
         vertex 0.00250351 0.012 0.003
         vertex -1.60812e-19 0.0115 0.003
      endloop
   endfacet
   facet normal 0 0 -1
      outer loop
         vertex -0.000382683 0.00957612 0.003
         vertex -0.000382683 0.00842388 0.003
         vertex -0.000707107 0.00820711 0.003
      endloop
   endfacet
   facet normal 0 0 -1
      outer loop
         vertex -1.60812e-19 0.0085 0.003
         vertex -0.000382683 0.00842388 0.003
         vertex -0.000382683 0.00957612 0.003
      endloop
   endfacet
   facet normal 0 0 -1
      outer loop
         vertex -0.00338095 0.008125 0.003
         vertex -0.00092388 0.0101173 0.003
         vertex -0.000707107 0.00979289 0.003
      endloop
   endfacet
   facet normal 0 0 -1
      outer loop
         vertex -0.000707107 0.0112071 0.003
         vertex -0.00092388 0.0108827 0.003
         vertex -0.00250351 0.012 0.003
      endloop
   endfacet
   facet normal 0 0 -1
      outer loop
         vertex 0.00250351 0.012 0.003
         vertex 0.000382683 0.0114239 0.003
         vertex -1.60812e-19 0.0115 0.003
      endloop
   endfacet
   facet normal 0 0 -1
      outer loop
         vertex 0.000707107 0.0112071 0.003
         vertex 0.000382683 0.0114239 0.003
         vertex 0.00250351 0.012 0.003
      endloop
   endfacet
   facet normal 0 0 -1
      outer loop
         vertex -0.00338095 0.008125 0.003
         vertex -0.001 0.0105 0.003
         vertex -0.00092388 0.0101173 0.003
      endloop
   endfacet
   facet normal 0 0 -1
      outer loop
         vertex -1.60812e-19 0.0115 0.003
         vertex -0.000382683 0.0114239 0.003
         vertex -0.00250351 0.012 0.003
      endloop
   endfacet
   facet normal 0 0 -1
      outer loop
         vertex -0.000707107 0.00979289 0.003
         vertex -0.000382683 0.00957612 0.003
         vertex -0.000761969 0.008125 0.003
      endloop
   endfacet
   facet normal 0 0 -1
      outer loop
         vertex -0.000707107 0.00820711 0.003
         vertex -0.000761969 0.008125 0.003
         vertex -0.000382683 0.00957612 0.003
      endloop
   endfacet
   facet normal 0 0 -1
      outer loop
         vertex 0.002625 0.006375 0.003
         vertex 0.000382683 0.00657612 0.003
         vertex 0.000707107 0.00679289 0.003
      endloop
   endfacet
   facet normal 0 0 -1
      outer loop
         vertex -0.00375 0.00649519 0.003
         vertex -0.000382683 0.00657612 0.003
         vertex -1.83697e-19 0.0065 0.003
      endloop
   endfacet
   facet normal 0 0 -1
      outer loop
         vertex -0.00375 0.00649519 0.003
         vertex -0.00338095 0.008125 0.003
         vertex -0.001 0.0075 0.003
      endloop
   endfacet
   facet normal 0 0 -1
      outer loop
         vertex 0.002625 0.008125 0.003
         vertex 0.001 0.0075 0.003
         vertex 0.00092388 0.00788268 0.003
      endloop
   endfacet
   facet normal 0 0 -1
      outer loop
         vertex 0.002625 0.006375 0.003
         vertex 0.00092388 0.00711732 0.003
         vertex 0.001 0.0075 0.003
      endloop
   endfacet
   facet normal 0 0 -1
      outer loop
         vertex 0.002625 0.006375 0.003
         vertex -1.83697e-19 0.0065 0.003
         vertex 0.000382683 0.00657612 0.003
      endloop
   endfacet
   facet normal 0 0 -1
      outer loop
         vertex -0.00375 0.00649519 0.003
         vertex -0.000707107 0.00679289 0.003
         vertex -0.000382683 0.00657612 0.003
      endloop
   endfacet
   facet normal 0 0 -1
      outer loop
         vertex -0.00338095 0.008125 0.003
         vertex -0.00092388 0.00788268 0.003
         vertex -0.001 0.0075 0.003
      endloop
   endfacet
   facet normal 0 0 -1
      outer loop
         vertex 0.001 0.0075 0.003
         vertex 0.002625 0.008125 0.003
         vertex 0.002625 0.006375 0.003
      endloop
   endfacet
   facet normal 0 0 -1
      outer loop
         vertex -1.83697e-19 0.0065 0.003
         vertex 0.002625 0.006375 0.003
         vertex -0.00375 0.00649519 0.003
      endloop
   endfacet
   facet normal 0 0 -1
      outer loop
         vertex -0.00338095 0.008125 0.003
         vertex -0.000761969 0.008125 0.003
         vertex -0.00092388 0.00788268 0.003
      endloop
   endfacet
   facet normal 0 0 -1
      outer loop
         vertex 0.000707107 0.00679289 0.003
         vertex 0.00092388 0.00711732 0.003
         vertex 0.002625 0.006375 0.003
      endloop
   endfacet
   facet normal 0 0 -1
      outer loop
         vertex -0.001 0.0075 0.003
         vertex -0.00092388 0.00711732 0.003
         vertex -0.00375 0.00649519 0.003
      endloop
   endfacet
   facet normal 0 0 -1
      outer loop
         vertex -0.00092388 0.00711732 0.003
         vertex -0.000707107 0.00679289 0.003
         vertex -0.00375 0.00649519 0.003
      endloop
   endfacet
   facet normal 0 0 -1
      outer loop
         vertex -0.0048726 0.006375 0.003
         vertex -0.0048726 0.00684358 0.003
         vertex -0.00375 0.00649519 0.003
      endloop
   endfacet
   facet normal 0 0 -1
      outer loop
         vertex -0.00375 0.00649519 0.003
         vertex 0.002625 0.006375 0.003
         vertex -0.0048726 0.006375 0.003
      endloop
   endfacet
   facet normal 0 0 -1
      outer loop
         vertex 0.00779423 0.0035 0.003
         vertex 0.00749519 0.00375 0.003
         vertex 0.00741907 0.00413268 0.003
      endloop
   endfacet
   facet normal 0 0 -1
      outer loop
         vertex 0.002625 0.00525 0.003
         vertex 0.00557131 0.00413268 0.003
         vertex 0.00549519 0.00375 0.003
      endloop
   endfacet
   facet normal 0 0 -1
      outer loop
         vertex 0.002625 0.00525 0.003
         vertex 0.00779423 0.00525 0.003
         vertex 0.00649519 0.00475 0.003
      endloop
   endfacet
   facet normal 0 0 -1
      outer loop
         vertex 0.00779423 0.00525 0.003
         vertex 0.0072023 0.00445711 0.003
         vertex 0.00687787 0.00467388 0.003
      endloop
   endfacet
   facet normal 0 0 -1
      outer loop
         vertex 0.00741907 0.00413268 0.003
         vertex 0.00779423 0.00525 0.003
         vertex 0.00779423 0.0035 0.003
      endloop
   endfacet
   facet normal 0 0 -1
      outer loop
         vertex 0.00549519 0.00375 0.003
         vertex 0.002625 0.0035 0.003
         vertex 0.002625 0.00525 0.003
      endloop
   endfacet
   facet normal 0 0 -1
      outer loop
         vertex 0.002625 0.00525 0.003
         vertex 0.00611251 0.00467388 0.003
         vertex 0.00578808 0.00445711 0.003
      endloop
   endfacet
   facet normal 0 0 -1
      outer loop
         vertex 0.00687787 0.00467388 0.003
         vertex 0.00649519 0.00475 0.003
         vertex 0.00779423 0.00525 0.003
      endloop
   endfacet
   facet normal 0 0 -1
      outer loop
         vertex 0.00779423 0.0035 0.003
         vertex 0.00744546 0.0035 0.003
         vertex 0.00749519 0.00375 0.003
      endloop
   endfacet
   facet normal 0 0 -1
      outer loop
         vertex 0.00578808 0.00445711 0.003
         vertex 0.00557131 0.00413268 0.003
         vertex 0.002625 0.00525 0.003
      endloop
   endfacet
   facet normal 0 0 -1
      outer loop
         vertex 0.00741907 0.00413268 0.003
         vertex 0.0072023 0.00445711 0.003
         vertex 0.00779423 0.00525 0.003
      endloop
   endfacet
   facet normal 0 0 -1
      outer loop
         vertex 0.00649519 0.00475 0.003
         vertex 0.00611251 0.00467388 0.003
         vertex 0.002625 0.00525 0.003
      endloop
   endfacet
   facet normal 0 0 -1
      outer loop
         vertex 0.00779423 0.000272065 0.003
         vertex 0.00687787 0.00282612 0.003
         vertex 0.00699519 0.00288397 0.003
      endloop
   endfacet
   facet normal 0 0 -1
      outer loop
         vertex 0.00649519 0.00275 0.003
         vertex 0.00687787 0.00282612 0.003
         vertex 0.00779423 0.000272065 0.003
      endloop
   endfacet
   facet normal 0 0 -1
      outer loop
         vertex 0.00779423 0.000272065 0.003
         vertex 0.0072023 0.00304289 0.003
         vertex 0.00741907 0.00336732 0.003
      endloop
   endfacet
   facet normal 0 0 -1
      outer loop
         vertex 0.00779423 0.000272065 0.003
         vertex 0.0075 7.80626e-17 0.003
         vertex 0.00649519 0.00275 0.003
      endloop
   endfacet
   facet normal 0 0 -1
      outer loop
         vertex 0.00699519 0.00288397 0.003
         vertex 0.0072023 0.00304289 0.003
         vertex 0.00779423 0.000272065 0.003
      endloop
   endfacet
   facet normal 0 0 -1
      outer loop
         vertex 0.00425 5.20475e-19 0.003
         vertex 0.00611251 0.00282612 0.003
         vertex 0.00649519 0.00275 0.003
      endloop
   endfacet
   facet normal 0 0 -1
      outer loop
         vertex 0.00611251 0.00282612 0.003
         vertex 0.00425 5.20475e-19 0.003
         vertex 0.00392649 0.0016264 0.003
      endloop
   endfacet
   facet normal 0 0 -1
      outer loop
         vertex 0.00392649 0.0016264 0.003
         vertex 0.0030052 0.0030052 0.003
         vertex 0.00557131 0.00336732 0.003
      endloop
   endfacet
   facet normal 0 0 -1
      outer loop
         vertex 0.00741907 0.00336732 0.003
         vertex 0.00779423 0.0035 0.003
         vertex 0.00779423 0.000272065 0.003
      endloop
   endfacet
   facet normal 0 0 -1
      outer loop
         vertex 0.00392649 0.0016264 0.003
         vertex 0.00578808 0.00304289 0.003
         vertex 0.00611251 0.00282612 0.003
      endloop
   endfacet
   facet normal 0 0 -1
      outer loop
         vertex 0.002625 0.0035 0.003
         vertex 0.00554492 0.0035 0.003
         vertex 0.0030052 0.0030052 0.003
      endloop
   endfacet
   facet normal 0 0 -1
      outer loop
         vertex 0.0030052 0.0030052 0.003
         vertex 0.00554492 0.0035 0.003
         vertex 0.00557131 0.00336732 0.003
      endloop
   endfacet
   facet normal 0 0 -1
      outer loop
         vertex 0.00649519 0.00275 0.003
         vertex 0.0075 7.80626e-17 0.003
         vertex 0.00425 5.20475e-19 0.003
      endloop
   endfacet
   facet normal 0 0 -1
      outer loop
         vertex 0.00557131 0.00336732 0.003
         vertex 0.00578808 0.00304289 0.003
         vertex 0.00392649 0.0016264 0.003
      endloop
   endfacet
   facet normal 0 0 -1
      outer loop
         vertex 0.0030052 0.0030052 0.003
         vertex 0.002625 0.00325925 0.003
         vertex 0.002625 0.0035 0.003
      endloop
   endfacet
   facet normal 0 0 -1
      outer loop
         vertex 0.00779423 0.006375 0.003
         vertex 0.0103923 0.006375 0.003
         vertex 0.00909327 0.00625 0.003
      endloop
   endfacet
   facet normal 0 0 -1
      outer loop
         vertex 0.0103923 0.006375 0.003
         vertex 0.00947595 0.00617388 0.003
         vertex 0.00909327 0.00625 0.003
      endloop
   endfacet
   facet normal 0 0 -1
      outer loop
         vertex 0.0103923 0.006375 0.003
         vertex 0.0100171 0.00563268 0.003
         vertex 0.00980037 0.00595711 0.003
      endloop
   endfacet
   facet normal 0 0 -1
      outer loop
         vertex 0.00779423 0.006375 0.003
         vertex 0.00871058 0.00617388 0.003
         vertex 0.00838616 0.00595711 0.003
      endloop
   endfacet
   facet normal 0 0 -1
      outer loop
         vertex 0.00980037 0.00595711 0.003
         vertex 0.00947595 0.00617388 0.003
         vertex 0.0103923 0.006375 0.003
      endloop
   endfacet
   facet normal 0 0 -1
      outer loop
         vertex 0.00779423 0.00525 0.003
         vertex 0.00779423 0.006375 0.003
         vertex 0.00816939 0.00563268 0.003
      endloop
   endfacet
   facet normal 0 0 -1
      outer loop
         vertex 0.00909327 0.00625 0.003
         vertex 0.00871058 0.00617388 0.003
         vertex 0.00779423 0.006375 0.003
      endloop
   endfacet
   facet normal 0 0 -1
      outer loop
         vertex 0.00838616 0.00595711 0.003
         vertex 0.00816939 0.00563268 0.003
         vertex 0.00779423 0.006375 0.003
      endloop
   endfacet
   facet normal 0 0 -1
      outer loop
         vertex 0.0103923 0.00525 0.003
         vertex 0.0100933 0.00525 0.003
         vertex 0.0100171 0.00563268 0.003
      endloop
   endfacet
   facet normal 0 0 -1
      outer loop
         vertex 0.0100171 0.00563268 0.003
         vertex 0.0103923 0.006375 0.003
         vertex 0.0103923 0.00525 0.003
      endloop
   endfacet
   facet normal 0 0 -1
      outer loop
         vertex 0.0103923 0.0035 0.003
         vertex 0.00947595 0.00432612 0.003
         vertex 0.00959327 0.00438397 0.003
      endloop
   endfacet
   facet normal 0 0 -1
      outer loop
         vertex 0.0103923 0.0035 0.003
         vertex 0.00909327 0.00425 0.003
         vertex 0.00947595 0.00432612 0.003
      endloop
   endfacet
   facet normal 0 0 -1
      outer loop
         vertex 0.00959327 0.00438397 0.003
         vertex 0.00980037 0.00454289 0.003
         vertex 0.0103923 0.0035 0.003
      endloop
   endfacet
   facet normal 0 0 -1
      outer loop
         vertex 0.00779423 0.0035 0.003
         vertex 0.00871058 0.00432612 0.003
         vertex 0.00909327 0.00425 0.003
      endloop
   endfacet
   facet normal 0 0 -1
      outer loop
         vertex 0.00909327 0.00425 0.003
         vertex 0.0103923 0.0035 0.003
         vertex 0.00779423 0.0035 0.003
      endloop
   endfacet
   facet normal 0 0 -1
      outer loop
         vertex 0.00779423 0.00525 0.003
         vertex 0.00809327 0.00525 0.003
         vertex 0.00816939 0.00486732 0.003
      endloop
   endfacet
   facet normal 0 0 -1
      outer loop
         vertex 0.00779423 0.0035 0.003
         vertex 0.00838616 0.00454289 0.003
         vertex 0.00871058 0.00432612 0.003
      endloop
   endfacet
   facet normal 0 0 -1
      outer loop
         vertex 0.00816939 0.00486732 0.003
         vertex 0.00779423 0.0035 0.003
         vertex 0.00779423 0.00525 0.003
      endloop
   endfacet
   facet normal 0 0 -1
      outer loop
         vertex 0.0103923 0.00525 0.003
         vertex 0.0103923 0.0035 0.003
         vertex 0.0100171 0.00486732 0.003
      endloop
   endfacet
   facet normal 0 0 -1
      outer loop
         vertex 0.00816939 0.00486732 0.003
         vertex 0.00838616 0.00454289 0.003
         vertex 0.00779423 0.0035 0.003
      endloop
   endfacet
   facet normal 0 0 -1
      outer loop
         vertex 0.00980037 0.00454289 0.003
         vertex 0.0100171 0.00486732 0.003
         vertex 0.0103923 0.0035 0.003
      endloop
   endfacet
   facet normal 0 0 -1
      outer loop
         vertex 0.0134078 0.008125 0.003
         vertex 0.012074 0.00767388 0.003
         vertex 0.0116913 0.00775 0.003
      endloop
   endfacet
   facet normal 0 0 -1
      outer loop
         vertex 0.0103923 0.008125 0.003
         vertex 0.0113087 0.00767388 0.003
         vertex 0.0109842 0.00745711 0.003
      endloop
   endfacet
   facet normal 0 0 -1
      outer loop
         vertex 0.0134078 0.008125 0.003
         vertex 0.0123984 0.00745711 0.003
         vertex 0.012074 0.00767388 0.003
      endloop
   endfacet
   facet normal 0 0 -1
      outer loop
         vertex 0.0103923 0.008125 0.003
         vertex 0.0107675 0.00713268 0.003
         vertex 0.0106913 0.00675 0.003
      endloop
   endfacet
   facet normal 0 0 -1
      outer loop
         vertex 0.0103923 0.008125 0.003
         vertex 0.0116913 0.00775 0.003
         vertex 0.0113087 0.00767388 0.003
      endloop
   endfacet
   facet normal 0 0 -1
      outer loop
         vertex 0.0134078 0.008125 0.003
         vertex 0.0126152 0.00713268 0.003
         vertex 0.0123984 0.00745711 0.003
      endloop
   endfacet
   facet normal 0 0 -1
      outer loop
         vertex 0.0106913 0.00675 0.003
         vertex 0.0103923 0.006375 0.003
         vertex 0.0103923 0.008125 0.003
      endloop
   endfacet
   facet normal 0 0 -1
      outer loop
         vertex 0.0116913 0.00775 0.003
         vertex 0.0103923 0.008125 0.003
         vertex 0.0134078 0.008125 0.003
      endloop
   endfacet
   facet normal 0 0 -1
      outer loop
         vertex 0.0134078 0.006375 0.003
         vertex 0.0126913 0.00675 0.003
         vertex 0.0126152 0.00713268 0.003
      endloop
   endfacet
   facet normal 0 0 -1
      outer loop
         vertex 0.0109842 0.00745711 0.003
         vertex 0.0107675 0.00713268 0.003
         vertex 0.0103923 0.008125 0.003
      endloop
   endfacet
   facet normal 0 0 -1
      outer loop
         vertex 0.0134078 0.006375 0.003
         vertex 0.0126168 0.006375 0.003
         vertex 0.0126913 0.00675 0.003
      endloop
   endfacet
   facet normal 0 0 -1
      outer loop
         vertex 0.0126152 0.00713268 0.003
         vertex 0.0134078 0.008125 0.003
         vertex 0.0134078 0.006375 0.003
      endloop
   endfacet
   facet normal 0 0 -1
      outer loop
         vertex 0.0134078 0.00546283 0.003
         vertex 0.0123984 0.00604289 0.003
         vertex 0.0126152 0.00636732 0.003
      endloop
   endfacet
   facet normal 0 0 -1
      outer loop
         vertex 0.0131777 0.00525 0.003
         vertex 0.012074 0.00582612 0.003
         vertex 0.0121913 0.00588397 0.003
      endloop
   endfacet
   facet normal 0 0 -1
      outer loop
         vertex 0.0131777 0.00525 0.003
         vertex 0.0103923 0.00525 0.003
         vertex 0.0116913 0.00575 0.003
      endloop
   endfacet
   facet normal 0 0 -1
      outer loop
         vertex 0.0126152 0.00636732 0.003
         vertex 0.0134078 0.006375 0.003
         vertex 0.0134078 0.00546283 0.003
      endloop
   endfacet
   facet normal 0 0 -1
      outer loop
         vertex 0.0116913 0.00575 0.003
         vertex 0.012074 0.00582612 0.003
         vertex 0.0131777 0.00525 0.003
      endloop
   endfacet
   facet normal 0 0 -1
      outer loop
         vertex 0.0121913 0.00588397 0.003
         vertex 0.0123984 0.00604289 0.003
         vertex 0.0131777 0.00525 0.003
      endloop
   endfacet
   facet normal 0 0 -1
      outer loop
         vertex 0.0103923 0.00525 0.003
         vertex 0.0113087 0.00582612 0.003
         vertex 0.0116913 0.00575 0.003
      endloop
   endfacet
   facet normal 0 0 -1
      outer loop
         vertex 0.0103923 0.00525 0.003
         vertex 0.0103923 0.006375 0.003
         vertex 0.0107675 0.00636732 0.003
      endloop
   endfacet
   facet normal 0 0 -1
      outer loop
         vertex 0.0103923 0.00525 0.003
         vertex 0.0109842 0.00604289 0.003
         vertex 0.0113087 0.00582612 0.003
      endloop
   endfacet
   facet normal 0 0 -1
      outer loop
         vertex 0.0103923 0.006375 0.003
         vertex 0.0107659 0.006375 0.003
         vertex 0.0107675 0.00636732 0.003
      endloop
   endfacet
   facet normal 0 0 -1
      outer loop
         vertex 0.0107675 0.00636732 0.003
         vertex 0.0109842 0.00604289 0.003
         vertex 0.0103923 0.00525 0.003
      endloop
   endfacet
   facet normal 0 0 -1
      outer loop
         vertex 0.0134078 0.00546283 0.003
         vertex 0.0131777 0.00525 0.003
         vertex 0.0123984 0.00604289 0.003
      endloop
   endfacet
   facet normal 0 0 -1
      outer loop
         vertex 0.0103923 -0.00267444 0.003
         vertex 0.00947595 -0.00432612 0.003
         vertex 0.00909327 -0.00425 0.003
      endloop
   endfacet
   facet normal 0 0 -1
      outer loop
         vertex 0.00779423 -0.000272065 0.003
         vertex 0.00871058 -0.00432612 0.003
         vertex 0.00838616 -0.00454289 0.003
      endloop
   endfacet
   facet normal 0 0 -1
      outer loop
         vertex 0.00909327 -0.00425 0.003
         vertex 0.00779423 -0.000272065 0.003
         vertex 0.0103923 -0.00267444 0.003
      endloop
   endfacet
   facet normal 0 0 -1
      outer loop
         vertex 0.00779423 -0.00525 0.003
         vertex 0.00779423 -0.000272065 0.003
         vertex 0.00816939 -0.00486732 0.003
      endloop
   endfacet
   facet normal 0 0 -1
      outer loop
         vertex 0.00909327 -0.00425 0.003
         vertex 0.00871058 -0.00432612 0.003
         vertex 0.00779423 -0.000272065 0.003
      endloop
   endfacet
   facet normal 0 0 -1
      outer loop
         vertex 0.00838616 -0.00454289 0.003
         vertex 0.00816939 -0.00486732 0.003
         vertex 0.00779423 -0.000272065 0.003
      endloop
   endfacet
   facet normal 0 0 -1
      outer loop
         vertex 0.0103923 -0.00267444 0.003
         vertex 0.0100171 -0.00486732 0.003
         vertex 0.00980037 -0.00454289 0.003
      endloop
   endfacet
   facet normal 0 0 -1
      outer loop
         vertex 0.00980037 -0.00454289 0.003
         vertex 0.00947595 -0.00432612 0.003
         vertex 0.0103923 -0.00267444 0.003
      endloop
   endfacet
   facet normal 0 0 -1
      outer loop
         vertex 0.0103923 -0.00525 0.003
         vertex 0.0100933 -0.00525 0.003
         vertex 0.0100171 -0.00486732 0.003
      endloop
   endfacet
   facet normal 0 0 -1
      outer loop
         vertex 0.0100171 -0.00486732 0.003
         vertex 0.0103923 -0.00267444 0.003
         vertex 0.0103923 -0.00525 0.003
      endloop
   endfacet
   facet normal 0 0 -1
      outer loop
         vertex 0.00779423 -0.006375 0.003
         vertex 0.00871058 -0.00617388 0.003
         vertex 0.00909327 -0.00625 0.003
      endloop
   endfacet
   facet normal 0 0 -1
      outer loop
         vertex 0.00779423 -0.006375 0.003
         vertex 0.00838616 -0.00595711 0.003
         vertex 0.00859327 -0.00611603 0.003
      endloop
   endfacet
   facet normal 0 0 -1
      outer loop
         vertex 0.00859327 -0.00611603 0.003
         vertex 0.00871058 -0.00617388 0.003
         vertex 0.00779423 -0.006375 0.003
      endloop
   endfacet
   facet normal 0 0 -1
      outer loop
         vertex 0.00779423 -0.006375 0.003
         vertex 0.00816939 -0.00563268 0.003
         vertex 0.00838616 -0.00595711 0.003
      endloop
   endfacet
   facet normal 0 0 -1
      outer loop
         vertex 0.00779423 -0.00525 0.003
         vertex 0.00809327 -0.00525 0.003
         vertex 0.00816939 -0.00563268 0.003
      endloop
   endfacet
   facet normal 0 0 -1
      outer loop
         vertex 0.0103923 -0.00525 0.003
         vertex 0.0103923 -0.006375 0.003
         vertex 0.0100171 -0.00563268 0.003
      endloop
   endfacet
   facet normal 0 0 -1
      outer loop
         vertex 0.0103923 -0.006375 0.003
         vertex 0.00909327 -0.00625 0.003
         vertex 0.00947595 -0.00617388 0.003
      endloop
   endfacet
   facet normal 0 0 -1
      outer loop
         vertex 0.00816939 -0.00563268 0.003
         vertex 0.00779423 -0.006375 0.003
         vertex 0.00779423 -0.00525 0.003
      endloop
   endfacet
   facet normal 0 0 -1
      outer loop
         vertex 0.0103923 -0.006375 0.003
         vertex 0.00980037 -0.00595711 0.003
         vertex 0.0100171 -0.00563268 0.003
      endloop
   endfacet
   facet normal 0 0 -1
      outer loop
         vertex 0.00909327 -0.00625 0.003
         vertex 0.0103923 -0.006375 0.003
         vertex 0.00779423 -0.006375 0.003
      endloop
   endfacet
   facet normal 0 0 -1
      outer loop
         vertex 0.00947595 -0.00617388 0.003
         vertex 0.00980037 -0.00595711 0.003
         vertex 0.0103923 -0.006375 0.003
      endloop
   endfacet
   facet normal 0 0 -1
      outer loop
         vertex 0.0134078 -0.00546283 0.003
         vertex 0.0134078 -0.006375 0.003
         vertex 0.0126152 -0.00636732 0.003
      endloop
   endfacet
   facet normal 0 0 -1
      outer loop
         vertex 0.0123984 -0.00604289 0.003
         vertex 0.0131777 -0.00525 0.003
         vertex 0.0134078 -0.00546283 0.003
      endloop
   endfacet
   facet normal 0 0 -1
      outer loop
         vertex 0.0103923 -0.00525 0.003
         vertex 0.0116913 -0.00575 0.003
         vertex 0.0113087 -0.00582612 0.003
      endloop
   endfacet
   facet normal 0 0 -1
      outer loop
         vertex 0.0131777 -0.00525 0.003
         vertex 0.012074 -0.00582612 0.003
         vertex 0.0116913 -0.00575 0.003
      endloop
   endfacet
   facet normal 0 0 -1
      outer loop
         vertex 0.0134078 -0.006375 0.003
         vertex 0.0126168 -0.006375 0.003
         vertex 0.0126152 -0.00636732 0.003
      endloop
   endfacet
   facet normal 0 0 -1
      outer loop
         vertex 0.0103923 -0.00525 0.003
         vertex 0.0109842 -0.00604289 0.003
         vertex 0.0107675 -0.00636732 0.003
      endloop
   endfacet
   facet normal 0 0 -1
      outer loop
         vertex 0.0116913 -0.00575 0.003
         vertex 0.0103923 -0.00525 0.003
         vertex 0.0131777 -0.00525 0.003
      endloop
   endfacet
   facet normal 0 0 -1
      outer loop
         vertex 0.0126152 -0.00636732 0.003
         vertex 0.0123984 -0.00604289 0.003
         vertex 0.0134078 -0.00546283 0.003
      endloop
   endfacet
   facet normal 0 0 -1
      outer loop
         vertex 0.0107675 -0.00636732 0.003
         vertex 0.0103923 -0.006375 0.003
         vertex 0.0103923 -0.00525 0.003
      endloop
   endfacet
   facet normal 0 0 -1
      outer loop
         vertex 0.0123984 -0.00604289 0.003
         vertex 0.012074 -0.00582612 0.003
         vertex 0.0131777 -0.00525 0.003
      endloop
   endfacet
   facet normal 0 0 -1
      outer loop
         vertex 0.0113087 -0.00582612 0.003
         vertex 0.0109842 -0.00604289 0.003
         vertex 0.0103923 -0.00525 0.003
      endloop
   endfacet
   facet normal 0 0 -1
      outer loop
         vertex 0.0130291 -0.00878365 0.003
         vertex 0.0122927 -0.0089929 0.003
         vertex 0.012074 -0.00767388 0.003
      endloop
   endfacet
   facet normal 0 0 -1
      outer loop
         vertex 0.0115316 -0.00891013 0.003
         vertex 0.0103923 -0.00855657 0.003
         vertex 0.0113087 -0.00767388 0.003
      endloop
   endfacet
   facet normal 0 0 -1
      outer loop
         vertex 0.0103923 -0.00855657 0.003
         vertex 0.0109842 -0.00745711 0.003
         vertex 0.0111913 -0.00761603 0.003
      endloop
   endfacet
   facet normal 0 0 -1
      outer loop
         vertex 0.0123984 -0.00745711 0.003
         vertex 0.0134078 -0.00848849 0.003
         vertex 0.0130291 -0.00878365 0.003
      endloop
   endfacet
   facet normal 0 0 -1
      outer loop
         vertex 0.0122927 -0.0089929 0.003
         vertex 0.0115316 -0.00891013 0.003
         vertex 0.0116913 -0.00775 0.003
      endloop
   endfacet
   facet normal 0 0 -1
      outer loop
         vertex 0.0111913 -0.00761603 0.003
         vertex 0.0113087 -0.00767388 0.003
         vertex 0.0103923 -0.00855657 0.003
      endloop
   endfacet
   facet normal 0 0 -1
      outer loop
         vertex 0.0134078 -0.006375 0.003
         vertex 0.0134078 -0.00848849 0.003
         vertex 0.0126152 -0.00713268 0.003
      endloop
   endfacet
   facet normal 0 0 -1
      outer loop
         vertex 0.0116913 -0.00775 0.003
         vertex 0.012074 -0.00767388 0.003
         vertex 0.0122927 -0.0089929 0.003
      endloop
   endfacet
   facet normal 0 0 -1
      outer loop
         vertex 0.0103923 -0.00855657 0.003
         vertex 0.0107675 -0.00713268 0.003
         vertex 0.0109842 -0.00745711 0.003
      endloop
   endfacet
   facet normal 0 0 -1
      outer loop
         vertex 0.0103923 -0.006375 0.003
         vertex 0.0106913 -0.00675 0.003
         vertex 0.0107675 -0.00713268 0.003
      endloop
   endfacet
   facet normal 0 0 -1
      outer loop
         vertex 0.0126152 -0.00713268 0.003
         vertex 0.0126913 -0.00675 0.003
         vertex 0.0134078 -0.006375 0.003
      endloop
   endfacet
   facet normal 0 0 -1
      outer loop
         vertex 0.0113087 -0.00767388 0.003
         vertex 0.0116913 -0.00775 0.003
         vertex 0.0115316 -0.00891013 0.003
      endloop
   endfacet
   facet normal 0 0 -1
      outer loop
         vertex 0.0103923 -0.006375 0.003
         vertex 0.0107659 -0.006375 0.003
         vertex 0.0106913 -0.00675 0.003
      endloop
   endfacet
   facet normal 0 0 -1
      outer loop
         vertex 0.0134078 -0.00848849 0.003
         vertex 0.0123984 -0.00745711 0.003
         vertex 0.0126152 -0.00713268 0.003
      endloop
   endfacet
   facet normal 0 0 -1
      outer loop
         vertex 0.0107675 -0.00713268 0.003
         vertex 0.0103923 -0.00855657 0.003
         vertex 0.0103923 -0.006375 0.003
      endloop
   endfacet
   facet normal 0 0 -1
      outer loop
         vertex 0.012074 -0.00767388 0.003
         vertex 0.0123984 -0.00745711 0.003
         vertex 0.0130291 -0.00878365 0.003
      endloop
   endfacet
   facet normal 0 0 -1
      outer loop
         vertex -0.00779423 -0.006375 0.003
         vertex -0.00909327 -0.00625 0.003
         vertex -0.00871058 -0.00617388 0.003
      endloop
   endfacet
   facet normal 0 0 -1
      outer loop
         vertex -0.0103923 -0.006375 0.003
         vertex -0.00947595 -0.00617388 0.003
         vertex -0.00909327 -0.00625 0.003
      endloop
   endfacet
   facet normal 0 0 -1
      outer loop
         vertex -0.00909327 -0.00625 0.003
         vertex -0.00779423 -0.006375 0.003
         vertex -0.0103923 -0.006375 0.003
      endloop
   endfacet
   facet normal 0 0 -1
      outer loop
         vertex -0.0103923 -0.006375 0.003
         vertex -0.0100171 -0.00563268 0.003
         vertex -0.00980037 -0.00595711 0.003
      endloop
   endfacet
   facet normal 0 0 -1
      outer loop
         vertex -0.00779423 -0.00525 0.003
         vertex -0.00779423 -0.006375 0.003
         vertex -0.00816939 -0.00563268 0.003
      endloop
   endfacet
   facet normal 0 0 -1
      outer loop
         vertex -0.00980037 -0.00595711 0.003
         vertex -0.00947595 -0.00617388 0.003
         vertex -0.0103923 -0.006375 0.003
      endloop
   endfacet
   facet normal 0 0 -1
      outer loop
         vertex -0.0103923 -0.00525 0.003
         vertex -0.0100933 -0.00525 0.003
         vertex -0.0100171 -0.00563268 0.003
      endloop
   endfacet
   facet normal 0 0 -1
      outer loop
         vertex -0.00779423 -0.006375 0.003
         vertex -0.00838616 -0.00595711 0.003
         vertex -0.00816939 -0.00563268 0.003
      endloop
   endfacet
   facet normal 0 0 -1
      outer loop
         vertex -0.0100171 -0.00563268 0.003
         vertex -0.0103923 -0.006375 0.003
         vertex -0.0103923 -0.00525 0.003
      endloop
   endfacet
   facet normal 0 0 -1
      outer loop
         vertex -0.00871058 -0.00617388 0.003
         vertex -0.00838616 -0.00595711 0.003
         vertex -0.00779423 -0.006375 0.003
      endloop
   endfacet
   facet normal 0 0 -1
      outer loop
         vertex -0.0103923 -0.00267444 0.003
         vertex -0.00947595 -0.00432612 0.003
         vertex -0.00959327 -0.00438397 0.003
      endloop
   endfacet
   facet normal 0 0 -1
      outer loop
         vertex -0.0103923 -0.00267444 0.003
         vertex -0.00779423 -0.000272065 0.003
         vertex -0.00909327 -0.00425 0.003
      endloop
   endfacet
   facet normal 0 0 -1
      outer loop
         vertex -0.00909327 -0.00425 0.003
         vertex -0.00947595 -0.00432612 0.003
         vertex -0.0103923 -0.00267444 0.003
      endloop
   endfacet
   facet normal 0 0 -1
      outer loop
         vertex -0.0103923 -0.00525 0.003
         vertex -0.0103923 -0.00267444 0.003
         vertex -0.0100171 -0.00486732 0.003
      endloop
   endfacet
   facet normal 0 0 -1
      outer loop
         vertex -0.00959327 -0.00438397 0.003
         vertex -0.00980037 -0.00454289 0.003
         vertex -0.0103923 -0.00267444 0.003
      endloop
   endfacet
   facet normal 0 0 -1
      outer loop
         vertex -0.00980037 -0.00454289 0.003
         vertex -0.0100171 -0.00486732 0.003
         vertex -0.0103923 -0.00267444 0.003
      endloop
   endfacet
   facet normal 0 0 -1
      outer loop
         vertex -0.00779423 -0.000272065 0.003
         vertex -0.00838616 -0.00454289 0.003
         vertex -0.00871058 -0.00432612 0.003
      endloop
   endfacet
   facet normal 0 0 -1
      outer loop
         vertex -0.00779423 -0.00525 0.003
         vertex -0.00809327 -0.00525 0.003
         vertex -0.00816939 -0.00486732 0.003
      endloop
   endfacet
   facet normal 0 0 -1
      outer loop
         vertex -0.00871058 -0.00432612 0.003
         vertex -0.00909327 -0.00425 0.003
         vertex -0.00779423 -0.000272065 0.003
      endloop
   endfacet
   facet normal 0 0 -1
      outer loop
         vertex -0.00816939 -0.00486732 0.003
         vertex -0.00779423 -0.000272065 0.003
         vertex -0.00779423 -0.00525 0.003
      endloop
   endfacet
   facet normal 0 0 -1
      outer loop
         vertex -0.00816939 -0.00486732 0.003
         vertex -0.00838616 -0.00454289 0.003
         vertex -0.00779423 -0.000272065 0.003
      endloop
   endfacet
   facet normal 0 0 -1
      outer loop
         vertex -0.0130291 -0.00878365 0.003
         vertex -0.0123984 -0.00745711 0.003
         vertex -0.012074 -0.00767388 0.003
      endloop
   endfacet
   facet normal 0 0 -1
      outer loop
         vertex -0.0103923 -0.006375 0.003
         vertex -0.0103923 -0.00855657 0.003
         vertex -0.0107675 -0.00713268 0.003
      endloop
   endfacet
   facet normal 0 0 -1
      outer loop
         vertex -0.0115316 -0.00891013 0.003
         vertex -0.0116913 -0.00775 0.003
         vertex -0.0113087 -0.00767388 0.003
      endloop
   endfacet
   facet normal 0 0 -1
      outer loop
         vertex -0.0122927 -0.0089929 0.003
         vertex -0.012074 -0.00767388 0.003
         vertex -0.0116913 -0.00775 0.003
      endloop
   endfacet
   facet normal 0 0 -1
      outer loop
         vertex -0.012074 -0.00767388 0.003
         vertex -0.0122927 -0.0089929 0.003
         vertex -0.0130291 -0.00878365 0.003
      endloop
   endfacet
   facet normal 0 0 -1
      outer loop
         vertex -0.0107675 -0.00713268 0.003
         vertex -0.0106913 -0.00675 0.003
         vertex -0.0103923 -0.006375 0.003
      endloop
   endfacet
   facet normal 0 0 -1
      outer loop
         vertex -0.0113087 -0.00767388 0.003
         vertex -0.0103923 -0.00855657 0.003
         vertex -0.0115316 -0.00891013 0.003
      endloop
   endfacet
   facet normal 0 0 -1
      outer loop
         vertex -0.0130291 -0.00878365 0.003
         vertex -0.013633 -0.00831303 0.003
         vertex -0.0123984 -0.00745711 0.003
      endloop
   endfacet
   facet normal 0 0 -1
      outer loop
         vertex -0.0141214 -0.00689172 0.003
         vertex -0.0126913 -0.00675 0.003
         vertex -0.0126152 -0.00713268 0.003
      endloop
   endfacet
   facet normal 0 0 -1
      outer loop
         vertex -0.0139913 -0.006375 0.003
         vertex -0.0126168 -0.006375 0.003
         vertex -0.0126913 -0.00675 0.003
      endloop
   endfacet
   facet normal 0 0 -1
      outer loop
         vertex -0.0103923 -0.00855657 0.003
         vertex -0.0109842 -0.00745711 0.003
         vertex -0.0107675 -0.00713268 0.003
      endloop
   endfacet
   facet normal 0 0 -1
      outer loop
         vertex -0.0116913 -0.00775 0.003
         vertex -0.0115316 -0.00891013 0.003
         vertex -0.0122927 -0.0089929 0.003
      endloop
   endfacet
   facet normal 0 0 -1
      outer loop
         vertex -0.013633 -0.00831303 0.003
         vertex -0.0140158 -0.00765 0.003
         vertex -0.0126152 -0.00713268 0.003
      endloop
   endfacet
   facet normal 0 0 -1
      outer loop
         vertex -0.0126913 -0.00675 0.003
         vertex -0.0141214 -0.00689172 0.003
         vertex -0.0139913 -0.006375 0.003
      endloop
   endfacet
   facet normal 0 0 -1
      outer loop
         vertex -0.0113087 -0.00767388 0.003
         vertex -0.0109842 -0.00745711 0.003
         vertex -0.0103923 -0.00855657 0.003
      endloop
   endfacet
   facet normal 0 0 -1
      outer loop
         vertex -0.0126152 -0.00713268 0.003
         vertex -0.0140158 -0.00765 0.003
         vertex -0.0141214 -0.00689172 0.003
      endloop
   endfacet
   facet normal 0 0 -1
      outer loop
         vertex -0.0126152 -0.00713268 0.003
         vertex -0.0123984 -0.00745711 0.003
         vertex -0.013633 -0.00831303 0.003
      endloop
   endfacet
   facet normal 0 0 -1
      outer loop
         vertex -0.0134822 -0.00553156 0.003
         vertex -0.0131777 -0.00525 0.003
         vertex -0.0123984 -0.00604289 0.003
      endloop
   endfacet
   facet normal 0 0 -1
      outer loop
         vertex -0.0131777 -0.00525 0.003
         vertex -0.012074 -0.00582612 0.003
         vertex -0.0121913 -0.00588397 0.003
      endloop
   endfacet
   facet normal 0 0 -1
      outer loop
         vertex -0.0131777 -0.00525 0.003
         vertex -0.0103923 -0.00525 0.003
         vertex -0.0116913 -0.00575 0.003
      endloop
   endfacet
   facet normal 0 0 -1
      outer loop
         vertex -0.0126152 -0.00636732 0.003
         vertex -0.0139344 -0.00614932 0.003
         vertex -0.0134822 -0.00553156 0.003
      endloop
   endfacet
   facet normal 0 0 -1
      outer loop
         vertex -0.0116913 -0.00575 0.003
         vertex -0.012074 -0.00582612 0.003
         vertex -0.0131777 -0.00525 0.003
      endloop
   endfacet
   facet normal 0 0 -1
      outer loop
         vertex -0.0139344 -0.00614932 0.003
         vertex -0.0126152 -0.00636732 0.003
         vertex -0.0126168 -0.006375 0.003
      endloop
   endfacet
   facet normal 0 0 -1
      outer loop
         vertex -0.0121913 -0.00588397 0.003
         vertex -0.0123984 -0.00604289 0.003
         vertex -0.0131777 -0.00525 0.003
      endloop
   endfacet
   facet normal 0 0 -1
      outer loop
         vertex -0.0103923 -0.00525 0.003
         vertex -0.0103923 -0.006375 0.003
         vertex -0.0107675 -0.00636732 0.003
      endloop
   endfacet
   facet normal 0 0 -1
      outer loop
         vertex -0.0123984 -0.00604289 0.003
         vertex -0.0126152 -0.00636732 0.003
         vertex -0.0134822 -0.00553156 0.003
      endloop
   endfacet
   facet normal 0 0 -1
      outer loop
         vertex -0.0103923 -0.006375 0.003
         vertex -0.0107659 -0.006375 0.003
         vertex -0.0107675 -0.00636732 0.003
      endloop
   endfacet
   facet normal 0 0 -1
      outer loop
         vertex -0.0103923 -0.00525 0.003
         vertex -0.0113087 -0.00582612 0.003
         vertex -0.0116913 -0.00575 0.003
      endloop
   endfacet
   facet normal 0 0 -1
      outer loop
         vertex -0.0107675 -0.00636732 0.003
         vertex -0.0109842 -0.00604289 0.003
         vertex -0.0103923 -0.00525 0.003
      endloop
   endfacet
   facet normal 0 0 -1
      outer loop
         vertex -0.0109842 -0.00604289 0.003
         vertex -0.0113087 -0.00582612 0.003
         vertex -0.0103923 -0.00525 0.003
      endloop
   endfacet
   facet normal 0 0 -1
      outer loop
         vertex -0.0048726 6.59195e-17 0.003
         vertex -0.0075 -2.55872e-17 0.003
         vertex -0.00649519 0.00275 0.003
      endloop
   endfacet
   facet normal 0 0 -1
      outer loop
         vertex -0.00649519 0.00275 0.003
         vertex -0.0075 -2.55872e-17 0.003
         vertex -0.00779423 0.000272065 0.003
      endloop
   endfacet
   facet normal 0 0 -1
      outer loop
         vertex -0.0048726 6.59195e-17 0.003
         vertex -0.00578808 0.00304289 0.003
         vertex -0.00557131 0.00336732 0.003
      endloop
   endfacet
   facet normal 0 0 -1
      outer loop
         vertex -0.00649519 0.00275 0.003
         vertex -0.00611251 0.00282612 0.003
         vertex -0.0048726 6.59195e-17 0.003
      endloop
   endfacet
   facet normal 0 0 -1
      outer loop
         vertex -0.00779423 0.000272065 0.003
         vertex -0.0072023 0.00304289 0.003
         vertex -0.00687787 0.00282612 0.003
      endloop
   endfacet
   facet normal 0 0 -1
      outer loop
         vertex -0.00779423 0.000272065 0.003
         vertex -0.00779423 0.0035 0.003
         vertex -0.00741907 0.00336732 0.003
      endloop
   endfacet
   facet normal 0 0 -1
      outer loop
         vertex -0.00611251 0.00282612 0.003
         vertex -0.00578808 0.00304289 0.003
         vertex -0.0048726 6.59195e-17 0.003
      endloop
   endfacet
   facet normal 0 0 -1
      outer loop
         vertex -0.00741907 0.00336732 0.003
         vertex -0.0072023 0.00304289 0.003
         vertex -0.00779423 0.000272065 0.003
      endloop
   endfacet
   facet normal 0 0 -1
      outer loop
         vertex -0.00557131 0.00336732 0.003
         vertex -0.0048726 0.0035 0.003
         vertex -0.0048726 6.59195e-17 0.003
      endloop
   endfacet
   facet normal 0 0 -1
      outer loop
         vertex -0.00779423 0.0035 0.003
         vertex -0.00744546 0.0035 0.003
         vertex -0.00741907 0.00336732 0.003
      endloop
   endfacet
   facet normal 0 0 -1
      outer loop
         vertex -0.00779423 0.000272065 0.003
         vertex -0.00687787 0.00282612 0.003
         vertex -0.00649519 0.00275 0.003
      endloop
   endfacet
   facet normal 0 0 -1
      outer loop
         vertex -0.0048726 0.00525 0.003
         vertex -0.00611251 0.00467388 0.003
         vertex -0.00649519 0.00475 0.003
      endloop
   endfacet
   facet normal 0 0 -1
      outer loop
         vertex -0.0048726 0.00525 0.003
         vertex -0.00578808 0.00445711 0.003
         vertex -0.00599519 0.00461603 0.003
      endloop
   endfacet
   facet normal 0 0 -1
      outer loop
         vertex -0.00779423 0.0035 0.003
         vertex -0.00779423 0.00525 0.003
         vertex -0.00741907 0.00413268 0.003
      endloop
   endfacet
   facet normal 0 0 -1
      outer loop
         vertex -0.00779423 0.00525 0.003
         vertex -0.00649519 0.00475 0.003
         vertex -0.00687787 0.00467388 0.003
      endloop
   endfacet
   facet normal 0 0 -1
      outer loop
         vertex -0.00599519 0.00461603 0.003
         vertex -0.00611251 0.00467388 0.003
         vertex -0.0048726 0.00525 0.003
      endloop
   endfacet
   facet normal 0 0 -1
      outer loop
         vertex -0.0048726 0.0035 0.003
         vertex -0.00549519 0.00375 0.003
         vertex -0.00557131 0.00413268 0.003
      endloop
   endfacet
   facet normal 0 0 -1
      outer loop
         vertex -0.00741907 0.00413268 0.003
         vertex -0.00749519 0.00375 0.003
         vertex -0.00779423 0.0035 0.003
      endloop
   endfacet
   facet normal 0 0 -1
      outer loop
         vertex -0.00687787 0.00467388 0.003
         vertex -0.0072023 0.00445711 0.003
         vertex -0.00779423 0.00525 0.003
      endloop
   endfacet
   facet normal 0 0 -1
      outer loop
         vertex -0.0048726 0.00525 0.003
         vertex -0.00557131 0.00413268 0.003
         vertex -0.00578808 0.00445711 0.003
      endloop
   endfacet
   facet normal 0 0 -1
      outer loop
         vertex -0.0048726 0.0035 0.003
         vertex -0.00554492 0.0035 0.003
         vertex -0.00549519 0.00375 0.003
      endloop
   endfacet
   facet normal 0 0 -1
      outer loop
         vertex -0.0072023 0.00445711 0.003
         vertex -0.00741907 0.00413268 0.003
         vertex -0.00779423 0.00525 0.003
      endloop
   endfacet
   facet normal 0 0 -1
      outer loop
         vertex -0.00557131 0.00413268 0.003
         vertex -0.0048726 0.00525 0.003
         vertex -0.0048726 0.0035 0.003
      endloop
   endfacet
   facet normal 0 0 -1
      outer loop
         vertex -0.00649519 0.00475 0.003
         vertex -0.00779423 0.00525 0.003
         vertex -0.0048726 0.00525 0.003
      endloop
   endfacet
   facet normal 0 0 -1
      outer loop
         vertex -0.00779423 0.0035 0.003
         vertex -0.0103923 0.0035 0.003
         vertex -0.00909327 0.00425 0.003
      endloop
   endfacet
   facet normal 0 0 -1
      outer loop
         vertex -0.0103923 0.0035 0.003
         vertex -0.00947595 0.00432612 0.003
         vertex -0.00909327 0.00425 0.003
      endloop
   endfacet
   facet normal 0 0 -1
      outer loop
         vertex -0.0103923 0.0035 0.003
         vertex -0.0100171 0.00486732 0.003
         vertex -0.00980037 0.00454289 0.003
      endloop
   endfacet
   facet normal 0 0 -1
      outer loop
         vertex -0.00980037 0.00454289 0.003
         vertex -0.00947595 0.00432612 0.003
         vertex -0.0103923 0.0035 0.003
      endloop
   endfacet
   facet normal 0 0 -1
      outer loop
         vertex -0.0103923 0.00525 0.003
         vertex -0.0100933 0.00525 0.003
         vertex -0.0100171 0.00486732 0.003
      endloop
   endfacet
   facet normal 0 0 -1
      outer loop
         vertex -0.00779423 0.0035 0.003
         vertex -0.00871058 0.00432612 0.003
         vertex -0.00838616 0.00454289 0.003
      endloop
   endfacet
   facet normal 0 0 -1
      outer loop
         vertex -0.0100171 0.00486732 0.003
         vertex -0.0103923 0.0035 0.003
         vertex -0.0103923 0.00525 0.003
      endloop
   endfacet
   facet normal 0 0 -1
      outer loop
         vertex -0.00779423 0.00525 0.003
         vertex -0.00779423 0.0035 0.003
         vertex -0.00816939 0.00486732 0.003
      endloop
   endfacet
   facet normal 0 0 -1
      outer loop
         vertex -0.00909327 0.00425 0.003
         vertex -0.00871058 0.00432612 0.003
         vertex -0.00779423 0.0035 0.003
      endloop
   endfacet
   facet normal 0 0 -1
      outer loop
         vertex -0.00838616 0.00454289 0.003
         vertex -0.00816939 0.00486732 0.003
         vertex -0.00779423 0.0035 0.003
      endloop
   endfacet
   facet normal 0 0 -1
      outer loop
         vertex -0.00779423 0.006375 0.003
         vertex -0.00871058 0.00617388 0.003
         vertex -0.00909327 0.00625 0.003
      endloop
   endfacet
   facet normal 0 0 -1
      outer loop
         vertex -0.00779423 0.006375 0.003
         vertex -0.00838616 0.00595711 0.003
         vertex -0.00859327 0.00611603 0.003
      endloop
   endfacet
   facet normal 0 0 -1
      outer loop
         vertex -0.00859327 0.00611603 0.003
         vertex -0.00871058 0.00617388 0.003
         vertex -0.00779423 0.006375 0.003
      endloop
   endfacet
   facet normal 0 0 -1
      outer loop
         vertex -0.0103923 0.00525 0.003
         vertex -0.0103923 0.006375 0.003
         vertex -0.0100171 0.00563268 0.003
      endloop
   endfacet
   facet normal 0 0 -1
      outer loop
         vertex -0.0103923 0.006375 0.003
         vertex -0.00909327 0.00625 0.003
         vertex -0.00947595 0.00617388 0.003
      endloop
   endfacet
   facet normal 0 0 -1
      outer loop
         vertex -0.00779423 0.006375 0.003
         vertex -0.00816939 0.00563268 0.003
         vertex -0.00838616 0.00595711 0.003
      endloop
   endfacet
   facet normal 0 0 -1
      outer loop
         vertex -0.0103923 0.006375 0.003
         vertex -0.00980037 0.00595711 0.003
         vertex -0.0100171 0.00563268 0.003
      endloop
   endfacet
   facet normal 0 0 -1
      outer loop
         vertex -0.00909327 0.00625 0.003
         vertex -0.0103923 0.006375 0.003
         vertex -0.00779423 0.006375 0.003
      endloop
   endfacet
   facet normal 0 0 -1
      outer loop
         vertex -0.00947595 0.00617388 0.003
         vertex -0.00980037 0.00595711 0.003
         vertex -0.0103923 0.006375 0.003
      endloop
   endfacet
   facet normal 0 0 -1
      outer loop
         vertex -0.00779423 0.00525 0.003
         vertex -0.00809327 0.00525 0.003
         vertex -0.00816939 0.00563268 0.003
      endloop
   endfacet
   facet normal 0 0 -1
      outer loop
         vertex -0.00816939 0.00563268 0.003
         vertex -0.00779423 0.006375 0.003
         vertex -0.00779423 0.00525 0.003
      endloop
   endfacet
   facet normal 0 0 -1
      outer loop
         vertex -0.0134822 0.00553156 0.003
         vertex -0.0126152 0.00636732 0.003
         vertex -0.0123984 0.00604289 0.003
      endloop
   endfacet
   facet normal 0 0 -1
      outer loop
         vertex -0.0123984 0.00604289 0.003
         vertex -0.0131777 0.00525 0.003
         vertex -0.0134822 0.00553156 0.003
      endloop
   endfacet
   facet normal 0 0 -1
      outer loop
         vertex -0.0139344 0.00614932 0.003
         vertex -0.0139913 0.006375 0.003
         vertex -0.0126168 0.006375 0.003
      endloop
   endfacet
   facet normal 0 0 -1
      outer loop
         vertex -0.0103923 0.00525 0.003
         vertex -0.0116913 0.00575 0.003
         vertex -0.0113087 0.00582612 0.003
      endloop
   endfacet
   facet normal 0 0 -1
      outer loop
         vertex -0.0131777 0.00525 0.003
         vertex -0.012074 0.00582612 0.003
         vertex -0.0116913 0.00575 0.003
      endloop
   endfacet
   facet normal 0 0 -1
      outer loop
         vertex -0.0126168 0.006375 0.003
         vertex -0.0126152 0.00636732 0.003
         vertex -0.0139344 0.00614932 0.003
      endloop
   endfacet
   facet normal 0 0 -1
      outer loop
         vertex -0.0116913 0.00575 0.003
         vertex -0.0103923 0.00525 0.003
         vertex -0.0131777 0.00525 0.003
      endloop
   endfacet
   facet normal 0 0 -1
      outer loop
         vertex -0.0134822 0.00553156 0.003
         vertex -0.0139344 0.00614932 0.003
         vertex -0.0126152 0.00636732 0.003
      endloop
   endfacet
   facet normal 0 0 -1
      outer loop
         vertex -0.0103923 0.00525 0.003
         vertex -0.0109842 0.00604289 0.003
         vertex -0.0107675 0.00636732 0.003
      endloop
   endfacet
   facet normal 0 0 -1
      outer loop
         vertex -0.0123984 0.00604289 0.003
         vertex -0.012074 0.00582612 0.003
         vertex -0.0131777 0.00525 0.003
      endloop
   endfacet
   facet normal 0 0 -1
      outer loop
         vertex -0.0113087 0.00582612 0.003
         vertex -0.0109842 0.00604289 0.003
         vertex -0.0103923 0.00525 0.003
      endloop
   endfacet
   facet normal 0 0 -1
      outer loop
         vertex -0.0107675 0.00636732 0.003
         vertex -0.0103923 0.006375 0.003
         vertex -0.0103923 0.00525 0.003
      endloop
   endfacet
   facet normal 0 0 -1
      outer loop
         vertex -0.0137415 0.008125 0.003
         vertex -0.0123984 0.00745711 0.003
         vertex -0.0126152 0.00713268 0.003
      endloop
   endfacet
   facet normal 0 0 -1
      outer loop
         vertex -0.0103923 0.008125 0.003
         vertex -0.0109842 0.00745711 0.003
         vertex -0.0111913 0.00761603 0.003
      endloop
   endfacet
   facet normal 0 0 -1
      outer loop
         vertex -0.0137415 0.008125 0.003
         vertex -0.012074 0.00767388 0.003
         vertex -0.0123984 0.00745711 0.003
      endloop
   endfacet
   facet normal 0 0 -1
      outer loop
         vertex -0.0137415 0.008125 0.003
         vertex -0.0103923 0.008125 0.003
         vertex -0.0116913 0.00775 0.003
      endloop
   endfacet
   facet normal 0 0 -1
      outer loop
         vertex -0.0111913 0.00761603 0.003
         vertex -0.0113087 0.00767388 0.003
         vertex -0.0103923 0.008125 0.003
      endloop
   endfacet
   facet normal 0 0 -1
      outer loop
         vertex -0.0139913 0.006375 0.003
         vertex -0.0141214 0.00689172 0.003
         vertex -0.0126913 0.00675 0.003
      endloop
   endfacet
   facet normal 0 0 -1
      outer loop
         vertex -0.0141214 0.00689172 0.003
         vertex -0.0140158 0.00765 0.003
         vertex -0.0126152 0.00713268 0.003
      endloop
   endfacet
   facet normal 0 0 -1
      outer loop
         vertex -0.0116913 0.00775 0.003
         vertex -0.012074 0.00767388 0.003
         vertex -0.0137415 0.008125 0.003
      endloop
   endfacet
   facet normal 0 0 -1
      outer loop
         vertex -0.0103923 0.008125 0.003
         vertex -0.0107675 0.00713268 0.003
         vertex -0.0109842 0.00745711 0.003
      endloop
   endfacet
   facet normal 0 0 -1
      outer loop
         vertex -0.0126152 0.00713268 0.003
         vertex -0.0126913 0.00675 0.003
         vertex -0.0141214 0.00689172 0.003
      endloop
   endfacet
   facet normal 0 0 -1
      outer loop
         vertex -0.0113087 0.00767388 0.003
         vertex -0.0116913 0.00775 0.003
         vertex -0.0103923 0.008125 0.003
      endloop
   endfacet
   facet normal 0 0 -1
      outer loop
         vertex -0.0103923 0.008125 0.003
         vertex -0.0103923 0.006375 0.003
         vertex -0.0106913 0.00675 0.003
      endloop
   endfacet
   facet normal 0 0 -1
      outer loop
         vertex -0.0126152 0.00713268 0.003
         vertex -0.0140158 0.00765 0.003
         vertex -0.0137415 0.008125 0.003
      endloop
   endfacet
   facet normal 0 0 -1
      outer loop
         vertex -0.0103923 0.006375 0.003
         vertex -0.0107659 0.006375 0.003
         vertex -0.0106913 0.00675 0.003
      endloop
   endfacet
   facet normal 0 0 -1
      outer loop
         vertex -0.0106913 0.00675 0.003
         vertex -0.0107675 0.00713268 0.003
         vertex -0.0103923 0.008125 0.003
      endloop
   endfacet
   facet normal 0 0 -1
      outer loop
         vertex -0.0126913 0.00675 0.003
         vertex -0.0126168 0.006375 0.003
         vertex -0.0139913 0.006375 0.003
      endloop
   endfacet
   facet normal 0 0 -1
      outer loop
         vertex -0.0107675 0.00636732 0.003
         vertex -0.0107659 0.006375 0.003
         vertex -0.0103923 0.006375 0.003
      endloop
   endfacet
   facet normal 0 0 -1
      outer loop
         vertex -0.0100171 0.00563268 0.003
         vertex -0.0100933 0.00525 0.003
         vertex -0.0103923 0.00525 0.003
      endloop
   endfacet
   facet normal 0 0 -1
      outer loop
         vertex -0.00816939 0.00486732 0.003
         vertex -0.00809327 0.00525 0.003
         vertex -0.00779423 0.00525 0.003
      endloop
   endfacet
   facet normal 0 0 -1
      outer loop
         vertex -0.00749519 0.00375 0.003
         vertex -0.00744546 0.0035 0.003
         vertex -0.00779423 0.0035 0.003
      endloop
   endfacet
   facet normal 0 0 -1
      outer loop
         vertex -0.00557131 0.00336732 0.003
         vertex -0.00554492 0.0035 0.003
         vertex -0.0048726 0.0035 0.003
      endloop
   endfacet
   facet normal 0 0 -1
      outer loop
         vertex -0.0126168 -0.006375 0.003
         vertex -0.0139913 -0.006375 0.003
         vertex -0.0139344 -0.00614932 0.003
      endloop
   endfacet
   facet normal 0 0 -1
      outer loop
         vertex -0.0106913 -0.00675 0.003
         vertex -0.0107659 -0.006375 0.003
         vertex -0.0103923 -0.006375 0.003
      endloop
   endfacet
   facet normal 0 0 -1
      outer loop
         vertex -0.0100171 -0.00486732 0.003
         vertex -0.0100933 -0.00525 0.003
         vertex -0.0103923 -0.00525 0.003
      endloop
   endfacet
   facet normal 0 0 -1
      outer loop
         vertex -0.00816939 -0.00563268 0.003
         vertex -0.00809327 -0.00525 0.003
         vertex -0.00779423 -0.00525 0.003
      endloop
   endfacet
   facet normal 0 0 -1
      outer loop
         vertex 0.0126913 -0.00675 0.003
         vertex 0.0126168 -0.006375 0.003
         vertex 0.0134078 -0.006375 0.003
      endloop
   endfacet
   facet normal 0 0 -1
      outer loop
         vertex 0.0107675 -0.00636732 0.003
         vertex 0.0107659 -0.006375 0.003
         vertex 0.0103923 -0.006375 0.003
      endloop
   endfacet
   facet normal 0 0 -1
      outer loop
         vertex 0.0100171 -0.00563268 0.003
         vertex 0.0100933 -0.00525 0.003
         vertex 0.0103923 -0.00525 0.003
      endloop
   endfacet
   facet normal 0 0 -1
      outer loop
         vertex 0.00816939 -0.00486732 0.003
         vertex 0.00809327 -0.00525 0.003
         vertex 0.00779423 -0.00525 0.003
      endloop
   endfacet
   facet normal 0 0 -1
      outer loop
         vertex 0.0126152 0.00636732 0.003
         vertex 0.0126168 0.006375 0.003
         vertex 0.0134078 0.006375 0.003
      endloop
   endfacet
   facet normal 0 0 -1
      outer loop
         vertex 0.0106913 0.00675 0.003
         vertex 0.0107659 0.006375 0.003
         vertex 0.0103923 0.006375 0.003
      endloop
   endfacet
   facet normal 0 0 -1
      outer loop
         vertex 0.0100171 0.00486732 0.003
         vertex 0.0100933 0.00525 0.003
         vertex 0.0103923 0.00525 0.003
      endloop
   endfacet
   facet normal 0 0 -1
      outer loop
         vertex 0.00816939 0.00563268 0.003
         vertex 0.00809327 0.00525 0.003
         vertex 0.00779423 0.00525 0.003
      endloop
   endfacet
   facet normal 0 0 -1
      outer loop
         vertex 0.00741907 0.00336732 0.003
         vertex 0.00744546 0.0035 0.003
         vertex 0.00779423 0.0035 0.003
      endloop
   endfacet
   facet normal 0 0 -1
      outer loop
         vertex 0.00549519 0.00375 0.003
         vertex 0.00554492 0.0035 0.003
         vertex 0.002625 0.0035 0.003
      endloop
   endfacet
   facet normal 0 0 -1
      outer loop
         vertex 0.00092388 0.00788268 0.003
         vertex 0.000761969 0.008125 0.003
         vertex 0.002625 0.008125 0.003
      endloop
   endfacet
   facet normal 0 0 -1
      outer loop
         vertex -0.001 0.0105 0.003
         vertex -0.00338095 0.008125 0.003
         vertex -0.00250351 0.012 0.003
      endloop
   endfacet
   facet normal 0 0 -1
      outer loop
         vertex -0.00392649 0.0016264 0.003
         vertex -0.00425 -1.04095e-18 0.003
         vertex -0.0048726 6.59195e-17 0.003
      endloop
   endfacet
   facet normal 0 0 -1
      outer loop
         vertex -0.00226469 0.0035 0.003
         vertex -0.0048726 0.0035 0.003
         vertex -0.0048726 0.00525 0.003
      endloop
   endfacet
   facet normal 0 0 -1
      outer loop
         vertex 0.00226469 0.0035 0.003
         vertex 0.002625 0.0035 0.003
         vertex 0.002625 0.00325925 0.003
      endloop
   endfacet
   facet normal 0 0 -1
      outer loop
         vertex 0.0030052 -0.0030052 0.003
         vertex 0.00557131 -0.00336732 0.003
         vertex 0.00549519 -0.00375 0.003
      endloop
   endfacet
   facet normal 0 0 -1
      outer loop
         vertex 0.0016264 -0.00392649 0.003
         vertex 0.002625 -0.00325925 0.003
         vertex 0.002625 -0.00525 0.003
      endloop
   endfacet
   facet normal 0 0 -1
      outer loop
         vertex -0.00092388 0.0138827 0.003
         vertex -0.001 0.0135 0.003
         vertex -0.00195062 0.0144417 0.003
      endloop
   endfacet
   facet normal 0 0 -1
      outer loop
         vertex -0.0048726 0.00684358 0.003
         vertex -0.0048726 0.006375 0.003
         vertex -0.00779423 0.006375 0.003
      endloop
   endfacet
   facet normal 0 0 -1
      outer loop
         vertex -0.00900167 0.008125 0.003
         vertex -0.00779423 0.00775028 0.003
         vertex -0.00779423 0.006375 0.003
      endloop
   endfacet
   facet normal 0 0 -1
      outer loop
         vertex -0.00900167 0.008125 0.003
         vertex -0.0103923 0.008125 0.003
         vertex -0.0103923 0.00855657 0.003
      endloop
   endfacet
   facet normal 0 0 -1
      outer loop
         vertex -0.0115316 0.00891013 0.003
         vertex -0.0103923 0.00855657 0.003
         vertex -0.0103923 0.008125 0.003
      endloop
   endfacet
   facet normal 0 0 -1
      outer loop
         vertex -0.0112851 0.0035 0.003
         vertex -0.0131777 0.00525 0.003
         vertex -0.0103923 0.00525 0.003
      endloop
   endfacet
   facet normal 0 0 -1
      outer loop
         vertex -0.0112851 0.0035 0.003
         vertex -0.0103923 0.0035 0.003
         vertex -0.0103923 0.00267444 0.003
      endloop
   endfacet
   facet normal 0 0 -1
      outer loop
         vertex -0.0103923 0.00267444 0.003
         vertex -0.0103923 0.0035 0.003
         vertex -0.00779423 0.0035 0.003
      endloop
   endfacet
   facet normal 0 0 -1
      outer loop
         vertex -0.00749519 -0.00375 0.003
         vertex -0.00779423 -0.00525 0.003
         vertex -0.00779423 -0.000272065 0.003
      endloop
   endfacet
   facet normal 0 0 -1
      outer loop
         vertex -0.0103923 -0.00267444 0.003
         vertex -0.0103923 -0.00525 0.003
         vertex -0.0131777 -0.00525 0.003
      endloop
   endfacet
   facet normal 0 0 -1
      outer loop
         vertex -0.00779423 -0.00775028 0.003
         vertex -0.0103923 -0.00855657 0.003
         vertex -0.0103923 -0.006375 0.003
      endloop
   endfacet
   facet normal 0 0 -1
      outer loop
         vertex -0.0048726 -0.00684358 0.003
         vertex -0.00779423 -0.00775028 0.003
         vertex -0.00779423 -0.006375 0.003
      endloop
   endfacet
   facet normal 0 0 -1
      outer loop
         vertex -0.00375 -0.00649519 0.003
         vertex -0.0048726 -0.00684358 0.003
         vertex -0.0048726 -0.006375 0.003
      endloop
   endfacet
   facet normal 0 0 -1
      outer loop
         vertex -0.00092388 -0.0101173 0.003
         vertex -0.001 -0.0105 0.003
         vertex -0.00318282 -0.009 0.003
      endloop
   endfacet
   facet normal 0 0 -1
      outer loop
         vertex -0.001 -0.0135 0.003
         vertex -0.00195062 -0.0144417 0.003
         vertex -0.00250351 -0.012 0.003
      endloop
   endfacet
   facet normal 0 0 -1
      outer loop
         vertex 0.002625 -0.0114635 0.003
         vertex 0.002625 -0.009 0.003
         vertex 0.00318282 -0.009 0.003
      endloop
   endfacet
   facet normal 0 0 -1
      outer loop
         vertex 0.00318282 -0.009 0.003
         vertex 0.002625 -0.009 0.003
         vertex 0.002625 -0.006375 0.003
      endloop
   endfacet
   facet normal 0 0 -1
      outer loop
         vertex 0.00779423 -0.00775028 0.003
         vertex 0.00779423 -0.006375 0.003
         vertex 0.0103923 -0.006375 0.003
      endloop
   endfacet
   facet normal 0 0 -1
      outer loop
         vertex 0.013633 -0.00831303 0.003
         vertex 0.0134078 -0.00848849 0.003
         vertex 0.0134078 -0.006375 0.003
      endloop
   endfacet
   facet normal 0 0 -1
      outer loop
         vertex 0.0139344 -0.00614932 0.003
         vertex 0.0139913 -0.006375 0.003
         vertex 0.0134078 -0.006375 0.003
      endloop
   endfacet
   facet normal 0 0 -1
      outer loop
         vertex 0.0131777 -0.00525 0.003
         vertex 0.0103923 -0.00525 0.003
         vertex 0.0103923 -0.00267444 0.003
      endloop
   endfacet
   facet normal 0 0 -1
      outer loop
         vertex 0.0103923 0.00267444 0.003
         vertex 0.00779423 0.000272065 0.003
         vertex 0.00779423 0.0035 0.003
      endloop
   endfacet
   facet normal 0 0 -1
      outer loop
         vertex 0.0103923 0.00267444 0.003
         vertex 0.0103923 0.0035 0.003
         vertex 0.0112851 0.0035 0.003
      endloop
   endfacet
   facet normal 0 0 -1
      outer loop
         vertex 0.0112851 0.0035 0.003
         vertex 0.0103923 0.0035 0.003
         vertex 0.0103923 0.00525 0.003
      endloop
   endfacet
   facet normal 0 0 -1
      outer loop
         vertex 0.0134822 0.00553156 0.003
         vertex 0.0134078 0.00546283 0.003
         vertex 0.0134078 0.006375 0.003
      endloop
   endfacet
   facet normal 0 0 -1
      outer loop
         vertex 0.0141214 0.00689172 0.003
         vertex 0.0139913 0.006375 0.003
         vertex 0.0134078 0.006375 0.003
      endloop
   endfacet
   facet normal 0 0 -1
      outer loop
         vertex 0.013633 0.00831303 0.003
         vertex 0.0137415 0.008125 0.003
         vertex 0.0134078 0.008125 0.003
      endloop
   endfacet
   facet normal 0 0 -1
      outer loop
         vertex 0.0130291 0.00878365 0.003
         vertex 0.0134078 0.00848849 0.003
         vertex 0.0134078 0.008125 0.003
      endloop
   endfacet
   facet normal 0 0 -1
      outer loop
         vertex 0.0103923 0.00855657 0.003
         vertex 0.0103923 0.008125 0.003
         vertex 0.00900167 0.008125 0.003
      endloop
   endfacet
   facet normal 0 0 -1
      outer loop
         vertex 0.00900167 0.008125 0.003
         vertex 0.0103923 0.008125 0.003
         vertex 0.0103923 0.006375 0.003
      endloop
   endfacet
   facet normal 0 0 -1
      outer loop
         vertex 0.00375 0.00649519 0.003
         vertex 0.00779423 0.00775028 0.003
         vertex 0.00779423 0.006375 0.003
      endloop
   endfacet
   facet normal 0 0 -1
      outer loop
         vertex 0.00338095 0.008125 0.003
         vertex 0.002625 0.008125 0.003
         vertex 0.002625 0.0114635 0.003
      endloop
   endfacet
   facet normal 0 0 -1
      outer loop
         vertex -0.00779423 0.00525 0.003
         vertex -0.00779423 0.006375 0.003
         vertex -0.0048726 0.006375 0.003
      endloop
   endfacet
   facet normal 0 0 -1
      outer loop
         vertex -0.0048726 0.00525 0.003
         vertex -0.0048726 0.006375 0.003
         vertex 0.002625 0.006375 0.003
      endloop
   endfacet
   facet normal 0 0 -1
      outer loop
         vertex 0.002625 0.00525 0.003
         vertex 0.002625 0.006375 0.003
         vertex 0.00779423 0.006375 0.003
      endloop
   endfacet
   facet normal 0 0 -1
      outer loop
         vertex -0.00779423 -0.006375 0.003
         vertex -0.00779423 -0.00525 0.003
         vertex -0.0048726 -0.00525 0.003
      endloop
   endfacet
   facet normal 0 0 -1
      outer loop
         vertex -0.0048726 -0.006375 0.003
         vertex -0.0048726 -0.00525 0.003
         vertex 0.002625 -0.00525 0.003
      endloop
   endfacet
   facet normal 0 0 -1
      outer loop
         vertex 0.002625 -0.006375 0.003
         vertex 0.002625 -0.00525 0.003
         vertex 0.00779423 -0.00525 0.003
      endloop
   endfacet
   facet normal -1 0 0
      outer loop
         vertex -0.00425 5.20475e-19 0.0002
         vertex -0.00425 -1.04095e-18 0.003
         vertex -0.00392649 0.0016264 0.003
      endloop
   endfacet
   facet normal -0.92388 0.382683 0
      outer loop
         vertex -0.00392649 0.0016264 0.0002
         vertex -0.00392649 0.0016264 0.003
         vertex -0.0030052 0.0030052 0.003
      endloop
   endfacet
   facet normal -0.707107 0.707107 0
      outer loop
         vertex -0.0030052 0.0030052 0.0002
         vertex -0.0030052 0.0030052 0.003
         vertex -0.00226469 0.0035 0.003
      endloop
   endfacet
   facet normal -0.543248 0.839572 0
      outer loop
         vertex -0.00226469 0.0035 0.003
         vertex -0.0016264 0.00392649 0.0002
         vertex -0.0030052 0.0030052 0.0002
      endloop
   endfacet
   facet normal -0.382683 0.92388 0
      outer loop
         vertex -0.0016264 0.00392649 0.0002
         vertex -0.0016264 0.00392649 0.003
         vertex 6.83452e-19 0.00425 0.003
      endloop
   endfacet
   facet normal 1.60812e-16 1 0
      outer loop
         vertex 2.60237e-19 0.00425 0.0002
         vertex 6.83452e-19 0.00425 0.003
         vertex 0.0016264 0.00392649 0.003
      endloop
   endfacet
   facet normal 0.707107 0.707107 0
      outer loop
         vertex 0.0030052 0.0030052 0.0002
         vertex 0.0016264 0.00392649 0.0002
         vertex 0.00226469 0.0035 0.003
      endloop
   endfacet
   facet normal 0.543248 0.839572 0
      outer loop
         vertex 0.00226469 0.0035 0.003
         vertex 0.002625 0.00325925 0.003
         vertex 0.0030052 0.0030052 0.0002
      endloop
   endfacet
   facet normal 0.382683 0.92388 0
      outer loop
         vertex 0.0016264 0.00392649 0.0002
         vertex 0.0016264 0.00392649 0.003
         vertex 0.00226469 0.0035 0.003
      endloop
   endfacet
   facet normal 0.707107 0.707107 0
      outer loop
         vertex 0.0030052 0.0030052 0.0002
         vertex 0.0030052 0.0030052 0.003
         vertex 0.00392649 0.0016264 0.003
      endloop
   endfacet
   facet normal 0.92388 0.382683 0
      outer loop
         vertex 0.00392649 0.0016264 0.0002
         vertex 0.00392649 0.0016264 0.003
         vertex 0.00425 5.20475e-19 0.003
      endloop
   endfacet
   facet normal 1 1.22465e-16 0
      outer loop
         vertex 0.00425 0 0.0002
         vertex 0.00425 5.20475e-19 0.003
         vertex 0.00392649 -0.0016264 0.003
      endloop
   endfacet
   facet normal 0.92388 -0.382683 0
      outer loop
         vertex 0.00392649 -0.0016264 0.0002
         vertex 0.00392649 -0.0016264 0.003
         vertex 0.0030052 -0.0030052 0.003
      endloop
   endfacet
   facet normal 0.382683 -0.92388 0
      outer loop
         vertex 0.0016264 -0.00392649 0.0002
         vertex 0.0030052 -0.0030052 0.0002
         vertex 0.002625 -0.00325925 0.003
      endloop
   endfacet
   facet normal 0.707107 -0.707107 0
      outer loop
         vertex 0.0030052 -0.0030052 0.0002
         vertex 0.0030052 -0.0030052 0.003
         vertex 0.002625 -0.00325925 0.003
      endloop
   endfacet
   facet normal 0.382683 -0.92388 0
      outer loop
         vertex 0.0016264 -0.00392649 0.0002
         vertex 0.0016264 -0.00392649 0.003
         vertex 7.80712e-19 -0.00425 0.003
      endloop
   endfacet
   facet normal 1.83697e-16 -1 0
      outer loop
         vertex -7.80712e-19 -0.00425 0.0002
         vertex 7.80712e-19 -0.00425 0.003
         vertex -0.0016264 -0.00392649 0.003
      endloop
   endfacet
   facet normal -0.382683 -0.92388 0
      outer loop
         vertex -0.0016264 -0.00392649 0.0002
         vertex -0.0016264 -0.00392649 0.003
         vertex -0.0030052 -0.0030052 0.003
      endloop
   endfacet
   facet normal -0.707107 -0.707107 0
      outer loop
         vertex -0.0030052 -0.0030052 0.0002
         vertex -0.0030052 -0.0030052 0.003
         vertex -0.00392649 -0.0016264 0.003
      endloop
   endfacet
   facet normal -0.92388 -0.382683 0
      outer loop
         vertex -0.00392649 -0.0016264 0.0002
         vertex -0.00392649 -0.0016264 0.003
         vertex -0.00425 -1.04095e-18 0.003
      endloop
   endfacet
   facet normal -1 0 0
      outer loop
         vertex -0.00425 -1.04095e-18 0.003
         vertex -0.00425 5.20475e-19 0.0002
         vertex -0.00392649 -0.0016264 0.0002
      endloop
   endfacet
   facet normal -0.92388 -0.382683 0
      outer loop
         vertex -0.00392649 -0.0016264 0.003
         vertex -0.00392649 -0.0016264 0.0002
         vertex -0.0030052 -0.0030052 0.0002
      endloop
   endfacet
   facet normal -0.707107 -0.707107 0
      outer loop
         vertex -0.0030052 -0.0030052 0.003
         vertex -0.0030052 -0.0030052 0.0002
         vertex -0.0016264 -0.00392649 0.0002
      endloop
   endfacet
   facet normal -0.382683 -0.92388 0
      outer loop
         vertex -0.0016264 -0.00392649 0.003
         vertex -0.0016264 -0.00392649 0.0002
         vertex -7.80712e-19 -0.00425 0.0002
      endloop
   endfacet
   facet normal 1.83697e-16 -1 0
      outer loop
         vertex 7.80712e-19 -0.00425 0.003
         vertex -7.80712e-19 -0.00425 0.0002
         vertex 0.0016264 -0.00392649 0.0002
      endloop
   endfacet
   facet normal 0.627256 -0.778813 0
      outer loop
         vertex 0.002625 -0.00325925 0.003
         vertex 0.0016264 -0.00392649 0.003
         vertex 0.0016264 -0.00392649 0.0002
      endloop
   endfacet
   facet normal 0.707107 -0.707107 0
      outer loop
         vertex 0.0030052 -0.0030052 0.003
         vertex 0.0030052 -0.0030052 0.0002
         vertex 0.00392649 -0.0016264 0.0002
      endloop
   endfacet
   facet normal 0.92388 -0.382683 0
      outer loop
         vertex 0.00392649 -0.0016264 0.003
         vertex 0.00392649 -0.0016264 0.0002
         vertex 0.00425 0 0.0002
      endloop
   endfacet
   facet normal 1 1.22465e-16 0
      outer loop
         vertex 0.00425 5.20475e-19 0.003
         vertex 0.00425 0 0.0002
         vertex 0.00392649 0.0016264 0.0002
      endloop
   endfacet
   facet normal 0.92388 0.382683 0
      outer loop
         vertex 0.00392649 0.0016264 0.003
         vertex 0.00392649 0.0016264 0.0002
         vertex 0.0030052 0.0030052 0.0002
      endloop
   endfacet
   facet normal 0.627256 0.778813 0
      outer loop
         vertex 0.002625 0.00325925 0.003
         vertex 0.0030052 0.0030052 0.003
         vertex 0.0030052 0.0030052 0.0002
      endloop
   endfacet
   facet normal 0.382683 0.92388 0
      outer loop
         vertex 0.0016264 0.00392649 0.003
         vertex 0.0016264 0.00392649 0.0002
         vertex 2.60237e-19 0.00425 0.0002
      endloop
   endfacet
   facet normal 1.60812e-16 1 0
      outer loop
         vertex 6.83452e-19 0.00425 0.003
         vertex 2.60237e-19 0.00425 0.0002
         vertex -0.0016264 0.00392649 0.0002
      endloop
   endfacet
   facet normal -0.543248 0.839572 0
      outer loop
         vertex -0.00226469 0.0035 0.003
         vertex -0.0016264 0.00392649 0.003
         vertex -0.0016264 0.00392649 0.0002
      endloop
   endfacet
   facet normal -0.707107 0.707107 0
      outer loop
         vertex -0.0030052 0.0030052 0.003
         vertex -0.0030052 0.0030052 0.0002
         vertex -0.00392649 0.0016264 0.0002
      endloop
   endfacet
   facet normal -0.92388 0.382683 0
      outer loop
         vertex -0.00392649 0.0016264 0.003
         vertex -0.00392649 0.0016264 0.0002
         vertex -0.00425 5.20475e-19 0.0002
      endloop
   endfacet
   facet normal 0.382683 0 -0.92388
      outer loop
         vertex 0.00412654 0 1.52241e-05
         vertex 0.00405 -9.91964e-19 0
         vertex 0.00374171 0.00154987 0
      endloop
   endfacet
   facet normal 0.353553 0.146447 -0.92388
      outer loop
         vertex 0.00381242 0.00157916 1.52241e-05
         vertex 0.00374171 0.00154987 0
         vertex 0.00286378 0.00286378 0
      endloop
   endfacet
   facet normal 0.270598 0.270598 -0.92388
      outer loop
         vertex 0.0029179 0.0029179 1.52241e-05
         vertex 0.00286378 0.00286378 0
         vertex 0.00154987 0.00374171 0
      endloop
   endfacet
   facet normal 0.146447 0.353553 -0.92388
      outer loop
         vertex 0.00157916 0.00381242 1.52241e-05
         vertex 0.00154987 0.00374171 0
         vertex 2.47991e-19 0.00405 0
      endloop
   endfacet
   facet normal -4.24864e-17 0.382683 -0.92388
      outer loop
         vertex -4.58138e-19 0.00412654 1.52241e-05
         vertex 2.47991e-19 0.00405 0
         vertex -0.00154987 0.00374171 0
      endloop
   endfacet
   facet normal -0.146447 0.353553 -0.92388
      outer loop
         vertex -0.00157916 0.00381242 1.52241e-05
         vertex -0.00154987 0.00374171 0
         vertex -0.00286378 0.00286378 0
      endloop
   endfacet
   facet normal -0.270598 0.270598 -0.92388
      outer loop
         vertex -0.0029179 0.0029179 1.52241e-05
         vertex -0.00286378 0.00286378 0
         vertex -0.00374171 0.00154987 0
      endloop
   endfacet
   facet normal -0.353553 0.146447 -0.92388
      outer loop
         vertex -0.00381242 0.00157916 1.52241e-05
         vertex -0.00374171 0.00154987 0
         vertex -0.00405 4.95982e-19 0
      endloop
   endfacet
   facet normal -0.382683 -6.37296e-17 -0.92388
      outer loop
         vertex -0.00412654 -6.87206e-19 1.52241e-05
         vertex -0.00405 4.95982e-19 0
         vertex -0.00374171 -0.00154987 0
      endloop
   endfacet
   facet normal -0.353553 -0.146447 -0.92388
      outer loop
         vertex -0.00381242 -0.00157916 1.52241e-05
         vertex -0.00374171 -0.00154987 0
         vertex -0.00286378 -0.00286378 0
      endloop
   endfacet
   facet normal -0.270598 -0.270598 -0.92388
      outer loop
         vertex -0.0029179 -0.0029179 1.52241e-05
         vertex -0.00286378 -0.00286378 0
         vertex -0.00154987 -0.00374171 0
      endloop
   endfacet
   facet normal -0.146447 -0.353553 -0.92388
      outer loop
         vertex -0.00157916 -0.00381242 1.52241e-05
         vertex -0.00154987 -0.00374171 0
         vertex -7.43973e-19 -0.00405 0
      endloop
   endfacet
   facet normal 1.06216e-16 -0.382683 -0.92388
      outer loop
         vertex 1.14534e-18 -0.00412654 1.52241e-05
         vertex -7.43973e-19 -0.00405 0
         vertex 0.00154987 -0.00374171 0
      endloop
   endfacet
   facet normal 0.146447 -0.353553 -0.92388
      outer loop
         vertex 0.00157916 -0.00381242 1.52241e-05
         vertex 0.00154987 -0.00374171 0
         vertex 0.00286378 -0.00286378 0
      endloop
   endfacet
   facet normal 0.270598 -0.270598 -0.92388
      outer loop
         vertex 0.0029179 -0.0029179 1.52241e-05
         vertex 0.00286378 -0.00286378 0
         vertex 0.00374171 -0.00154987 0
      endloop
   endfacet
   facet normal 0.353553 -0.146447 -0.92388
      outer loop
         vertex 0.00381242 -0.00157916 1.52241e-05
         vertex 0.00374171 -0.00154987 0
         vertex 0.00405 -9.91964e-19 0
      endloop
   endfacet
   facet normal 0.707107 0 -0.707107
      outer loop
         vertex 0.00419142 0 5.85786e-05
         vertex 0.00412654 0 1.52241e-05
         vertex 0.00381242 0.00157916 1.52241e-05
      endloop
   endfacet
   facet normal 0.653281 0.270598 -0.707107
      outer loop
         vertex 0.00387237 0.00160399 5.85786e-05
         vertex 0.00381242 0.00157916 1.52241e-05
         vertex 0.0029179 0.0029179 1.52241e-05
      endloop
   endfacet
   facet normal 0.5 0.5 -0.707107
      outer loop
         vertex 0.00296378 0.00296378 5.85786e-05
         vertex 0.0029179 0.0029179 1.52241e-05
         vertex 0.00157916 0.00381242 1.52241e-05
      endloop
   endfacet
   facet normal 0.270598 0.653281 -0.707107
      outer loop
         vertex 0.00160399 0.00387237 5.85786e-05
         vertex 0.00157916 0.00381242 1.52241e-05
         vertex -4.58138e-19 0.00412654 1.52241e-05
      endloop
   endfacet
   facet normal -7.85046e-17 0.707107 -0.707107
      outer loop
         vertex -4.65341e-19 0.00419142 5.85786e-05
         vertex -4.58138e-19 0.00412654 1.52241e-05
         vertex -0.00157916 0.00381242 1.52241e-05
      endloop
   endfacet
   facet normal -0.270598 0.653281 -0.707107
      outer loop
         vertex -0.00160399 0.00387237 5.85786e-05
         vertex -0.00157916 0.00381242 1.52241e-05
         vertex -0.0029179 0.0029179 1.52241e-05
      endloop
   endfacet
   facet normal -0.5 0.5 -0.707107
      outer loop
         vertex -0.00296378 0.00296378 5.85786e-05
         vertex -0.0029179 0.0029179 1.52241e-05
         vertex -0.00381242 0.00157916 1.52241e-05
      endloop
   endfacet
   facet normal -0.653281 0.270598 -0.707107
      outer loop
         vertex -0.00387237 0.00160399 5.85786e-05
         vertex -0.00381242 0.00157916 1.52241e-05
         vertex -0.00412654 -6.87206e-19 1.52241e-05
      endloop
   endfacet
   facet normal -0.707107 -1.17757e-16 -0.707107
      outer loop
         vertex -0.00419142 -6.98012e-19 5.85786e-05
         vertex -0.00412654 -6.87206e-19 1.52241e-05
         vertex -0.00381242 -0.00157916 1.52241e-05
      endloop
   endfacet
   facet normal -0.653281 -0.270598 -0.707107
      outer loop
         vertex -0.00387237 -0.00160399 5.85786e-05
         vertex -0.00381242 -0.00157916 1.52241e-05
         vertex -0.0029179 -0.0029179 1.52241e-05
      endloop
   endfacet
   facet normal -0.5 -0.5 -0.707107
      outer loop
         vertex -0.00296378 -0.00296378 5.85786e-05
         vertex -0.0029179 -0.0029179 1.52241e-05
         vertex -0.00157916 -0.00381242 1.52241e-05
      endloop
   endfacet
   facet normal -0.270598 -0.653281 -0.707107
      outer loop
         vertex -0.00160399 -0.00387237 5.85786e-05
         vertex -0.00157916 -0.00381242 1.52241e-05
         vertex 1.14534e-18 -0.00412654 1.52241e-05
      endloop
   endfacet
   facet normal 1.96262e-16 -0.707107 -0.707107
      outer loop
         vertex 1.16335e-18 -0.00419142 5.85786e-05
         vertex 1.14534e-18 -0.00412654 1.52241e-05
         vertex 0.00157916 -0.00381242 1.52241e-05
      endloop
   endfacet
   facet normal 0.270598 -0.653281 -0.707107
      outer loop
         vertex 0.00160399 -0.00387237 5.85786e-05
         vertex 0.00157916 -0.00381242 1.52241e-05
         vertex 0.0029179 -0.0029179 1.52241e-05
      endloop
   endfacet
   facet normal 0.5 -0.5 -0.707107
      outer loop
         vertex 0.00296378 -0.00296378 5.85786e-05
         vertex 0.0029179 -0.0029179 1.52241e-05
         vertex 0.00381242 -0.00157916 1.52241e-05
      endloop
   endfacet
   facet normal 0.653281 -0.270598 -0.707107
      outer loop
         vertex 0.00387237 -0.00160399 5.85786e-05
         vertex 0.00381242 -0.00157916 1.52241e-05
         vertex 0.00412654 0 1.52241e-05
      endloop
   endfacet
   facet normal 0.92388 0 -0.382683
      outer loop
         vertex 0.00423478 0 0.000123463
         vertex 0.00419142 0 5.85786e-05
         vertex 0.00387237 0.00160399 5.85786e-05
      endloop
   endfacet
   facet normal 0.853553 0.353553 -0.382683
      outer loop
         vertex 0.00391242 0.00162058 0.000123463
         vertex 0.00387237 0.00160399 5.85786e-05
         vertex 0.00296378 0.00296378 5.85786e-05
      endloop
   endfacet
   facet normal 0.653281 0.653281 -0.382683
      outer loop
         vertex 0.00299444 0.00299444 0.000123463
         vertex 0.00296378 0.00296378 5.85786e-05
         vertex 0.00160399 0.00387237 5.85786e-05
      endloop
   endfacet
   facet normal 0.353553 0.853553 -0.382683
      outer loop
         vertex 0.00162058 0.00391242 0.000123463
         vertex 0.00160399 0.00387237 5.85786e-05
         vertex -4.65341e-19 0.00419142 5.85786e-05
      endloop
   endfacet
   facet normal -1.02571e-16 0.92388 -0.382683
      outer loop
         vertex -4.70155e-19 0.00423478 0.000123463
         vertex -4.65341e-19 0.00419142 5.85786e-05
         vertex -0.00160399 0.00387237 5.85786e-05
      endloop
   endfacet
   facet normal -0.353553 0.853553 -0.382683
      outer loop
         vertex -0.00162058 0.00391242 0.000123463
         vertex -0.00160399 0.00387237 5.85786e-05
         vertex -0.00296378 0.00296378 5.85786e-05
      endloop
   endfacet
   facet normal -0.653281 0.653281 -0.382683
      outer loop
         vertex -0.00299444 0.00299444 0.000123463
         vertex -0.00296378 0.00296378 5.85786e-05
         vertex -0.00387237 0.00160399 5.85786e-05
      endloop
   endfacet
   facet normal -0.853553 0.353553 -0.382683
      outer loop
         vertex -0.00391242 0.00162058 0.000123463
         vertex -0.00387237 0.00160399 5.85786e-05
         vertex -0.00419142 -6.98012e-19 5.85786e-05
      endloop
   endfacet
   facet normal -0.92388 -1.53857e-16 -0.382683
      outer loop
         vertex -0.00423478 -7.05232e-19 0.000123463
         vertex -0.00419142 -6.98012e-19 5.85786e-05
         vertex -0.00387237 -0.00160399 5.85786e-05
      endloop
   endfacet
   facet normal -0.853553 -0.353553 -0.382683
      outer loop
         vertex -0.00391242 -0.00162058 0.000123463
         vertex -0.00387237 -0.00160399 5.85786e-05
         vertex -0.00296378 -0.00296378 5.85786e-05
      endloop
   endfacet
   facet normal -0.653281 -0.653281 -0.382683
      outer loop
         vertex -0.00299444 -0.00299444 0.000123463
         vertex -0.00296378 -0.00296378 5.85786e-05
         vertex -0.00160399 -0.00387237 5.85786e-05
      endloop
   endfacet
   facet normal -0.353553 -0.853553 -0.382683
      outer loop
         vertex -0.00162058 -0.00391242 0.000123463
         vertex -0.00160399 -0.00387237 5.85786e-05
         vertex 1.16335e-18 -0.00419142 5.85786e-05
      endloop
   endfacet
   facet normal 2.56428e-16 -0.92388 -0.382683
      outer loop
         vertex 1.17539e-18 -0.00423478 0.000123463
         vertex 1.16335e-18 -0.00419142 5.85786e-05
         vertex 0.00160399 -0.00387237 5.85786e-05
      endloop
   endfacet
   facet normal 0.353553 -0.853553 -0.382683
      outer loop
         vertex 0.00162058 -0.00391242 0.000123463
         vertex 0.00160399 -0.00387237 5.85786e-05
         vertex 0.00296378 -0.00296378 5.85786e-05
      endloop
   endfacet
   facet normal 0.653281 -0.653281 -0.382683
      outer loop
         vertex 0.00299444 -0.00299444 0.000123463
         vertex 0.00296378 -0.00296378 5.85786e-05
         vertex 0.00387237 -0.00160399 5.85786e-05
      endloop
   endfacet
   facet normal 0.853553 -0.353553 -0.382683
      outer loop
         vertex 0.00391242 -0.00162058 0.000123463
         vertex 0.00387237 -0.00160399 5.85786e-05
         vertex 0.00419142 0 5.85786e-05
      endloop
   endfacet
   facet normal 1 0 0
      outer loop
         vertex 0.00425 0 0.0002
         vertex 0.00423478 0 0.000123463
         vertex 0.00391242 0.00162058 0.000123463
      endloop
   endfacet
   facet normal 0.92388 0.382683 0
      outer loop
         vertex 0.00392649 0.0016264 0.0002
         vertex 0.00391242 0.00162058 0.000123463
         vertex 0.00299444 0.00299444 0.000123463
      endloop
   endfacet
   facet normal 0.707107 0.707107 0
      outer loop
         vertex 0.0030052 0.0030052 0.0002
         vertex 0.00299444 0.00299444 0.000123463
         vertex 0.00162058 0.00391242 0.000123463
      endloop
   endfacet
   facet normal 0.382683 0.92388 0
      outer loop
         vertex 0.0016264 0.00392649 0.0002
         vertex 0.00162058 0.00391242 0.000123463
         vertex -4.70155e-19 0.00423478 0.000123463
      endloop
   endfacet
   facet normal -1.11022e-16 1 0
      outer loop
         vertex 2.60237e-19 0.00425 0.0002
         vertex -4.70155e-19 0.00423478 0.000123463
         vertex -0.00162058 0.00391242 0.000123463
      endloop
   endfacet
   facet normal -0.382683 0.92388 0
      outer loop
         vertex -0.0016264 0.00392649 0.0002
         vertex -0.00162058 0.00391242 0.000123463
         vertex -0.00299444 0.00299444 0.000123463
      endloop
   endfacet
   facet normal -0.707107 0.707107 0
      outer loop
         vertex -0.0030052 0.0030052 0.0002
         vertex -0.00299444 0.00299444 0.000123463
         vertex -0.00391242 0.00162058 0.000123463
      endloop
   endfacet
   facet normal -0.92388 0.382683 0
      outer loop
         vertex -0.00392649 0.0016264 0.0002
         vertex -0.00391242 0.00162058 0.000123463
         vertex -0.00423478 -7.05232e-19 0.000123463
      endloop
   endfacet
   facet normal -1 -1.66533e-16 0
      outer loop
         vertex -0.00425 5.20475e-19 0.0002
         vertex -0.00423478 -7.05232e-19 0.000123463
         vertex -0.00391242 -0.00162058 0.000123463
      endloop
   endfacet
   facet normal -0.92388 -0.382683 0
      outer loop
         vertex -0.00392649 -0.0016264 0.0002
         vertex -0.00391242 -0.00162058 0.000123463
         vertex -0.00299444 -0.00299444 0.000123463
      endloop
   endfacet
   facet normal -0.707107 -0.707107 0
      outer loop
         vertex -0.0030052 -0.0030052 0.0002
         vertex -0.00299444 -0.00299444 0.000123463
         vertex -0.00162058 -0.00391242 0.000123463
      endloop
   endfacet
   facet normal -0.382683 -0.92388 0
      outer loop
         vertex -0.0016264 -0.00392649 0.0002
         vertex -0.00162058 -0.00391242 0.000123463
         vertex 1.17539e-18 -0.00423478 0.000123463
      endloop
   endfacet
   facet normal 2.77556e-16 -1 0
      outer loop
         vertex -7.80712e-19 -0.00425 0.0002
         vertex 1.17539e-18 -0.00423478 0.000123463
         vertex 0.00162058 -0.00391242 0.000123463
      endloop
   endfacet
   facet normal 0.382683 -0.92388 0
      outer loop
         vertex 0.0016264 -0.00392649 0.0002
         vertex 0.00162058 -0.00391242 0.000123463
         vertex 0.00299444 -0.00299444 0.000123463
      endloop
   endfacet
   facet normal 0.707107 -0.707107 0
      outer loop
         vertex 0.0030052 -0.0030052 0.0002
         vertex 0.00299444 -0.00299444 0.000123463
         vertex 0.00391242 -0.00162058 0.000123463
      endloop
   endfacet
   facet normal 0.92388 -0.382683 0
      outer loop
         vertex 0.00392649 -0.0016264 0.0002
         vertex 0.00391242 -0.00162058 0.000123463
         vertex 0.00423478 0 0.000123463
      endloop
   endfacet
   facet normal 0.92388 0 -0.382683
      outer loop
         vertex 0.00423478 0 0.000123463
         vertex 0.00425 0 0.0002
         vertex 0.00392649 -0.0016264 0.0002
      endloop
   endfacet
   facet normal 0.853553 -0.353553 -0.382683
      outer loop
         vertex 0.00391242 -0.00162058 0.000123463
         vertex 0.00392649 -0.0016264 0.0002
         vertex 0.0030052 -0.0030052 0.0002
      endloop
   endfacet
   facet normal 0.653281 -0.653281 -0.382683
      outer loop
         vertex 0.00299444 -0.00299444 0.000123463
         vertex 0.0030052 -0.0030052 0.0002
         vertex 0.0016264 -0.00392649 0.0002
      endloop
   endfacet
   facet normal 0.353553 -0.853553 -0.382683
      outer loop
         vertex 0.00162058 -0.00391242 0.000123463
         vertex 0.0016264 -0.00392649 0.0002
         vertex -7.80712e-19 -0.00425 0.0002
      endloop
   endfacet
   facet normal 2.56428e-16 -0.92388 -0.382683
      outer loop
         vertex 1.17539e-18 -0.00423478 0.000123463
         vertex -7.80712e-19 -0.00425 0.0002
         vertex -0.0016264 -0.00392649 0.0002
      endloop
   endfacet
   facet normal -0.353553 -0.853553 -0.382683
      outer loop
         vertex -0.00162058 -0.00391242 0.000123463
         vertex -0.0016264 -0.00392649 0.0002
         vertex -0.0030052 -0.0030052 0.0002
      endloop
   endfacet
   facet normal -0.653281 -0.653281 -0.382683
      outer loop
         vertex -0.00299444 -0.00299444 0.000123463
         vertex -0.0030052 -0.0030052 0.0002
         vertex -0.00392649 -0.0016264 0.0002
      endloop
   endfacet
   facet normal -0.853553 -0.353553 -0.382683
      outer loop
         vertex -0.00391242 -0.00162058 0.000123463
         vertex -0.00392649 -0.0016264 0.0002
         vertex -0.00425 5.20475e-19 0.0002
      endloop
   endfacet
   facet normal -0.92388 -1.53857e-16 -0.382683
      outer loop
         vertex -0.00423478 -7.05232e-19 0.000123463
         vertex -0.00425 5.20475e-19 0.0002
         vertex -0.00392649 0.0016264 0.0002
      endloop
   endfacet
   facet normal -0.853553 0.353553 -0.382683
      outer loop
         vertex -0.00391242 0.00162058 0.000123463
         vertex -0.00392649 0.0016264 0.0002
         vertex -0.0030052 0.0030052 0.0002
      endloop
   endfacet
   facet normal -0.653281 0.653281 -0.382683
      outer loop
         vertex -0.00299444 0.00299444 0.000123463
         vertex -0.0030052 0.0030052 0.0002
         vertex -0.0016264 0.00392649 0.0002
      endloop
   endfacet
   facet normal -0.353553 0.853553 -0.382683
      outer loop
         vertex -0.00162058 0.00391242 0.000123463
         vertex -0.0016264 0.00392649 0.0002
         vertex 2.60237e-19 0.00425 0.0002
      endloop
   endfacet
   facet normal -1.02571e-16 0.92388 -0.382683
      outer loop
         vertex -4.70155e-19 0.00423478 0.000123463
         vertex 2.60237e-19 0.00425 0.0002
         vertex 0.0016264 0.00392649 0.0002
      endloop
   endfacet
   facet normal 0.353553 0.853553 -0.382683
      outer loop
         vertex 0.00162058 0.00391242 0.000123463
         vertex 0.0016264 0.00392649 0.0002
         vertex 0.0030052 0.0030052 0.0002
      endloop
   endfacet
   facet normal 0.653281 0.653281 -0.382683
      outer loop
         vertex 0.00299444 0.00299444 0.000123463
         vertex 0.0030052 0.0030052 0.0002
         vertex 0.00392649 0.0016264 0.0002
      endloop
   endfacet
   facet normal 0.853553 0.353553 -0.382683
      outer loop
         vertex 0.00391242 0.00162058 0.000123463
         vertex 0.00392649 0.0016264 0.0002
         vertex 0.00425 0 0.0002
      endloop
   endfacet
   facet normal 0.707107 0 -0.707107
      outer loop
         vertex 0.00419142 0 5.85786e-05
         vertex 0.00423478 0 0.000123463
         vertex 0.00391242 -0.00162058 0.000123463
      endloop
   endfacet
   facet normal 0.653281 -0.270598 -0.707107
      outer loop
         vertex 0.00387237 -0.00160399 5.85786e-05
         vertex 0.00391242 -0.00162058 0.000123463
         vertex 0.00299444 -0.00299444 0.000123463
      endloop
   endfacet
   facet normal 0.5 -0.5 -0.707107
      outer loop
         vertex 0.00296378 -0.00296378 5.85786e-05
         vertex 0.00299444 -0.00299444 0.000123463
         vertex 0.00162058 -0.00391242 0.000123463
      endloop
   endfacet
   facet normal 0.270598 -0.653281 -0.707107
      outer loop
         vertex 0.00160399 -0.00387237 5.85786e-05
         vertex 0.00162058 -0.00391242 0.000123463
         vertex 1.17539e-18 -0.00423478 0.000123463
      endloop
   endfacet
   facet normal 1.96262e-16 -0.707107 -0.707107
      outer loop
         vertex 1.16335e-18 -0.00419142 5.85786e-05
         vertex 1.17539e-18 -0.00423478 0.000123463
         vertex -0.00162058 -0.00391242 0.000123463
      endloop
   endfacet
   facet normal -0.270598 -0.653281 -0.707107
      outer loop
         vertex -0.00160399 -0.00387237 5.85786e-05
         vertex -0.00162058 -0.00391242 0.000123463
         vertex -0.00299444 -0.00299444 0.000123463
      endloop
   endfacet
   facet normal -0.5 -0.5 -0.707107
      outer loop
         vertex -0.00296378 -0.00296378 5.85786e-05
         vertex -0.00299444 -0.00299444 0.000123463
         vertex -0.00391242 -0.00162058 0.000123463
      endloop
   endfacet
   facet normal -0.653281 -0.270598 -0.707107
      outer loop
         vertex -0.00387237 -0.00160399 5.85786e-05
         vertex -0.00391242 -0.00162058 0.000123463
         vertex -0.00423478 -7.05232e-19 0.000123463
      endloop
   endfacet
   facet normal -0.707107 -1.17757e-16 -0.707107
      outer loop
         vertex -0.00419142 -6.98012e-19 5.85786e-05
         vertex -0.00423478 -7.05232e-19 0.000123463
         vertex -0.00391242 0.00162058 0.000123463
      endloop
   endfacet
   facet normal -0.653281 0.270598 -0.707107
      outer loop
         vertex -0.00387237 0.00160399 5.85786e-05
         vertex -0.00391242 0.00162058 0.000123463
         vertex -0.00299444 0.00299444 0.000123463
      endloop
   endfacet
   facet normal -0.5 0.5 -0.707107
      outer loop
         vertex -0.00296378 0.00296378 5.85786e-05
         vertex -0.00299444 0.00299444 0.000123463
         vertex -0.00162058 0.00391242 0.000123463
      endloop
   endfacet
   facet normal -0.270598 0.653281 -0.707107
      outer loop
         vertex -0.00160399 0.00387237 5.85786e-05
         vertex -0.00162058 0.00391242 0.000123463
         vertex -4.70155e-19 0.00423478 0.000123463
      endloop
   endfacet
   facet normal -7.85046e-17 0.707107 -0.707107
      outer loop
         vertex -4.65341e-19 0.00419142 5.85786e-05
         vertex -4.70155e-19 0.00423478 0.000123463
         vertex 0.00162058 0.00391242 0.000123463
      endloop
   endfacet
   facet normal 0.270598 0.653281 -0.707107
      outer loop
         vertex 0.00160399 0.00387237 5.85786e-05
         vertex 0.00162058 0.00391242 0.000123463
         vertex 0.00299444 0.00299444 0.000123463
      endloop
   endfacet
   facet normal 0.5 0.5 -0.707107
      outer loop
         vertex 0.00296378 0.00296378 5.85786e-05
         vertex 0.00299444 0.00299444 0.000123463
         vertex 0.00391242 0.00162058 0.000123463
      endloop
   endfacet
   facet normal 0.653281 0.270598 -0.707107
      outer loop
         vertex 0.00387237 0.00160399 5.85786e-05
         vertex 0.00391242 0.00162058 0.000123463
         vertex 0.00423478 0 0.000123463
      endloop
   endfacet
   facet normal 0.382683 0 -0.92388
      outer loop
         vertex 0.00412654 0 1.52241e-05
         vertex 0.00419142 0 5.85786e-05
         vertex 0.00387237 -0.00160399 5.85786e-05
      endloop
   endfacet
   facet normal 0.353553 -0.146447 -0.92388
      outer loop
         vertex 0.00381242 -0.00157916 1.52241e-05
         vertex 0.00387237 -0.00160399 5.85786e-05
         vertex 0.00296378 -0.00296378 5.85786e-05
      endloop
   endfacet
   facet normal 0.270598 -0.270598 -0.92388
      outer loop
         vertex 0.0029179 -0.0029179 1.52241e-05
         vertex 0.00296378 -0.00296378 5.85786e-05
         vertex 0.00160399 -0.00387237 5.85786e-05
      endloop
   endfacet
   facet normal 0.146447 -0.353553 -0.92388
      outer loop
         vertex 0.00157916 -0.00381242 1.52241e-05
         vertex 0.00160399 -0.00387237 5.85786e-05
         vertex 1.16335e-18 -0.00419142 5.85786e-05
      endloop
   endfacet
   facet normal 1.06216e-16 -0.382683 -0.92388
      outer loop
         vertex 1.14534e-18 -0.00412654 1.52241e-05
         vertex 1.16335e-18 -0.00419142 5.85786e-05
         vertex -0.00160399 -0.00387237 5.85786e-05
      endloop
   endfacet
   facet normal -0.146447 -0.353553 -0.92388
      outer loop
         vertex -0.00157916 -0.00381242 1.52241e-05
         vertex -0.00160399 -0.00387237 5.85786e-05
         vertex -0.00296378 -0.00296378 5.85786e-05
      endloop
   endfacet
   facet normal -0.270598 -0.270598 -0.92388
      outer loop
         vertex -0.0029179 -0.0029179 1.52241e-05
         vertex -0.00296378 -0.00296378 5.85786e-05
         vertex -0.00387237 -0.00160399 5.85786e-05
      endloop
   endfacet
   facet normal -0.353553 -0.146447 -0.92388
      outer loop
         vertex -0.00381242 -0.00157916 1.52241e-05
         vertex -0.00387237 -0.00160399 5.85786e-05
         vertex -0.00419142 -6.98012e-19 5.85786e-05
      endloop
   endfacet
   facet normal -0.382683 -6.37296e-17 -0.92388
      outer loop
         vertex -0.00412654 -6.87206e-19 1.52241e-05
         vertex -0.00419142 -6.98012e-19 5.85786e-05
         vertex -0.00387237 0.00160399 5.85786e-05
      endloop
   endfacet
   facet normal -0.353553 0.146447 -0.92388
      outer loop
         vertex -0.00381242 0.00157916 1.52241e-05
         vertex -0.00387237 0.00160399 5.85786e-05
         vertex -0.00296378 0.00296378 5.85786e-05
      endloop
   endfacet
   facet normal -0.270598 0.270598 -0.92388
      outer loop
         vertex -0.0029179 0.0029179 1.52241e-05
         vertex -0.00296378 0.00296378 5.85786e-05
         vertex -0.00160399 0.00387237 5.85786e-05
      endloop
   endfacet
   facet normal -0.146447 0.353553 -0.92388
      outer loop
         vertex -0.00157916 0.00381242 1.52241e-05
         vertex -0.00160399 0.00387237 5.85786e-05
         vertex -4.65341e-19 0.00419142 5.85786e-05
      endloop
   endfacet
   facet normal -4.24864e-17 0.382683 -0.92388
      outer loop
         vertex -4.58138e-19 0.00412654 1.52241e-05
         vertex -4.65341e-19 0.00419142 5.85786e-05
         vertex 0.00160399 0.00387237 5.85786e-05
      endloop
   endfacet
   facet normal 0.146447 0.353553 -0.92388
      outer loop
         vertex 0.00157916 0.00381242 1.52241e-05
         vertex 0.00160399 0.00387237 5.85786e-05
         vertex 0.00296378 0.00296378 5.85786e-05
      endloop
   endfacet
   facet normal 0.270598 0.270598 -0.92388
      outer loop
         vertex 0.0029179 0.0029179 1.52241e-05
         vertex 0.00296378 0.00296378 5.85786e-05
         vertex 0.00387237 0.00160399 5.85786e-05
      endloop
   endfacet
   facet normal 0.353553 0.146447 -0.92388
      outer loop
         vertex 0.00381242 0.00157916 1.52241e-05
         vertex 0.00387237 0.00160399 5.85786e-05
         vertex 0.00419142 0 5.85786e-05
      endloop
   endfacet
   facet normal 0 0 -1
      outer loop
         vertex 0.00405 -9.91964e-19 0
         vertex 0.00412654 0 1.52241e-05
         vertex 0.00381242 -0.00157916 1.52241e-05
      endloop
   endfacet
   facet normal 5.65713e-17 -2.34326e-17 -1
      outer loop
         vertex 0.00374171 -0.00154987 0
         vertex 0.00381242 -0.00157916 1.52241e-05
         vertex 0.0029179 -0.0029179 1.52241e-05
      endloop
   endfacet
   facet normal 2.34326e-17 -5.65713e-17 -1
      outer loop
         vertex 0.00286378 -0.00286378 0
         vertex 0.0029179 -0.0029179 1.52241e-05
         vertex 0.00157916 -0.00381242 1.52241e-05
      endloop
   endfacet
   facet normal 2.34326e-17 -5.65713e-17 -1
      outer loop
         vertex 0.00154987 -0.00374171 0
         vertex 0.00157916 -0.00381242 1.52241e-05
         vertex 1.14534e-18 -0.00412654 1.52241e-05
      endloop
   endfacet
   facet normal -2.34326e-17 -5.65713e-17 -1
      outer loop
         vertex -7.43973e-19 -0.00405 0
         vertex 1.14534e-18 -0.00412654 1.52241e-05
         vertex -0.00157916 -0.00381242 1.52241e-05
      endloop
   endfacet
   facet normal -2.34326e-17 -5.65713e-17 -1
      outer loop
         vertex -0.00154987 -0.00374171 0
         vertex -0.00157916 -0.00381242 1.52241e-05
         vertex -0.0029179 -0.0029179 1.52241e-05
      endloop
   endfacet
   facet normal -5.65713e-17 -2.34326e-17 -1
      outer loop
         vertex -0.00286378 -0.00286378 0
         vertex -0.0029179 -0.0029179 1.52241e-05
         vertex -0.00381242 -0.00157916 1.52241e-05
      endloop
   endfacet
   facet normal -5.65713e-17 -2.34326e-17 -1
      outer loop
         vertex -0.00374171 -0.00154987 0
         vertex -0.00381242 -0.00157916 1.52241e-05
         vertex -0.00412654 -6.87206e-19 1.52241e-05
      endloop
   endfacet
   facet normal -5.65713e-17 2.34326e-17 -1
      outer loop
         vertex -0.00405 4.95982e-19 0
         vertex -0.00412654 -6.87206e-19 1.52241e-05
         vertex -0.00381242 0.00157916 1.52241e-05
      endloop
   endfacet
   facet normal -5.65713e-17 2.34326e-17 -1
      outer loop
         vertex -0.00374171 0.00154987 0
         vertex -0.00381242 0.00157916 1.52241e-05
         vertex -0.0029179 0.0029179 1.52241e-05
      endloop
   endfacet
   facet normal -2.34326e-17 5.65713e-17 -1
      outer loop
         vertex -0.00286378 0.00286378 0
         vertex -0.0029179 0.0029179 1.52241e-05
         vertex -0.00157916 0.00381242 1.52241e-05
      endloop
   endfacet
   facet normal -2.34326e-17 5.65713e-17 -1
      outer loop
         vertex -0.00154987 0.00374171 0
         vertex -0.00157916 0.00381242 1.52241e-05
         vertex -4.58138e-19 0.00412654 1.52241e-05
      endloop
   endfacet
   facet normal 2.34326e-17 5.65713e-17 -1
      outer loop
         vertex 2.47991e-19 0.00405 0
         vertex -4.58138e-19 0.00412654 1.52241e-05
         vertex 0.00157916 0.00381242 1.52241e-05
      endloop
   endfacet
   facet normal 2.34326e-17 5.65713e-17 -1
      outer loop
         vertex 0.00154987 0.00374171 0
         vertex 0.00157916 0.00381242 1.52241e-05
         vertex 0.0029179 0.0029179 1.52241e-05
      endloop
   endfacet
   facet normal 0 0 -1
      outer loop
         vertex 0.00286378 0.00286378 0
         vertex 0.0029179 0.0029179 1.52241e-05
         vertex 0.00381242 0.00157916 1.52241e-05
      endloop
   endfacet
   facet normal 0 0 -1
      outer loop
         vertex 0.00374171 0.00154987 0
         vertex 0.00381242 0.00157916 1.52241e-05
         vertex 0.00412654 0 1.52241e-05
      endloop
   endfacet
   facet normal 0 0 -1
      outer loop
         vertex 0.00286378 0.00286378 0
         vertex 0.00190671 0.00231613 0
         vertex 0.00174371 0.0024412 0
      endloop
   endfacet
   facet normal 0 0 -1
      outer loop
         vertex 0.00231613 0.00190671 0
         vertex 0.00183848 0.00183848 0
         vertex 0.00190671 0.00231613 0
      endloop
   endfacet
   facet normal 0 0 -1
      outer loop
         vertex 0.00295918 0.000493199 0
         vertex 0.00251141 0.00067293 0
         vertex 0.00280933 0.00105247 0
      endloop
   endfacet
   facet normal 0 0 -1
      outer loop
         vertex 0.00190671 0.00231613 0
         vertex 0.00286378 0.00286378 0
         vertex 0.00231613 0.00190671 0
      endloop
   endfacet
   facet normal 0 0 -1
      outer loop
         vertex 0.00286378 0.00286378 0
         vertex 0.00374171 0.00154987 0
         vertex 0.0024412 0.00174371 0
      endloop
   endfacet
   facet normal 0 0 -1
      outer loop
         vertex 0.0024412 0.00174371 0
         vertex 0.00374171 0.00154987 0
         vertex 0.0027307 0.00124229 0
      endloop
   endfacet
   facet normal 0 0 -1
      outer loop
         vertex 0.00280933 0.00105247 0
         vertex 0.00374171 0.00154987 0
         vertex 0.00295918 0.000493199 0
      endloop
   endfacet
   facet normal 0 0 -1
      outer loop
         vertex 0.002986 -0.000289499 0
         vertex 0.0026 -9.07785e-18 0
         vertex 0.002986 0.000289499 0
      endloop
   endfacet
   facet normal 0 0 -1
      outer loop
         vertex 0.00405 -9.91964e-19 0
         vertex 0.00374171 -0.00154987 0
         vertex 0.00295918 -0.000493199 0
      endloop
   endfacet
   facet normal 0 0 -1
      outer loop
         vertex 0.0027307 -0.00124229 0
         vertex 0.00286378 -0.00286378 0
         vertex 0.0024412 -0.00174371 0
      endloop
   endfacet
   facet normal 0 0 -1
      outer loop
         vertex 0.0024412 0.00174371 0
         vertex 0.00231613 0.00190671 0
         vertex 0.00286378 0.00286378 0
      endloop
   endfacet
   facet normal 0 0 -1
      outer loop
         vertex 0.00280933 0.00105247 0
         vertex 0.0027307 0.00124229 0
         vertex 0.00374171 0.00154987 0
      endloop
   endfacet
   facet normal 0 0 -1
      outer loop
         vertex 0.00405 -9.91964e-19 0
         vertex 0.002986 0.000289499 0
         vertex 0.00295918 0.000493199 0
      endloop
   endfacet
   facet normal 0 0 -1
      outer loop
         vertex 0.00295918 -0.000493199 0
         vertex 0.002986 -0.000289499 0
         vertex 0.00405 -9.91964e-19 0
      endloop
   endfacet
   facet normal 0 0 -1
      outer loop
         vertex 0.00374171 -0.00154987 0
         vertex 0.00286378 -0.00286378 0
         vertex 0.0027307 -0.00124229 0
      endloop
   endfacet
   facet normal 0 0 -1
      outer loop
         vertex 0.00286378 -0.00286378 0
         vertex 0.00231613 -0.00190671 0
         vertex 0.0024412 -0.00174371 0
      endloop
   endfacet
   facet normal 0 0 -1
      outer loop
         vertex 0.0027307 0.00124229 0
         vertex 0.00225167 0.0013 0
         vertex 0.0024412 0.00174371 0
      endloop
   endfacet
   facet normal 0 0 -1
      outer loop
         vertex 0.002986 0.000289499 0
         vertex 0.00405 -9.91964e-19 0
         vertex 0.002986 -0.000289499 0
      endloop
   endfacet
   facet normal 0 0 -1
      outer loop
         vertex 0.00295918 -0.000493199 0
         vertex 0.00374171 -0.00154987 0
         vertex 0.00280933 -0.00105247 0
      endloop
   endfacet
   facet normal 0 0 -1
      outer loop
         vertex 0.0024412 -0.00174371 0
         vertex 0.00225167 -0.0013 0
         vertex 0.0027307 -0.00124229 0
      endloop
   endfacet
   facet normal 0 0 -1
      outer loop
         vertex -0.00295918 -0.000493199 0
         vertex -0.00251141 -0.00067293 0
         vertex -0.00280933 -0.00105247 0
      endloop
   endfacet
   facet normal 0 0 -1
      outer loop
         vertex -0.00174371 0.0024412 0
         vertex -0.00154987 0.00374171 0
         vertex -0.00124229 0.0027307 0
      endloop
   endfacet
   facet normal 0 0 -1
      outer loop
         vertex -0.00154987 0.00374171 0
         vertex 2.47991e-19 0.00405 0
         vertex -0.00105247 0.00280933 0
      endloop
   endfacet
   facet normal 0 0 -1
      outer loop
         vertex -0.000289499 0.002986 0
         vertex 2.47991e-19 0.00405 0
         vertex 0.000289499 0.002986 0
      endloop
   endfacet
   facet normal 0 0 -1
      outer loop
         vertex 0.00295918 0.000493199 0
         vertex 0.00374171 0.00154987 0
         vertex 0.00405 -9.91964e-19 0
      endloop
   endfacet
   facet normal 0 0 -1
      outer loop
         vertex 0.0027307 -0.00124229 0
         vertex 0.00280933 -0.00105247 0
         vertex 0.00374171 -0.00154987 0
      endloop
   endfacet
   facet normal 0 0 -1
      outer loop
         vertex 0.00190671 -0.00231613 0
         vertex 0.00183848 -0.00183848 0
         vertex 0.00231613 -0.00190671 0
      endloop
   endfacet
   facet normal 0 0 -1
      outer loop
         vertex 0.00286378 -0.00286378 0
         vertex 0.00154987 -0.00374171 0
         vertex 0.00174371 -0.0024412 0
      endloop
   endfacet
   facet normal 0 0 -1
      outer loop
         vertex -7.43973e-19 -0.00405 0
         vertex 0.000289499 -0.002986 0
         vertex 0.000493199 -0.00295918 0
      endloop
   endfacet
   facet normal 0 0 -1
      outer loop
         vertex 0.000289499 -0.002986 0
         vertex -7.43973e-19 -0.00405 0
         vertex -0.000289499 -0.002986 0
      endloop
   endfacet
   facet normal 0 0 -1
      outer loop
         vertex -0.00231613 -0.00190671 0
         vertex -0.00183848 -0.00183848 0
         vertex -0.00190671 -0.00231613 0
      endloop
   endfacet
   facet normal 0 0 -1
      outer loop
         vertex -0.00286378 -0.00286378 0
         vertex -0.00374171 -0.00154987 0
         vertex -0.0024412 -0.00174371 0
      endloop
   endfacet
   facet normal 0 0 -1
      outer loop
         vertex -0.0024412 -0.00174371 0
         vertex -0.00374171 -0.00154987 0
         vertex -0.0027307 -0.00124229 0
      endloop
   endfacet
   facet normal 0 0 -1
      outer loop
         vertex -0.00280933 -0.00105247 0
         vertex -0.00374171 -0.00154987 0
         vertex -0.00295918 -0.000493199 0
      endloop
   endfacet
   facet normal 0 0 -1
      outer loop
         vertex -0.00190671 0.00231613 0
         vertex -0.00183848 0.00183848 0
         vertex -0.00231613 0.00190671 0
      endloop
   endfacet
   facet normal 0 0 -1
      outer loop
         vertex -0.00286378 0.00286378 0
         vertex -0.00154987 0.00374171 0
         vertex -0.00174371 0.0024412 0
      endloop
   endfacet
   facet normal 0 0 -1
      outer loop
         vertex -0.00105247 0.00280933 0
         vertex -0.00124229 0.0027307 0
         vertex -0.00154987 0.00374171 0
      endloop
   endfacet
   facet normal 0 0 -1
      outer loop
         vertex 0.000289499 0.002986 0
         vertex 0 0.0026 0
         vertex -0.000289499 0.002986 0
      endloop
   endfacet
   facet normal 0 0 -1
      outer loop
         vertex 2.47991e-19 0.00405 0
         vertex 0.00154987 0.00374171 0
         vertex 0.000493199 0.00295918 0
      endloop
   endfacet
   facet normal 0 0 -1
      outer loop
         vertex 0.000493199 0.00295918 0
         vertex 0.00154987 0.00374171 0
         vertex 0.00105247 0.00280933 0
      endloop
   endfacet
   facet normal 0 0 -1
      outer loop
         vertex 0.00280933 -0.00105247 0
         vertex 0.00251141 -0.00067293 0
         vertex 0.00295918 -0.000493199 0
      endloop
   endfacet
   facet normal 0 0 -1
      outer loop
         vertex 0.00174371 -0.0024412 0
         vertex 0.00190671 -0.00231613 0
         vertex 0.00286378 -0.00286378 0
      endloop
   endfacet
   facet normal 0 0 -1
      outer loop
         vertex 0.00174371 -0.0024412 0
         vertex 0.00154987 -0.00374171 0
         vertex 0.00124229 -0.0027307 0
      endloop
   endfacet
   facet normal 0 0 -1
      outer loop
         vertex -0.000289499 -0.002986 0
         vertex 0 -0.0026 0
         vertex 0.000289499 -0.002986 0
      endloop
   endfacet
   facet normal 0 0 -1
      outer loop
         vertex -7.43973e-19 -0.00405 0
         vertex -0.00154987 -0.00374171 0
         vertex -0.000493199 -0.00295918 0
      endloop
   endfacet
   facet normal 0 0 -1
      outer loop
         vertex -0.000493199 -0.00295918 0
         vertex -0.00154987 -0.00374171 0
         vertex -0.00105247 -0.00280933 0
      endloop
   endfacet
   facet normal 0 0 -1
      outer loop
         vertex -0.00154987 -0.00374171 0
         vertex -0.00286378 -0.00286378 0
         vertex -0.00124229 -0.0027307 0
      endloop
   endfacet
   facet normal 0 0 -1
      outer loop
         vertex -0.00124229 -0.0027307 0
         vertex -0.00286378 -0.00286378 0
         vertex -0.00174371 -0.0024412 0
      endloop
   endfacet
   facet normal 0 0 -1
      outer loop
         vertex -0.0024412 -0.00174371 0
         vertex -0.00231613 -0.00190671 0
         vertex -0.00286378 -0.00286378 0
      endloop
   endfacet
   facet normal 0 0 -1
      outer loop
         vertex -0.00280933 -0.00105247 0
         vertex -0.0027307 -0.00124229 0
         vertex -0.00374171 -0.00154987 0
      endloop
   endfacet
   facet normal 0 0 -1
      outer loop
         vertex -0.00295918 0.000493199 0
         vertex -0.00374171 0.00154987 0
         vertex -0.00280933 0.00105247 0
      endloop
   endfacet
   facet normal 0 0 -1
      outer loop
         vertex -0.00374171 0.00154987 0
         vertex -0.00286378 0.00286378 0
         vertex -0.0027307 0.00124229 0
      endloop
   endfacet
   facet normal 0 0 -1
      outer loop
         vertex -0.00231613 0.00190671 0
         vertex -0.00286378 0.00286378 0
         vertex -0.00190671 0.00231613 0
      endloop
   endfacet
   facet normal 0 0 -1
      outer loop
         vertex -0.00124229 0.0027307 0
         vertex -0.0013 0.00225167 0
         vertex -0.00174371 0.0024412 0
      endloop
   endfacet
   facet normal 0 0 -1
      outer loop
         vertex 0.000493199 0.00295918 0
         vertex 0.000289499 0.002986 0
         vertex 2.47991e-19 0.00405 0
      endloop
   endfacet
   facet normal 0 0 -1
      outer loop
         vertex 0.00154987 0.00374171 0
         vertex 0.00124229 0.0027307 0
         vertex 0.00105247 0.00280933 0
      endloop
   endfacet
   facet normal 0 0 -1
      outer loop
         vertex 0.00231613 -0.00190671 0
         vertex 0.00286378 -0.00286378 0
         vertex 0.00190671 -0.00231613 0
      endloop
   endfacet
   facet normal 0 0 -1
      outer loop
         vertex 0.00154987 -0.00374171 0
         vertex 0.00105247 -0.00280933 0
         vertex 0.00124229 -0.0027307 0
      endloop
   endfacet
   facet normal 0 0 -1
      outer loop
         vertex -0.000493199 -0.00295918 0
         vertex -0.000289499 -0.002986 0
         vertex -7.43973e-19 -0.00405 0
      endloop
   endfacet
   facet normal 0 0 -1
      outer loop
         vertex -0.00124229 -0.0027307 0
         vertex -0.00105247 -0.00280933 0
         vertex -0.00154987 -0.00374171 0
      endloop
   endfacet
   facet normal 0 0 -1
      outer loop
         vertex -0.00286378 -0.00286378 0
         vertex -0.00190671 -0.00231613 0
         vertex -0.00174371 -0.0024412 0
      endloop
   endfacet
   facet normal 0 0 -1
      outer loop
         vertex -0.0027307 -0.00124229 0
         vertex -0.00225167 -0.0013 0
         vertex -0.0024412 -0.00174371 0
      endloop
   endfacet
   facet normal 0 0 -1
      outer loop
         vertex -0.00405 4.95982e-19 0
         vertex -0.00374171 0.00154987 0
         vertex -0.00295918 0.000493199 0
      endloop
   endfacet
   facet normal 0 0 -1
      outer loop
         vertex -0.0027307 0.00124229 0
         vertex -0.00280933 0.00105247 0
         vertex -0.00374171 0.00154987 0
      endloop
   endfacet
   facet normal 0 0 -1
      outer loop
         vertex -0.0027307 0.00124229 0
         vertex -0.00286378 0.00286378 0
         vertex -0.0024412 0.00174371 0
      endloop
   endfacet
   facet normal 0 0 -1
      outer loop
         vertex -0.00174371 0.0024412 0
         vertex -0.00190671 0.00231613 0
         vertex -0.00286378 0.00286378 0
      endloop
   endfacet
   facet normal 0 0 -1
      outer loop
         vertex -0.00105247 0.00280933 0
         vertex 2.47991e-19 0.00405 0
         vertex -0.000493199 0.00295918 0
      endloop
   endfacet
   facet normal 0 0 -1
      outer loop
         vertex 0.00105247 0.00280933 0
         vertex 0.00067293 0.00251141 0
         vertex 0.000493199 0.00295918 0
      endloop
   endfacet
   facet normal 0 0 -1
      outer loop
         vertex 0.00124229 -0.0027307 0
         vertex 0.0013 -0.00225167 0
         vertex 0.00174371 -0.0024412 0
      endloop
   endfacet
   facet normal 0 0 -1
      outer loop
         vertex 0.000493199 -0.00295918 0
         vertex 0.00067293 -0.00251141 0
         vertex 0.00105247 -0.00280933 0
      endloop
   endfacet
   facet normal 0 0 -1
      outer loop
         vertex -0.00105247 -0.00280933 0
         vertex -0.00067293 -0.00251141 0
         vertex -0.000493199 -0.00295918 0
      endloop
   endfacet
   facet normal 0 0 -1
      outer loop
         vertex -0.00190671 -0.00231613 0
         vertex -0.00286378 -0.00286378 0
         vertex -0.00231613 -0.00190671 0
      endloop
   endfacet
   facet normal 0 0 -1
      outer loop
         vertex -0.00280933 0.00105247 0
         vertex -0.00251141 0.00067293 0
         vertex -0.00295918 0.000493199 0
      endloop
   endfacet
   facet normal 0 0 -1
      outer loop
         vertex -0.00231613 0.00190671 0
         vertex -0.0024412 0.00174371 0
         vertex -0.00286378 0.00286378 0
      endloop
   endfacet
   facet normal 0 0 -1
      outer loop
         vertex -0.000289499 0.002986 0
         vertex -0.000493199 0.00295918 0
         vertex 2.47991e-19 0.00405 0
      endloop
   endfacet
   facet normal 0 0 -1
      outer loop
         vertex 0.00174371 0.0024412 0
         vertex 0.0013 0.00225167 0
         vertex 0.00124229 0.0027307 0
      endloop
   endfacet
   facet normal 0 0 -1
      outer loop
         vertex 0.00105247 -0.00280933 0
         vertex 0.00154987 -0.00374171 0
         vertex 0.000493199 -0.00295918 0
      endloop
   endfacet
   facet normal 0 0 -1
      outer loop
         vertex -0.00174371 -0.0024412 0
         vertex -0.0013 -0.00225167 0
         vertex -0.00124229 -0.0027307 0
      endloop
   endfacet
   facet normal 0 0 -1
      outer loop
         vertex -0.00405 4.95982e-19 0
         vertex -0.002986 -0.000289499 0
         vertex -0.00295918 -0.000493199 0
      endloop
   endfacet
   facet normal 0 0 -1
      outer loop
         vertex -0.002986 0.000289499 0
         vertex -0.0026 2.72336e-17 0
         vertex -0.002986 -0.000289499 0
      endloop
   endfacet
   facet normal 0 0 -1
      outer loop
         vertex -0.0024412 0.00174371 0
         vertex -0.00225167 0.0013 0
         vertex -0.0027307 0.00124229 0
      endloop
   endfacet
   facet normal 0 0 -1
      outer loop
         vertex 0.00124229 0.0027307 0
         vertex 0.00154987 0.00374171 0
         vertex 0.00174371 0.0024412 0
      endloop
   endfacet
   facet normal 0 0 -1
      outer loop
         vertex 0.000493199 -0.00295918 0
         vertex 0.00154987 -0.00374171 0
         vertex -7.43973e-19 -0.00405 0
      endloop
   endfacet
   facet normal 0 0 -1
      outer loop
         vertex -0.002986 -0.000289499 0
         vertex -0.00405 4.95982e-19 0
         vertex -0.002986 0.000289499 0
      endloop
   endfacet
   facet normal 0 0 -1
      outer loop
         vertex -0.000493199 0.00295918 0
         vertex -0.00067293 0.00251141 0
         vertex -0.00105247 0.00280933 0
      endloop
   endfacet
   facet normal 0 0 -1
      outer loop
         vertex -0.00295918 -0.000493199 0
         vertex -0.00374171 -0.00154987 0
         vertex -0.00405 4.95982e-19 0
      endloop
   endfacet
   facet normal 0 0 -1
      outer loop
         vertex 0.00174371 0.0024412 0
         vertex 0.00154987 0.00374171 0
         vertex 0.00286378 0.00286378 0
      endloop
   endfacet
   facet normal 0 0 -1
      outer loop
         vertex -0.00295918 0.000493199 0
         vertex -0.002986 0.000289499 0
         vertex -0.00405 4.95982e-19 0
      endloop
   endfacet
   facet normal 0 0 -1
      outer loop
         vertex 0.00225167 0.0013 0.003
         vertex 0.0027307 0.00124229 0.003
         vertex 0.00280933 0.00105247 0.003
      endloop
   endfacet
   facet normal 0 0 -1
      outer loop
         vertex 0.00225167 0.0013 0.003
         vertex 0.00183848 0.00183848 0.003
         vertex 0.00231613 0.00190671 0.003
      endloop
   endfacet
   facet normal 0 0 -1
      outer loop
         vertex 0.00251141 0.00067293 0.003
         vertex 0.00295918 0.000493199 0.003
         vertex 0.002986 0.000289499 0.003
      endloop
   endfacet
   facet normal 0 0 -1
      outer loop
         vertex 0.00280933 0.00105247 0.003
         vertex 0.00251141 0.00067293 0.003
         vertex 0.00225167 0.0013 0.003
      endloop
   endfacet
   facet normal 0 0 -1
      outer loop
         vertex 0.00231613 0.00190671 0.003
         vertex 0.0024412 0.00174371 0.003
         vertex 0.00225167 0.0013 0.003
      endloop
   endfacet
   facet normal 0 0 -1
      outer loop
         vertex -0.00225167 -0.0013 0.003
         vertex -0.0027307 -0.00124229 0.003
         vertex -0.00280933 -0.00105247 0.003
      endloop
   endfacet
   facet normal 0 0 -1
      outer loop
         vertex -0.00225167 -0.0013 0.003
         vertex -0.0015706 -0.000650562 0.003
         vertex -0.00120208 -0.00120208 0.003
      endloop
   endfacet
   facet normal 0 0 -1
      outer loop
         vertex -0.00225167 -0.0013 0.003
         vertex -0.00183848 -0.00183848 0.003
         vertex -0.00231613 -0.00190671 0.003
      endloop
   endfacet
   facet normal 0 0 -1
      outer loop
         vertex 0.00251141 -0.00067293 0.003
         vertex 0.0015706 -0.000650562 0.003
         vertex 0.0017 2.0819e-19 0.003
      endloop
   endfacet
   facet normal 0 0 -1
      outer loop
         vertex 0.00251141 -0.00067293 0.003
         vertex 0.0026 -9.07941e-18 0.003
         vertex 0.002986 -0.000289499 0.003
      endloop
   endfacet
   facet normal 0 0 -1
      outer loop
         vertex 0.002986 0.000289499 0.003
         vertex 0.0026 -9.07941e-18 0.003
         vertex 0.00251141 0.00067293 0.003
      endloop
   endfacet
   facet normal 0 0 -1
      outer loop
         vertex 0.00225167 0.0013 0.003
         vertex 0.0017 2.0819e-19 0.003
         vertex 0.00183848 0.00183848 0.003
      endloop
   endfacet
   facet normal 0 0 -1
      outer loop
         vertex 0.0013 0.00225167 0.003
         vertex 0.00120208 0.00120208 0.003
         vertex 0.000650562 0.0015706 0.003
      endloop
   endfacet
   facet normal 0 0 -1
      outer loop
         vertex 0.0013 0.00225167 0.003
         vertex 0.00067293 0.00251141 0.003
         vertex 0.00105247 0.00280933 0.003
      endloop
   endfacet
   facet normal 0 0 -1
      outer loop
         vertex -0.00251141 -0.00067293 0.003
         vertex -0.00295918 -0.000493199 0.003
         vertex -0.002986 -0.000289499 0.003
      endloop
   endfacet
   facet normal 0 0 -1
      outer loop
         vertex -0.00251141 -0.00067293 0.003
         vertex -0.0026 2.71422e-17 0.003
         vertex -0.0017 -4.1638e-19 0.003
      endloop
   endfacet
   facet normal 0 0 -1
      outer loop
         vertex -0.00251141 -0.00067293 0.003
         vertex -0.0015706 -0.000650562 0.003
         vertex -0.00225167 -0.0013 0.003
      endloop
   endfacet
   facet normal 0 0 -1
      outer loop
         vertex -0.00231613 -0.00190671 0.003
         vertex -0.0024412 -0.00174371 0.003
         vertex -0.00225167 -0.0013 0.003
      endloop
   endfacet
   facet normal 0 0 -1
      outer loop
         vertex -0.0013 -0.00225167 0.003
         vertex -0.00067293 -0.00251141 0.003
         vertex -0.00105247 -0.00280933 0.003
      endloop
   endfacet
   facet normal 0 0 -1
      outer loop
         vertex -0.00067293 -0.00251141 0.003
         vertex -0.000650562 -0.0015706 0.003
         vertex 3.12285e-19 -0.0017 0.003
      endloop
   endfacet
   facet normal 0 0 -1
      outer loop
         vertex -0.00067293 -0.00251141 0.003
         vertex 4.06576e-20 -0.0026 0.003
         vertex -0.000289499 -0.002986 0.003
      endloop
   endfacet
   facet normal 0 0 -1
      outer loop
         vertex 0.00067293 -0.00251141 0.003
         vertex 0.0013 -0.00225167 0.003
         vertex 0.00124229 -0.0027307 0.003
      endloop
   endfacet
   facet normal 0 0 -1
      outer loop
         vertex 0.0013 -0.00225167 0.003
         vertex 0.000650562 -0.0015706 0.003
         vertex 0.00120208 -0.00120208 0.003
      endloop
   endfacet
   facet normal 0 0 -1
      outer loop
         vertex 0.0013 -0.00225167 0.003
         vertex 0.00183848 -0.00183848 0.003
         vertex 0.00190671 -0.00231613 0.003
      endloop
   endfacet
   facet normal 0 0 -1
      outer loop
         vertex 0.00251141 -0.00067293 0.003
         vertex 0.00280933 -0.00105247 0.003
         vertex 0.0027307 -0.00124229 0.003
      endloop
   endfacet
   facet normal 0 0 -1
      outer loop
         vertex 0.002986 -0.000289499 0.003
         vertex 0.00295918 -0.000493199 0.003
         vertex 0.00251141 -0.00067293 0.003
      endloop
   endfacet
   facet normal 0 0 -1
      outer loop
         vertex 0.00251141 0.00067293 0.003
         vertex 0.0017 2.0819e-19 0.003
         vertex 0.00225167 0.0013 0.003
      endloop
   endfacet
   facet normal 0 0 -1
      outer loop
         vertex 0.00105247 0.00280933 0.003
         vertex 0.00124229 0.0027307 0.003
         vertex 0.0013 0.00225167 0.003
      endloop
   endfacet
   facet normal 0 0 -1
      outer loop
         vertex -0.0017 -4.1638e-19 0.003
         vertex -0.0015706 -0.000650562 0.003
         vertex -0.00251141 -0.00067293 0.003
      endloop
   endfacet
   facet normal 0 0 -1
      outer loop
         vertex -0.00120208 -0.00120208 0.003
         vertex -0.00183848 -0.00183848 0.003
         vertex -0.00225167 -0.0013 0.003
      endloop
   endfacet
   facet normal 0 0 -1
      outer loop
         vertex -0.00183848 -0.00183848 0.003
         vertex -0.0013 -0.00225167 0.003
         vertex -0.00174371 -0.0024412 0.003
      endloop
   endfacet
   facet normal 0 0 -1
      outer loop
         vertex -0.0013 -0.00225167 0.003
         vertex -0.00183848 -0.00183848 0.003
         vertex -0.00120208 -0.00120208 0.003
      endloop
   endfacet
   facet normal 0 0 -1
      outer loop
         vertex -0.0013 -0.00225167 0.003
         vertex -0.000650562 -0.0015706 0.003
         vertex -0.00067293 -0.00251141 0.003
      endloop
   endfacet
   facet normal 0 0 -1
      outer loop
         vertex -0.000289499 -0.002986 0.003
         vertex -0.000493199 -0.00295918 0.003
         vertex -0.00067293 -0.00251141 0.003
      endloop
   endfacet
   facet normal 0 0 -1
      outer loop
         vertex 0.00067293 -0.00251141 0.003
         vertex 0.000493199 -0.00295918 0.003
         vertex 0.000289499 -0.002986 0.003
      endloop
   endfacet
   facet normal 0 0 -1
      outer loop
         vertex 0.00067293 -0.00251141 0.003
         vertex 4.06576e-20 -0.0026 0.003
         vertex 3.12285e-19 -0.0017 0.003
      endloop
   endfacet
   facet normal 0 0 -1
      outer loop
         vertex 0.00124229 -0.0027307 0.003
         vertex 0.00105247 -0.00280933 0.003
         vertex 0.00067293 -0.00251141 0.003
      endloop
   endfacet
   facet normal 0 0 -1
      outer loop
         vertex 0.00190671 -0.00231613 0.003
         vertex 0.00174371 -0.0024412 0.003
         vertex 0.0013 -0.00225167 0.003
      endloop
   endfacet
   facet normal 0 0 -1
      outer loop
         vertex 0.00183848 -0.00183848 0.003
         vertex 0.00225167 -0.0013 0.003
         vertex 0.0024412 -0.00174371 0.003
      endloop
   endfacet
   facet normal 0 0 -1
      outer loop
         vertex 0.00225167 -0.0013 0.003
         vertex 0.00183848 -0.00183848 0.003
         vertex 0.00120208 -0.00120208 0.003
      endloop
   endfacet
   facet normal 0 0 -1
      outer loop
         vertex 0.0027307 -0.00124229 0.003
         vertex 0.00225167 -0.0013 0.003
         vertex 0.00251141 -0.00067293 0.003
      endloop
   endfacet
   facet normal 0 0 -1
      outer loop
         vertex 0.0026 -9.07941e-18 0.003
         vertex 0.0017 2.0819e-19 0.003
         vertex 0.00251141 0.00067293 0.003
      endloop
   endfacet
   facet normal 0 0 -1
      outer loop
         vertex 0.0013 0.00225167 0.003
         vertex 0.00174371 0.0024412 0.003
         vertex 0.00190671 0.00231613 0.003
      endloop
   endfacet
   facet normal 0 0 -1
      outer loop
         vertex 0.0013 0.00225167 0.003
         vertex 0.0015706 0.000650562 0.003
         vertex 0.00120208 0.00120208 0.003
      endloop
   endfacet
   facet normal 0 0 -1
      outer loop
         vertex 0.00067293 0.00251141 0.003
         vertex 0.000650562 0.0015706 0.003
         vertex 2.73381e-19 0.0017 0.003
      endloop
   endfacet
   facet normal 0 0 -1
      outer loop
         vertex 0.00067293 0.00251141 0.003
         vertex -4.06576e-20 0.0026 0.003
         vertex 0.000289499 0.002986 0.003
      endloop
   endfacet
   facet normal 0 0 -1
      outer loop
         vertex -0.00280933 -0.00105247 0.003
         vertex -0.00251141 -0.00067293 0.003
         vertex -0.00225167 -0.0013 0.003
      endloop
   endfacet
   facet normal 0 0 -1
      outer loop
         vertex -0.00120208 -0.00120208 0.003
         vertex -0.000650562 -0.0015706 0.003
         vertex -0.0013 -0.00225167 0.003
      endloop
   endfacet
   facet normal 0 0 -1
      outer loop
         vertex 3.12285e-19 -0.0017 0.003
         vertex 4.06576e-20 -0.0026 0.003
         vertex -0.00067293 -0.00251141 0.003
      endloop
   endfacet
   facet normal 0 0 -1
      outer loop
         vertex 3.12285e-19 -0.0017 0.003
         vertex 0.000650562 -0.0015706 0.003
         vertex 0.00067293 -0.00251141 0.003
      endloop
   endfacet
   facet normal 0 0 -1
      outer loop
         vertex 0.00120208 -0.00120208 0.003
         vertex 0.00183848 -0.00183848 0.003
         vertex 0.0013 -0.00225167 0.003
      endloop
   endfacet
   facet normal 0 0 -1
      outer loop
         vertex 0.00120208 -0.00120208 0.003
         vertex 0.0015706 -0.000650562 0.003
         vertex 0.00225167 -0.0013 0.003
      endloop
   endfacet
   facet normal 0 0 -1
      outer loop
         vertex 0.0017 2.0819e-19 0.003
         vertex 0.0026 -9.07941e-18 0.003
         vertex 0.00251141 -0.00067293 0.003
      endloop
   endfacet
   facet normal 0 0 -1
      outer loop
         vertex 0.00190671 0.00231613 0.003
         vertex 0.00183848 0.00183848 0.003
         vertex 0.0013 0.00225167 0.003
      endloop
   endfacet
   facet normal 0 0 -1
      outer loop
         vertex 0.0013 0.00225167 0.003
         vertex 0.0017 2.0819e-19 0.003
         vertex 0.0015706 0.000650562 0.003
      endloop
   endfacet
   facet normal 0 0 -1
      outer loop
         vertex 0.000289499 0.002986 0.003
         vertex 0.000493199 0.00295918 0.003
         vertex 0.00067293 0.00251141 0.003
      endloop
   endfacet
   facet normal 0 0 -1
      outer loop
         vertex -0.00067293 0.00251141 0.003
         vertex -0.000493199 0.00295918 0.003
         vertex -0.000289499 0.002986 0.003
      endloop
   endfacet
   facet normal 0 0 -1
      outer loop
         vertex -0.00067293 0.00251141 0.003
         vertex -4.06576e-20 0.0026 0.003
         vertex 2.73381e-19 0.0017 0.003
      endloop
   endfacet
   facet normal 0 0 -1
      outer loop
         vertex -0.00067293 0.00251141 0.003
         vertex -0.0013 0.00225167 0.003
         vertex -0.00124229 0.0027307 0.003
      endloop
   endfacet
   facet normal 0 0 -1
      outer loop
         vertex -0.0013 0.00225167 0.003
         vertex -0.000650562 0.0015706 0.003
         vertex -0.00120208 0.00120208 0.003
      endloop
   endfacet
   facet normal 0 0 -1
      outer loop
         vertex -0.00183848 0.00183848 0.003
         vertex -0.00190671 0.00231613 0.003
         vertex -0.00174371 0.0024412 0.003
      endloop
   endfacet
   facet normal 0 0 -1
      outer loop
         vertex -0.00174371 -0.0024412 0.003
         vertex -0.00190671 -0.00231613 0.003
         vertex -0.00183848 -0.00183848 0.003
      endloop
   endfacet
   facet normal 0 0 -1
      outer loop
         vertex 0.000289499 -0.002986 0.003
         vertex 4.06576e-20 -0.0026 0.003
         vertex 0.00067293 -0.00251141 0.003
      endloop
   endfacet
   facet normal 0 0 -1
      outer loop
         vertex 0.0024412 -0.00174371 0.003
         vertex 0.00231613 -0.00190671 0.003
         vertex 0.00183848 -0.00183848 0.003
      endloop
   endfacet
   facet normal 0 0 -1
      outer loop
         vertex 0.00183848 0.00183848 0.003
         vertex 0.0017 2.0819e-19 0.003
         vertex 0.0013 0.00225167 0.003
      endloop
   endfacet
   facet normal 0 0 -1
      outer loop
         vertex 2.73381e-19 0.0017 0.003
         vertex -4.06576e-20 0.0026 0.003
         vertex 0.00067293 0.00251141 0.003
      endloop
   endfacet
   facet normal 0 0 -1
      outer loop
         vertex 2.73381e-19 0.0017 0.003
         vertex -0.000650562 0.0015706 0.003
         vertex -0.00067293 0.00251141 0.003
      endloop
   endfacet
   facet normal 0 0 -1
      outer loop
         vertex -0.00067293 0.00251141 0.003
         vertex -0.000650562 0.0015706 0.003
         vertex -0.0013 0.00225167 0.003
      endloop
   endfacet
   facet normal 0 0 -1
      outer loop
         vertex -0.00174371 0.0024412 0.003
         vertex -0.0013 0.00225167 0.003
         vertex -0.00183848 0.00183848 0.003
      endloop
   endfacet
   facet normal 0 0 -1
      outer loop
         vertex -0.00225167 0.0013 0.003
         vertex -0.00251141 0.00067293 0.003
         vertex -0.00280933 0.00105247 0.003
      endloop
   endfacet
   facet normal 0 0 -1
      outer loop
         vertex -0.00251141 0.00067293 0.003
         vertex -0.0015706 0.000650562 0.003
         vertex -0.0017 -4.1638e-19 0.003
      endloop
   endfacet
   facet normal 0 0 -1
      outer loop
         vertex -0.00251141 0.00067293 0.003
         vertex -0.0026 2.71422e-17 0.003
         vertex -0.002986 0.000289499 0.003
      endloop
   endfacet
   facet normal 0 0 -1
      outer loop
         vertex -0.00105247 -0.00280933 0.003
         vertex -0.00124229 -0.0027307 0.003
         vertex -0.0013 -0.00225167 0.003
      endloop
   endfacet
   facet normal 0 0 -1
      outer loop
         vertex 0.00225167 -0.0013 0.003
         vertex 0.0015706 -0.000650562 0.003
         vertex 0.00251141 -0.00067293 0.003
      endloop
   endfacet
   facet normal 0 0 -1
      outer loop
         vertex -0.000289499 0.002986 0.003
         vertex -4.06576e-20 0.0026 0.003
         vertex -0.00067293 0.00251141 0.003
      endloop
   endfacet
   facet normal 0 0 -1
      outer loop
         vertex -0.00120208 0.00120208 0.003
         vertex -0.00183848 0.00183848 0.003
         vertex -0.0013 0.00225167 0.003
      endloop
   endfacet
   facet normal 0 0 -1
      outer loop
         vertex -0.00225167 0.0013 0.003
         vertex -0.0024412 0.00174371 0.003
         vertex -0.00231613 0.00190671 0.003
      endloop
   endfacet
   facet normal 0 0 -1
      outer loop
         vertex -0.00225167 0.0013 0.003
         vertex -0.00183848 0.00183848 0.003
         vertex -0.00120208 0.00120208 0.003
      endloop
   endfacet
   facet normal 0 0 -1
      outer loop
         vertex -0.00225167 0.0013 0.003
         vertex -0.0015706 0.000650562 0.003
         vertex -0.00251141 0.00067293 0.003
      endloop
   endfacet
   facet normal 0 0 -1
      outer loop
         vertex -0.002986 0.000289499 0.003
         vertex -0.00295918 0.000493199 0.003
         vertex -0.00251141 0.00067293 0.003
      endloop
   endfacet
   facet normal 0 0 -1
      outer loop
         vertex 0.00067293 -0.00251141 0.003
         vertex 0.000650562 -0.0015706 0.003
         vertex 0.0013 -0.00225167 0.003
      endloop
   endfacet
   facet normal 0 0 -1
      outer loop
         vertex -0.00124229 0.0027307 0.003
         vertex -0.00105247 0.00280933 0.003
         vertex -0.00067293 0.00251141 0.003
      endloop
   endfacet
   facet normal 0 0 -1
      outer loop
         vertex -0.00120208 0.00120208 0.003
         vertex -0.0015706 0.000650562 0.003
         vertex -0.00225167 0.0013 0.003
      endloop
   endfacet
   facet normal 0 0 -1
      outer loop
         vertex -0.0017 -4.1638e-19 0.003
         vertex -0.0026 2.71422e-17 0.003
         vertex -0.00251141 0.00067293 0.003
      endloop
   endfacet
   facet normal 0 0 -1
      outer loop
         vertex 0.000650562 0.0015706 0.003
         vertex 0.00067293 0.00251141 0.003
         vertex 0.0013 0.00225167 0.003
      endloop
   endfacet
   facet normal 0 0 -1
      outer loop
         vertex -0.00280933 0.00105247 0.003
         vertex -0.0027307 0.00124229 0.003
         vertex -0.00225167 0.0013 0.003
      endloop
   endfacet
   facet normal 0 0 -1
      outer loop
         vertex -0.00231613 0.00190671 0.003
         vertex -0.00183848 0.00183848 0.003
         vertex -0.00225167 0.0013 0.003
      endloop
   endfacet
   facet normal 0 0 -1
      outer loop
         vertex -0.002986 -0.000289499 0.003
         vertex -0.0026 2.71422e-17 0.003
         vertex -0.00251141 -0.00067293 0.003
      endloop
   endfacet
   facet normal 0.414095 -0.910234 0
      outer loop
         vertex -0.00124229 0.0027307 0
         vertex -0.00105247 0.00280933 0
         vertex -0.00105247 0.00280933 0.003
      endloop
   endfacet
   facet normal 0.350823 -0.936442 0
      outer loop
         vertex -0.00105247 0.00280933 0.003
         vertex -0.00124229 0.0027307 0.003
         vertex -0.00124229 0.0027307 0
      endloop
   endfacet
   facet normal 0.635571 -0.772042 0
      outer loop
         vertex -0.00190671 0.00231613 0
         vertex -0.00174371 0.0024412 0
         vertex -0.00174371 0.0024412 0.003
      endloop
   endfacet
   facet normal 0.581238 -0.813734 0
      outer loop
         vertex -0.00174371 0.0024412 0.003
         vertex -0.00190671 0.00231613 0.003
         vertex -0.00190671 0.00231613 0
      endloop
   endfacet
   facet normal 0.813734 -0.581238 0
      outer loop
         vertex -0.0024412 0.00174371 0
         vertex -0.00231613 0.00190671 0
         vertex -0.00231613 0.00190671 0.003
      endloop
   endfacet
   facet normal 0.772042 -0.635571 0
      outer loop
         vertex -0.00231613 0.00190671 0.003
         vertex -0.0024412 0.00174371 0.003
         vertex -0.0024412 0.00174371 0
      endloop
   endfacet
   facet normal 0.936442 -0.350823 0
      outer loop
         vertex -0.00280933 0.00105247 0
         vertex -0.0027307 0.00124229 0
         vertex -0.0027307 0.00124229 0.003
      endloop
   endfacet
   facet normal 0.910234 -0.414095 0
      outer loop
         vertex -0.0027307 0.00124229 0.003
         vertex -0.00280933 0.00105247 0.003
         vertex -0.00280933 0.00105247 0
      endloop
   endfacet
   facet normal 0.995333 -0.0964998 0
      outer loop
         vertex -0.002986 0.000289499 0
         vertex -0.00295918 0.000493199 0
         vertex -0.00295918 0.000493199 0.003
      endloop
   endfacet
   facet normal 0.986394 -0.1644 0
      outer loop
         vertex -0.00295918 0.000493199 0.003
         vertex -0.002986 0.000289499 0.003
         vertex -0.002986 0.000289499 0
      endloop
   endfacet
   facet normal 0.986394 0.1644 0
      outer loop
         vertex -0.00295918 -0.000493199 0
         vertex -0.002986 -0.000289499 0
         vertex -0.002986 -0.000289499 0.003
      endloop
   endfacet
   facet normal 0.995333 0.0964998 0
      outer loop
         vertex -0.002986 -0.000289499 0.003
         vertex -0.00295918 -0.000493199 0.003
         vertex -0.00295918 -0.000493199 0
      endloop
   endfacet
   facet normal 0.910234 0.414095 0
      outer loop
         vertex -0.0027307 -0.00124229 0
         vertex -0.00280933 -0.00105247 0
         vertex -0.00280933 -0.00105247 0.003
      endloop
   endfacet
   facet normal 0.936442 0.350823 0
      outer loop
         vertex -0.00280933 -0.00105247 0.003
         vertex -0.0027307 -0.00124229 0.003
         vertex -0.0027307 -0.00124229 0
      endloop
   endfacet
   facet normal 0.772042 0.635571 0
      outer loop
         vertex -0.00231613 -0.00190671 0
         vertex -0.0024412 -0.00174371 0
         vertex -0.0024412 -0.00174371 0.003
      endloop
   endfacet
   facet normal 0.813734 0.581238 0
      outer loop
         vertex -0.0024412 -0.00174371 0.003
         vertex -0.00231613 -0.00190671 0.003
         vertex -0.00231613 -0.00190671 0
      endloop
   endfacet
   facet normal 0.581238 0.813734 0
      outer loop
         vertex -0.00174371 -0.0024412 0
         vertex -0.00190671 -0.00231613 0
         vertex -0.00190671 -0.00231613 0.003
      endloop
   endfacet
   facet normal 0.635571 0.772042 0
      outer loop
         vertex -0.00190671 -0.00231613 0.003
         vertex -0.00174371 -0.0024412 0.003
         vertex -0.00174371 -0.0024412 0
      endloop
   endfacet
   facet normal 0.350823 0.936442 0
      outer loop
         vertex -0.00105247 -0.00280933 0
         vertex -0.00124229 -0.0027307 0
         vertex -0.00124229 -0.0027307 0.003
      endloop
   endfacet
   facet normal 0.414095 0.910234 0
      outer loop
         vertex -0.00124229 -0.0027307 0.003
         vertex -0.00105247 -0.00280933 0.003
         vertex -0.00105247 -0.00280933 0
      endloop
   endfacet
   facet normal 0.0964998 0.995333 0
      outer loop
         vertex -0.000289499 -0.002986 0
         vertex -0.000493199 -0.00295918 0
         vertex -0.000493199 -0.00295918 0.003
      endloop
   endfacet
   facet normal 0.1644 0.986394 0
      outer loop
         vertex -0.000493199 -0.00295918 0.003
         vertex -0.000289499 -0.002986 0.003
         vertex -0.000289499 -0.002986 0
      endloop
   endfacet
   facet normal -0.1644 0.986394 0
      outer loop
         vertex 0.000493199 -0.00295918 0
         vertex 0.000289499 -0.002986 0
         vertex 0.000289499 -0.002986 0.003
      endloop
   endfacet
   facet normal -0.0964998 0.995333 0
      outer loop
         vertex 0.000289499 -0.002986 0.003
         vertex 0.000493199 -0.00295918 0.003
         vertex 0.000493199 -0.00295918 0
      endloop
   endfacet
   facet normal -0.414095 0.910234 0
      outer loop
         vertex 0.00124229 -0.0027307 0
         vertex 0.00105247 -0.00280933 0
         vertex 0.00105247 -0.00280933 0.003
      endloop
   endfacet
   facet normal -0.350823 0.936442 0
      outer loop
         vertex 0.00105247 -0.00280933 0.003
         vertex 0.00124229 -0.0027307 0.003
         vertex 0.00124229 -0.0027307 0
      endloop
   endfacet
   facet normal -0.635571 0.772042 0
      outer loop
         vertex 0.00190671 -0.00231613 0
         vertex 0.00174371 -0.0024412 0
         vertex 0.00174371 -0.0024412 0.003
      endloop
   endfacet
   facet normal -0.581238 0.813734 0
      outer loop
         vertex 0.00174371 -0.0024412 0.003
         vertex 0.00190671 -0.00231613 0.003
         vertex 0.00190671 -0.00231613 0
      endloop
   endfacet
   facet normal -0.813734 0.581238 0
      outer loop
         vertex 0.0024412 -0.00174371 0
         vertex 0.00231613 -0.00190671 0
         vertex 0.00231613 -0.00190671 0.003
      endloop
   endfacet
   facet normal -0.772042 0.635571 0
      outer loop
         vertex 0.00231613 -0.00190671 0.003
         vertex 0.0024412 -0.00174371 0.003
         vertex 0.0024412 -0.00174371 0
      endloop
   endfacet
   facet normal -0.936442 0.350823 0
      outer loop
         vertex 0.00280933 -0.00105247 0
         vertex 0.0027307 -0.00124229 0
         vertex 0.0027307 -0.00124229 0.003
      endloop
   endfacet
   facet normal -0.910234 0.414095 0
      outer loop
         vertex 0.0027307 -0.00124229 0.003
         vertex 0.00280933 -0.00105247 0.003
         vertex 0.00280933 -0.00105247 0
      endloop
   endfacet
   facet normal -0.995333 0.0964998 0
      outer loop
         vertex 0.002986 -0.000289499 0
         vertex 0.00295918 -0.000493199 0
         vertex 0.00295918 -0.000493199 0.003
      endloop
   endfacet
   facet normal -0.986394 0.1644 0
      outer loop
         vertex 0.00295918 -0.000493199 0.003
         vertex 0.002986 -0.000289499 0.003
         vertex 0.002986 -0.000289499 0
      endloop
   endfacet
   facet normal -0.986394 -0.1644 0
      outer loop
         vertex 0.00295918 0.000493199 0
         vertex 0.002986 0.000289499 0
         vertex 0.002986 0.000289499 0.003
      endloop
   endfacet
   facet normal -0.995333 -0.0964998 0
      outer loop
         vertex 0.002986 0.000289499 0.003
         vertex 0.00295918 0.000493199 0.003
         vertex 0.00295918 0.000493199 0
      endloop
   endfacet
   facet normal -0.910234 -0.414095 0
      outer loop
         vertex 0.0027307 0.00124229 0
         vertex 0.00280933 0.00105247 0
         vertex 0.00280933 0.00105247 0.003
      endloop
   endfacet
   facet normal -0.936442 -0.350823 0
      outer loop
         vertex 0.00280933 0.00105247 0.003
         vertex 0.0027307 0.00124229 0.003
         vertex 0.0027307 0.00124229 0
      endloop
   endfacet
   facet normal -0.772042 -0.635571 0
      outer loop
         vertex 0.00231613 0.00190671 0
         vertex 0.0024412 0.00174371 0
         vertex 0.0024412 0.00174371 0.003
      endloop
   endfacet
   facet normal -0.813734 -0.581238 0
      outer loop
         vertex 0.0024412 0.00174371 0.003
         vertex 0.00231613 0.00190671 0.003
         vertex 0.00231613 0.00190671 0
      endloop
   endfacet
   facet normal -0.581238 -0.813734 0
      outer loop
         vertex 0.00174371 0.0024412 0
         vertex 0.00190671 0.00231613 0
         vertex 0.00190671 0.00231613 0.003
      endloop
   endfacet
   facet normal -0.635571 -0.772042 0
      outer loop
         vertex 0.00190671 0.00231613 0.003
         vertex 0.00174371 0.0024412 0.003
         vertex 0.00174371 0.0024412 0
      endloop
   endfacet
   facet normal -0.350823 -0.936442 0
      outer loop
         vertex 0.00105247 0.00280933 0
         vertex 0.00124229 0.0027307 0
         vertex 0.00124229 0.0027307 0.003
      endloop
   endfacet
   facet normal -0.414095 -0.910234 0
      outer loop
         vertex 0.00124229 0.0027307 0.003
         vertex 0.00105247 0.00280933 0.003
         vertex 0.00105247 0.00280933 0
      endloop
   endfacet
   facet normal -0.0964998 -0.995333 0
      outer loop
         vertex 0.000289499 0.002986 0
         vertex 0.000493199 0.00295918 0
         vertex 0.000493199 0.00295918 0.003
      endloop
   endfacet
   facet normal -0.1644 -0.986394 0
      outer loop
         vertex 0.000493199 0.00295918 0.003
         vertex 0.000289499 0.002986 0.003
         vertex 0.000289499 0.002986 0
      endloop
   endfacet
   facet normal 0.1644 -0.986394 0
      outer loop
         vertex -0.000493199 0.00295918 0
         vertex -0.000289499 0.002986 0
         vertex -0.000289499 0.002986 0.003
      endloop
   endfacet
   facet normal 0.0964998 -0.995333 0
      outer loop
         vertex -0.000289499 0.002986 0.003
         vertex -0.000493199 0.00295918 0.003
         vertex -0.000493199 0.00295918 0
      endloop
   endfacet
   facet normal -0.8 -0.6 0
      outer loop
         vertex -4.06576e-20 0.0026 0.003
         vertex -0.000289499 0.002986 0.003
         vertex -0.000289499 0.002986 0
      endloop
   endfacet
   facet normal -0.8 -0.6 0
      outer loop
         vertex -0.000289499 0.002986 0
         vertex 0 0.0026 0
         vertex -4.06576e-20 0.0026 0.003
      endloop
   endfacet
   facet normal 0.8 -0.6 0
      outer loop
         vertex 0 0.0026 0
         vertex 0.000289499 0.002986 0
         vertex 0.000289499 0.002986 0.003
      endloop
   endfacet
   facet normal 0.8 -0.6 0
      outer loop
         vertex 0.000289499 0.002986 0.003
         vertex -4.06576e-20 0.0026 0.003
         vertex 0 0.0026 0
      endloop
   endfacet
   facet normal -0.928032 -0.3725 0
      outer loop
         vertex 0.000493199 0.00295918 0
         vertex 0.00067293 0.00251141 0
         vertex 0.00067293 0.00251141 0.003
      endloop
   endfacet
   facet normal -0.928032 -0.3725 0
      outer loop
         vertex 0.00067293 0.00251141 0.003
         vertex 0.000493199 0.00295918 0.003
         vertex 0.000493199 0.00295918 0
      endloop
   endfacet
   facet normal 0.617449 -0.786611 0
      outer loop
         vertex 0.00105247 0.00280933 0.003
         vertex 0.00067293 0.00251141 0.003
         vertex 0.00067293 0.00251141 0
      endloop
   endfacet
   facet normal 0.617449 -0.786611 0
      outer loop
         vertex 0.00067293 0.00251141 0
         vertex 0.00105247 0.00280933 0
         vertex 0.00105247 0.00280933 0.003
      endloop
   endfacet
   facet normal -0.99282 -0.119615 0
      outer loop
         vertex 0.0013 0.00225167 0.003
         vertex 0.00124229 0.0027307 0.003
         vertex 0.00124229 0.0027307 0
      endloop
   endfacet
   facet normal -0.99282 -0.119615 0
      outer loop
         vertex 0.00124229 0.0027307 0
         vertex 0.0013 0.00225167 0
         vertex 0.0013 0.00225167 0.003
      endloop
   endfacet
   facet normal 0.39282 -0.919615 0
      outer loop
         vertex 0.0013 0.00225167 0
         vertex 0.00174371 0.0024412 0
         vertex 0.00174371 0.0024412 0.003
      endloop
   endfacet
   facet normal 0.39282 -0.919615 0
      outer loop
         vertex 0.00174371 0.0024412 0.003
         vertex 0.0013 0.00225167 0.003
         vertex 0.0013 0.00225167 0
      endloop
   endfacet
   facet normal -0.989949 0.141421 0
      outer loop
         vertex 0.00183848 0.00183848 0.003
         vertex 0.00190671 0.00231613 0.003
         vertex 0.00190671 0.00231613 0
      endloop
   endfacet
   facet normal -0.989949 0.141421 0
      outer loop
         vertex 0.00190671 0.00231613 0
         vertex 0.00183848 0.00183848 0
         vertex 0.00183848 0.00183848 0.003
      endloop
   endfacet
   facet normal 0.141421 -0.989949 0
      outer loop
         vertex 0.00183848 0.00183848 0
         vertex 0.00231613 0.00190671 0
         vertex 0.00231613 0.00190671 0.003
      endloop
   endfacet
   facet normal 0.141421 -0.989949 0
      outer loop
         vertex 0.00231613 0.00190671 0.003
         vertex 0.00183848 0.00183848 0.003
         vertex 0.00183848 0.00183848 0
      endloop
   endfacet
   facet normal -0.919615 0.39282 0
      outer loop
         vertex 0.00225167 0.0013 0.003
         vertex 0.0024412 0.00174371 0.003
         vertex 0.0024412 0.00174371 0
      endloop
   endfacet
   facet normal -0.919615 0.39282 0
      outer loop
         vertex 0.0024412 0.00174371 0
         vertex 0.00225167 0.0013 0
         vertex 0.00225167 0.0013 0.003
      endloop
   endfacet
   facet normal -0.119615 -0.99282 0
      outer loop
         vertex 0.00225167 0.0013 0
         vertex 0.0027307 0.00124229 0
         vertex 0.0027307 0.00124229 0.003
      endloop
   endfacet
   facet normal -0.119615 -0.99282 0
      outer loop
         vertex 0.0027307 0.00124229 0.003
         vertex 0.00225167 0.0013 0.003
         vertex 0.00225167 0.0013 0
      endloop
   endfacet
   facet normal -0.786611 0.617449 0
      outer loop
         vertex 0.00251141 0.00067293 0.003
         vertex 0.00280933 0.00105247 0.003
         vertex 0.00280933 0.00105247 0
      endloop
   endfacet
   facet normal -0.786611 0.617449 0
      outer loop
         vertex 0.00280933 0.00105247 0
         vertex 0.00251141 0.00067293 0
         vertex 0.00251141 0.00067293 0.003
      endloop
   endfacet
   facet normal -0.3725 -0.928032 0
      outer loop
         vertex 0.00251141 0.00067293 0
         vertex 0.00295918 0.000493199 0
         vertex 0.00295918 0.000493199 0.003
      endloop
   endfacet
   facet normal -0.3725 -0.928032 0
      outer loop
         vertex 0.00295918 0.000493199 0.003
         vertex 0.00251141 0.00067293 0.003
         vertex 0.00251141 0.00067293 0
      endloop
   endfacet
   facet normal -0.6 0.8 0
      outer loop
         vertex 0.0026 -9.07941e-18 0.003
         vertex 0.002986 0.000289499 0.003
         vertex 0.002986 0.000289499 0
      endloop
   endfacet
   facet normal -0.6 0.8 0
      outer loop
         vertex 0.002986 0.000289499 0
         vertex 0.0026 -9.07785e-18 0
         vertex 0.0026 -9.07941e-18 0.003
      endloop
   endfacet
   facet normal -0.6 -0.8 0
      outer loop
         vertex 0.0026 -9.07785e-18 0
         vertex 0.002986 -0.000289499 0
         vertex 0.002986 -0.000289499 0.003
      endloop
   endfacet
   facet normal -0.6 -0.8 0
      outer loop
         vertex 0.002986 -0.000289499 0.003
         vertex 0.0026 -9.07941e-18 0.003
         vertex 0.0026 -9.07785e-18 0
      endloop
   endfacet
   facet normal -0.3725 0.928032 0
      outer loop
         vertex 0.00251141 -0.00067293 0.003
         vertex 0.00295918 -0.000493199 0.003
         vertex 0.00295918 -0.000493199 0
      endloop
   endfacet
   facet normal -0.3725 0.928032 0
      outer loop
         vertex 0.00295918 -0.000493199 0
         vertex 0.00251141 -0.00067293 0
         vertex 0.00251141 -0.00067293 0.003
      endloop
   endfacet
   facet normal -0.786611 -0.617449 0
      outer loop
         vertex 0.00251141 -0.00067293 0
         vertex 0.00280933 -0.00105247 0
         vertex 0.00280933 -0.00105247 0.003
      endloop
   endfacet
   facet normal -0.786611 -0.617449 0
      outer loop
         vertex 0.00280933 -0.00105247 0.003
         vertex 0.00251141 -0.00067293 0.003
         vertex 0.00251141 -0.00067293 0
      endloop
   endfacet
   facet normal -0.119615 0.99282 0
      outer loop
         vertex 0.00225167 -0.0013 0.003
         vertex 0.0027307 -0.00124229 0.003
         vertex 0.0027307 -0.00124229 0
      endloop
   endfacet
   facet normal -0.119615 0.99282 0
      outer loop
         vertex 0.0027307 -0.00124229 0
         vertex 0.00225167 -0.0013 0
         vertex 0.00225167 -0.0013 0.003
      endloop
   endfacet
   facet normal -0.919615 -0.39282 0
      outer loop
         vertex 0.00225167 -0.0013 0
         vertex 0.0024412 -0.00174371 0
         vertex 0.0024412 -0.00174371 0.003
      endloop
   endfacet
   facet normal -0.919615 -0.39282 0
      outer loop
         vertex 0.0024412 -0.00174371 0.003
         vertex 0.00225167 -0.0013 0.003
         vertex 0.00225167 -0.0013 0
      endloop
   endfacet
   facet normal 0.141421 0.989949 0
      outer loop
         vertex 0.00183848 -0.00183848 0.003
         vertex 0.00231613 -0.00190671 0.003
         vertex 0.00231613 -0.00190671 0
      endloop
   endfacet
   facet normal 0.141421 0.989949 0
      outer loop
         vertex 0.00231613 -0.00190671 0
         vertex 0.00183848 -0.00183848 0
         vertex 0.00183848 -0.00183848 0.003
      endloop
   endfacet
   facet normal -0.989949 -0.141421 0
      outer loop
         vertex 0.00183848 -0.00183848 0
         vertex 0.00190671 -0.00231613 0
         vertex 0.00190671 -0.00231613 0.003
      endloop
   endfacet
   facet normal -0.989949 -0.141421 0
      outer loop
         vertex 0.00190671 -0.00231613 0.003
         vertex 0.00183848 -0.00183848 0.003
         vertex 0.00183848 -0.00183848 0
      endloop
   endfacet
   facet normal 0.39282 0.919615 0
      outer loop
         vertex 0.0013 -0.00225167 0.003
         vertex 0.00174371 -0.0024412 0.003
         vertex 0.00174371 -0.0024412 0
      endloop
   endfacet
   facet normal 0.39282 0.919615 0
      outer loop
         vertex 0.00174371 -0.0024412 0
         vertex 0.0013 -0.00225167 0
         vertex 0.0013 -0.00225167 0.003
      endloop
   endfacet
   facet normal -0.99282 0.119615 0
      outer loop
         vertex 0.0013 -0.00225167 0.003
         vertex 0.0013 -0.00225167 0
         vertex 0.00124229 -0.0027307 0
      endloop
   endfacet
   facet normal -0.99282 0.119615 0
      outer loop
         vertex 0.00124229 -0.0027307 0
         vertex 0.00124229 -0.0027307 0.003
         vertex 0.0013 -0.00225167 0.003
      endloop
   endfacet
   facet normal 0.617449 0.786611 0
      outer loop
         vertex 0.00067293 -0.00251141 0.003
         vertex 0.00105247 -0.00280933 0.003
         vertex 0.00105247 -0.00280933 0
      endloop
   endfacet
   facet normal 0.617449 0.786611 0
      outer loop
         vertex 0.00105247 -0.00280933 0
         vertex 0.00067293 -0.00251141 0
         vertex 0.00067293 -0.00251141 0.003
      endloop
   endfacet
   facet normal -0.928032 0.3725 0
      outer loop
         vertex 0.00067293 -0.00251141 0
         vertex 0.000493199 -0.00295918 0
         vertex 0.000493199 -0.00295918 0.003
      endloop
   endfacet
   facet normal -0.928032 0.3725 0
      outer loop
         vertex 0.000493199 -0.00295918 0.003
         vertex 0.00067293 -0.00251141 0.003
         vertex 0.00067293 -0.00251141 0
      endloop
   endfacet
   facet normal 0.8 0.6 0
      outer loop
         vertex 4.06576e-20 -0.0026 0.003
         vertex 0.000289499 -0.002986 0.003
         vertex 0.000289499 -0.002986 0
      endloop
   endfacet
   facet normal 0.8 0.6 0
      outer loop
         vertex 0.000289499 -0.002986 0
         vertex 0 -0.0026 0
         vertex 4.06576e-20 -0.0026 0.003
      endloop
   endfacet
   facet normal -0.8 0.6 0
      outer loop
         vertex 0 -0.0026 0
         vertex -0.000289499 -0.002986 0
         vertex -0.000289499 -0.002986 0.003
      endloop
   endfacet
   facet normal -0.8 0.6 0
      outer loop
         vertex -0.000289499 -0.002986 0.003
         vertex 4.06576e-20 -0.0026 0.003
         vertex 0 -0.0026 0
      endloop
   endfacet
   facet normal 0.928032 0.3725 0
      outer loop
         vertex -0.00067293 -0.00251141 0.003
         vertex -0.000493199 -0.00295918 0.003
         vertex -0.000493199 -0.00295918 0
      endloop
   endfacet
   facet normal 0.928032 0.3725 0
      outer loop
         vertex -0.000493199 -0.00295918 0
         vertex -0.00067293 -0.00251141 0
         vertex -0.00067293 -0.00251141 0.003
      endloop
   endfacet
   facet normal -0.617449 0.786611 0
      outer loop
         vertex -0.00067293 -0.00251141 0
         vertex -0.00105247 -0.00280933 0
         vertex -0.00105247 -0.00280933 0.003
      endloop
   endfacet
   facet normal -0.617449 0.786611 0
      outer loop
         vertex -0.00105247 -0.00280933 0.003
         vertex -0.00067293 -0.00251141 0.003
         vertex -0.00067293 -0.00251141 0
      endloop
   endfacet
   facet normal 0.99282 0.119615 0
      outer loop
         vertex -0.0013 -0.00225167 0.003
         vertex -0.00124229 -0.0027307 0.003
         vertex -0.00124229 -0.0027307 0
      endloop
   endfacet
   facet normal 0.99282 0.119615 0
      outer loop
         vertex -0.00124229 -0.0027307 0
         vertex -0.0013 -0.00225167 0
         vertex -0.0013 -0.00225167 0.003
      endloop
   endfacet
   facet normal -0.39282 0.919615 0
      outer loop
         vertex -0.0013 -0.00225167 0
         vertex -0.00174371 -0.0024412 0
         vertex -0.00174371 -0.0024412 0.003
      endloop
   endfacet
   facet normal -0.39282 0.919615 0
      outer loop
         vertex -0.00174371 -0.0024412 0.003
         vertex -0.0013 -0.00225167 0.003
         vertex -0.0013 -0.00225167 0
      endloop
   endfacet
   facet normal 0.989949 -0.141421 0
      outer loop
         vertex -0.00183848 -0.00183848 0.003
         vertex -0.00190671 -0.00231613 0.003
         vertex -0.00190671 -0.00231613 0
      endloop
   endfacet
   facet normal 0.989949 -0.141421 0
      outer loop
         vertex -0.00190671 -0.00231613 0
         vertex -0.00183848 -0.00183848 0
         vertex -0.00183848 -0.00183848 0.003
      endloop
   endfacet
   facet normal -0.141421 0.989949 0
      outer loop
         vertex -0.00183848 -0.00183848 0
         vertex -0.00231613 -0.00190671 0
         vertex -0.00231613 -0.00190671 0.003
      endloop
   endfacet
   facet normal -0.141421 0.989949 0
      outer loop
         vertex -0.00231613 -0.00190671 0.003
         vertex -0.00183848 -0.00183848 0.003
         vertex -0.00183848 -0.00183848 0
      endloop
   endfacet
   facet normal 0.919615 -0.39282 0
      outer loop
         vertex -0.00225167 -0.0013 0.003
         vertex -0.0024412 -0.00174371 0.003
         vertex -0.0024412 -0.00174371 0
      endloop
   endfacet
   facet normal 0.919615 -0.39282 0
      outer loop
         vertex -0.0024412 -0.00174371 0
         vertex -0.00225167 -0.0013 0
         vertex -0.00225167 -0.0013 0.003
      endloop
   endfacet
   facet normal 0.119615 0.99282 0
      outer loop
         vertex -0.00225167 -0.0013 0
         vertex -0.0027307 -0.00124229 0
         vertex -0.0027307 -0.00124229 0.003
      endloop
   endfacet
   facet normal 0.119615 0.99282 0
      outer loop
         vertex -0.0027307 -0.00124229 0.003
         vertex -0.00225167 -0.0013 0.003
         vertex -0.00225167 -0.0013 0
      endloop
   endfacet
   facet normal 0.786611 -0.617449 0
      outer loop
         vertex -0.00251141 -0.00067293 0.003
         vertex -0.00280933 -0.00105247 0.003
         vertex -0.00280933 -0.00105247 0
      endloop
   endfacet
   facet normal 0.786611 -0.617449 0
      outer loop
         vertex -0.00280933 -0.00105247 0
         vertex -0.00251141 -0.00067293 0
         vertex -0.00251141 -0.00067293 0.003
      endloop
   endfacet
   facet normal 0.3725 0.928032 0
      outer loop
         vertex -0.00251141 -0.00067293 0
         vertex -0.00295918 -0.000493199 0
         vertex -0.00295918 -0.000493199 0.003
      endloop
   endfacet
   facet normal 0.3725 0.928032 0
      outer loop
         vertex -0.00295918 -0.000493199 0.003
         vertex -0.00251141 -0.00067293 0.003
         vertex -0.00251141 -0.00067293 0
      endloop
   endfacet
   facet normal 0.6 -0.8 0
      outer loop
         vertex -0.0026 2.71422e-17 0.003
         vertex -0.002986 -0.000289499 0.003
         vertex -0.002986 -0.000289499 0
      endloop
   endfacet
   facet normal 0.6 -0.8 0
      outer loop
         vertex -0.002986 -0.000289499 0
         vertex -0.0026 2.72336e-17 0
         vertex -0.0026 2.71422e-17 0.003
      endloop
   endfacet
   facet normal 0.6 0.8 0
      outer loop
         vertex -0.0026 2.72336e-17 0
         vertex -0.002986 0.000289499 0
         vertex -0.002986 0.000289499 0.003
      endloop
   endfacet
   facet normal 0.6 0.8 0
      outer loop
         vertex -0.002986 0.000289499 0.003
         vertex -0.0026 2.71422e-17 0.003
         vertex -0.0026 2.72336e-17 0
      endloop
   endfacet
   facet normal 0.3725 -0.928032 0
      outer loop
         vertex -0.00251141 0.00067293 0.003
         vertex -0.00295918 0.000493199 0.003
         vertex -0.00295918 0.000493199 0
      endloop
   endfacet
   facet normal 0.3725 -0.928032 0
      outer loop
         vertex -0.00295918 0.000493199 0
         vertex -0.00251141 0.00067293 0
         vertex -0.00251141 0.00067293 0.003
      endloop
   endfacet
   facet normal 0.786611 0.617449 0
      outer loop
         vertex -0.00251141 0.00067293 0
         vertex -0.00280933 0.00105247 0
         vertex -0.00280933 0.00105247 0.003
      endloop
   endfacet
   facet normal 0.786611 0.617449 0
      outer loop
         vertex -0.00280933 0.00105247 0.003
         vertex -0.00251141 0.00067293 0.003
         vertex -0.00251141 0.00067293 0
      endloop
   endfacet
   facet normal 0.119615 -0.99282 0
      outer loop
         vertex -0.00225167 0.0013 0.003
         vertex -0.0027307 0.00124229 0.003
         vertex -0.0027307 0.00124229 0
      endloop
   endfacet
   facet normal 0.119615 -0.99282 0
      outer loop
         vertex -0.0027307 0.00124229 0
         vertex -0.00225167 0.0013 0
         vertex -0.00225167 0.0013 0.003
      endloop
   endfacet
   facet normal 0.919615 0.39282 0
      outer loop
         vertex -0.00225167 0.0013 0
         vertex -0.0024412 0.00174371 0
         vertex -0.0024412 0.00174371 0.003
      endloop
   endfacet
   facet normal 0.919615 0.39282 0
      outer loop
         vertex -0.0024412 0.00174371 0.003
         vertex -0.00225167 0.0013 0.003
         vertex -0.00225167 0.0013 0
      endloop
   endfacet
   facet normal -0.141421 -0.989949 0
      outer loop
         vertex -0.00183848 0.00183848 0.003
         vertex -0.00231613 0.00190671 0.003
         vertex -0.00231613 0.00190671 0
      endloop
   endfacet
   facet normal -0.141421 -0.989949 0
      outer loop
         vertex -0.00231613 0.00190671 0
         vertex -0.00183848 0.00183848 0
         vertex -0.00183848 0.00183848 0.003
      endloop
   endfacet
   facet normal 0.989949 0.141421 0
      outer loop
         vertex -0.00183848 0.00183848 0
         vertex -0.00190671 0.00231613 0
         vertex -0.00190671 0.00231613 0.003
      endloop
   endfacet
   facet normal 0.989949 0.141421 0
      outer loop
         vertex -0.00190671 0.00231613 0.003
         vertex -0.00183848 0.00183848 0.003
         vertex -0.00183848 0.00183848 0
      endloop
   endfacet
   facet normal -0.39282 -0.919615 0
      outer loop
         vertex -0.0013 0.00225167 0.003
         vertex -0.00174371 0.0024412 0.003
         vertex -0.00174371 0.0024412 0
      endloop
   endfacet
   facet normal -0.39282 -0.919615 0
      outer loop
         vertex -0.00174371 0.0024412 0
         vertex -0.0013 0.00225167 0
         vertex -0.0013 0.00225167 0.003
      endloop
   endfacet
   facet normal 0.99282 -0.119615 0
      outer loop
         vertex -0.0013 0.00225167 0
         vertex -0.00124229 0.0027307 0
         vertex -0.00124229 0.0027307 0.003
      endloop
   endfacet
   facet normal 0.99282 -0.119615 0
      outer loop
         vertex -0.00124229 0.0027307 0.003
         vertex -0.0013 0.00225167 0.003
         vertex -0.0013 0.00225167 0
      endloop
   endfacet
   facet normal -0.617449 -0.786611 0
      outer loop
         vertex -0.00067293 0.00251141 0.003
         vertex -0.00105247 0.00280933 0.003
         vertex -0.00105247 0.00280933 0
      endloop
   endfacet
   facet normal -0.617449 -0.786611 0
      outer loop
         vertex -0.00105247 0.00280933 0
         vertex -0.00067293 0.00251141 0
         vertex -0.00067293 0.00251141 0.003
      endloop
   endfacet
   facet normal 0.928032 -0.3725 0
      outer loop
         vertex -0.00067293 0.00251141 0
         vertex -0.000493199 0.00295918 0
         vertex -0.000493199 0.00295918 0.003
      endloop
   endfacet
   facet normal 0.928032 -0.3725 0
      outer loop
         vertex -0.000493199 0.00295918 0.003
         vertex -0.00067293 0.00251141 0.003
         vertex -0.00067293 0.00251141 0
      endloop
   endfacet
endsolid Servo_MG995_Star_horn. Units = meters